experiment_id,length_bucket,sample_id,key_id,key_index,seed,geometry,nominal_fraction,ai_generated_fraction,detector_score,threshold,detected,n_tokens,n_scored_positions,timestamp
0,250,250_0,075c5cf8,0,-1,none,0.0,0.0,0.4963265306122449,0.5271523178807948,False,250,245,2026-08-15T17:46:43
1,250,250_0,075c5cf8,0,20000,contiguous,0.05,0.048,0.5085714285714286,0.5271523178807948,False,250,245,2026-08-15T17:46:43
2,250,250_0,075c5cf8,0,20000,contiguous,0.1,0.1,0.5114285714285715,0.5271523178807948,False,250,245,2026-08-15T17:46:43
3,250,250_0,075c5cf8,0,20000,contiguous,0.15,0.152,0.5203252032520326,0.5271523178807948,False,250,246,2026-08-15T17:46:43
4,250,250_0,075c5cf8,0,20000,contiguous,0.2,0.2,0.5277551020408163,0.5271523178807948,True,250,245,2026-08-15T17:46:43
5,250,250_0,075c5cf8,0,20000,contiguous,0.25,0.248,0.5326530612244897,0.5271523178807948,True,250,245,2026-08-15T17:46:43
6,250,250_0,075c5cf8,0,20000,contiguous,0.3,0.3,0.5375510204081633,0.5271523178807948,True,250,245,2026-08-15T17:46:43
7,250,250_0,075c5cf8,0,20000,contiguous,0.4,0.4,0.5506122448979592,0.5271523178807948,True,250,245,2026-08-15T17:46:43
8,250,250_0,075c5cf8,0,20000,contiguous,0.5,0.5,0.5653061224489796,0.5271523178807948,True,250,245,2026-08-15T17:46:43
9,250,250_0,075c5cf8,0,20000,scattered,0.05,0.048,0.4959183673469388,0.5271523178807948,False,250,245,2026-08-15T17:46:43
10,250,250_0,075c5cf8,0,20000,scattered,0.1,0.1,0.4910204081632653,0.5271523178807948,False,250,245,2026-08-15T17:46:43
11,250,250_0,075c5cf8,0,20000,scattered,0.15,0.152,0.5065040650406504,0.5271523178807948,False,250,246,2026-08-15T17:46:43
12,250,250_0,075c5cf8,0,20000,scattered,0.2,0.2,0.5178861788617887,0.5271523178807948,False,250,246,2026-08-15T17:46:43
13,250,250_0,075c5cf8,0,20000,scattered,0.25,0.248,0.5158536585365854,0.5271523178807948,False,250,246,2026-08-15T17:46:43
14,250,250_0,075c5cf8,0,20000,scattered,0.3,0.3,0.5260162601626016,0.5271523178807948,False,250,246,2026-08-15T17:46:43
15,250,250_0,075c5cf8,0,20000,scattered,0.4,0.4,0.5346938775510204,0.5271523178807948,True,250,245,2026-08-15T17:46:43
16,250,250_0,075c5cf8,0,20000,scattered,0.5,0.5,0.5506122448979592,0.5271523178807948,True,250,245,2026-08-15T17:46:43
17,250,250_0,075c5cf8,0,20001,contiguous,0.05,0.048,0.5040816326530613,0.5271523178807948,False,250,245,2026-08-15T17:46:43
18,250,250_0,075c5cf8,0,20001,contiguous,0.1,0.1,0.5090534979423869,0.5271523178807948,False,250,243,2026-08-15T17:46:43
19,250,250_0,075c5cf8,0,20001,contiguous,0.15,0.152,0.5159836065573771,0.5271523178807948,False,250,244,2026-08-15T17:46:43
20,250,250_0,075c5cf8,0,20001,contiguous,0.2,0.2,0.5218106995884774,0.5271523178807948,False,250,243,2026-08-15T17:46:43
21,250,250_0,075c5cf8,0,20001,contiguous,0.25,0.248,0.5349794238683128,0.5271523178807948,True,250,243,2026-08-15T17:46:43
22,250,250_0,075c5cf8,0,20001,contiguous,0.3,0.3,0.5413223140495868,0.5271523178807948,True,250,242,2026-08-15T17:46:43
23,250,250_0,075c5cf8,0,20001,contiguous,0.4,0.4,0.5520661157024793,0.5271523178807948,True,250,242,2026-08-15T17:46:43
24,250,250_0,075c5cf8,0,20001,contiguous,0.5,0.5,0.5698347107438017,0.5271523178807948,True,250,242,2026-08-15T17:46:43
25,250,250_0,075c5cf8,0,20001,scattered,0.05,0.048,0.5012244897959184,0.5271523178807948,False,250,245,2026-08-15T17:46:43
26,250,250_0,075c5cf8,0,20001,scattered,0.1,0.1,0.5008163265306123,0.5271523178807948,False,250,245,2026-08-15T17:46:43
27,250,250_0,075c5cf8,0,20001,scattered,0.15,0.152,0.5077235772357723,0.5271523178807948,False,250,246,2026-08-15T17:46:43
28,250,250_0,075c5cf8,0,20001,scattered,0.2,0.2,0.515040650406504,0.5271523178807948,False,250,246,2026-08-15T17:46:43
29,250,250_0,075c5cf8,0,20001,scattered,0.25,0.248,0.5227642276422764,0.5271523178807948,False,250,246,2026-08-15T17:46:43
30,250,250_0,075c5cf8,0,20001,scattered,0.3,0.3,0.5288617886178861,0.5271523178807948,True,250,246,2026-08-15T17:46:43
31,250,250_0,075c5cf8,0,20001,scattered,0.4,0.4,0.5378048780487805,0.5271523178807948,True,250,246,2026-08-15T17:46:43
32,250,250_0,075c5cf8,0,20001,scattered,0.5,0.5,0.55,0.5271523178807948,True,250,246,2026-08-15T17:46:43
33,250,250_0,075c5cf8,0,20002,contiguous,0.05,0.048,0.5053061224489795,0.5271523178807948,False,250,245,2026-08-15T17:46:43
34,250,250_0,075c5cf8,0,20002,contiguous,0.1,0.1,0.5114285714285715,0.5271523178807948,False,250,245,2026-08-15T17:46:43
35,250,250_0,075c5cf8,0,20002,contiguous,0.15,0.152,0.5227642276422764,0.5271523178807948,False,250,246,2026-08-15T17:46:43
36,250,250_0,075c5cf8,0,20002,contiguous,0.2,0.2,0.5329268292682927,0.5271523178807948,True,250,246,2026-08-15T17:46:43
37,250,250_0,075c5cf8,0,20002,contiguous,0.25,0.248,0.5378048780487805,0.5271523178807948,True,250,246,2026-08-15T17:46:43
38,250,250_0,075c5cf8,0,20002,contiguous,0.3,0.3,0.5516260162601626,0.5271523178807948,True,250,246,2026-08-15T17:46:43
39,250,250_0,075c5cf8,0,20002,contiguous,0.4,0.4,0.5620833333333334,0.5271523178807948,True,250,240,2026-08-15T17:46:43
40,250,250_0,075c5cf8,0,20002,contiguous,0.5,0.5,0.5784810126582278,0.5271523178807948,True,250,237,2026-08-15T17:46:43
41,250,250_0,075c5cf8,0,20002,scattered,0.05,0.048,0.49918367346938775,0.5271523178807948,False,250,245,2026-08-15T17:46:43
42,250,250_0,075c5cf8,0,20002,scattered,0.1,0.1,0.5024489795918368,0.5271523178807948,False,250,245,2026-08-15T17:46:43
43,250,250_0,075c5cf8,0,20002,scattered,0.15,0.152,0.5126016260162601,0.5271523178807948,False,250,246,2026-08-15T17:46:43
44,250,250_0,075c5cf8,0,20002,scattered,0.2,0.2,0.515040650406504,0.5271523178807948,False,250,246,2026-08-15T17:46:43
45,250,250_0,075c5cf8,0,20002,scattered,0.25,0.248,0.5235772357723577,0.5271523178807948,False,250,246,2026-08-15T17:46:43
46,250,250_0,075c5cf8,0,20002,scattered,0.3,0.3,0.5276422764227642,0.5271523178807948,True,250,246,2026-08-15T17:46:43
47,250,250_0,075c5cf8,0,20002,scattered,0.4,0.4,0.5483739837398374,0.5271523178807948,True,250,246,2026-08-15T17:46:43
48,250,250_0,075c5cf8,0,20002,scattered,0.5,0.5,0.5624489795918367,0.5271523178807948,True,250,245,2026-08-15T17:46:43
49,250,250_0,075c5cf8,0,20003,contiguous,0.05,0.048,0.5057142857142857,0.5271523178807948,False,250,245,2026-08-15T17:46:43
50,250,250_0,075c5cf8,0,20003,contiguous,0.1,0.1,0.5085714285714286,0.5271523178807948,False,250,245,2026-08-15T17:46:43
51,250,250_0,075c5cf8,0,20003,contiguous,0.15,0.152,0.5139344262295082,0.5271523178807948,False,250,244,2026-08-15T17:46:43
52,250,250_0,075c5cf8,0,20003,contiguous,0.2,0.2,0.5200819672131147,0.5271523178807948,False,250,244,2026-08-15T17:46:43
53,250,250_0,075c5cf8,0,20003,contiguous,0.25,0.248,0.5290983606557377,0.5271523178807948,True,250,244,2026-08-15T17:46:43
54,250,250_0,075c5cf8,0,20003,contiguous,0.3,0.3,0.5382716049382716,0.5271523178807948,True,250,243,2026-08-15T17:46:43
55,250,250_0,075c5cf8,0,20003,contiguous,0.4,0.4,0.5435146443514645,0.5271523178807948,True,250,239,2026-08-15T17:46:43
56,250,250_0,075c5cf8,0,20003,contiguous,0.5,0.5,0.5569037656903766,0.5271523178807948,True,250,239,2026-08-15T17:46:43
57,250,250_0,075c5cf8,0,20003,scattered,0.05,0.048,0.5016326530612245,0.5271523178807948,False,250,245,2026-08-15T17:46:43
58,250,250_0,075c5cf8,0,20003,scattered,0.1,0.1,0.49918032786885247,0.5271523178807948,False,250,244,2026-08-15T17:46:43
59,250,250_0,075c5cf8,0,20003,scattered,0.15,0.152,0.5052845528455284,0.5271523178807948,False,250,246,2026-08-15T17:46:43
60,250,250_0,075c5cf8,0,20003,scattered,0.2,0.2,0.5060975609756098,0.5271523178807948,False,250,246,2026-08-15T17:46:43
61,250,250_0,075c5cf8,0,20003,scattered,0.25,0.248,0.510655737704918,0.5271523178807948,False,250,244,2026-08-15T17:46:43
62,250,250_0,075c5cf8,0,20003,scattered,0.3,0.3,0.5173553719008265,0.5271523178807948,False,250,242,2026-08-15T17:46:43
63,250,250_0,075c5cf8,0,20003,scattered,0.4,0.4,0.528395061728395,0.5271523178807948,True,250,243,2026-08-15T17:46:43
64,250,250_0,075c5cf8,0,20003,scattered,0.5,0.5,0.5366255144032922,0.5271523178807948,True,250,243,2026-08-15T17:46:43
65,250,250_0,075c5cf8,0,20004,contiguous,0.05,0.048,0.506938775510204,0.5271523178807948,False,250,245,2026-08-15T17:46:43
66,250,250_0,075c5cf8,0,20004,contiguous,0.1,0.1,0.5126530612244898,0.5271523178807948,False,250,245,2026-08-15T17:46:43
67,250,250_0,075c5cf8,0,20004,contiguous,0.15,0.152,0.5199186991869919,0.5271523178807948,False,250,246,2026-08-15T17:46:43
68,250,250_0,075c5cf8,0,20004,contiguous,0.2,0.2,0.5280487804878049,0.5271523178807948,True,250,246,2026-08-15T17:46:43
69,250,250_0,075c5cf8,0,20004,contiguous,0.25,0.248,0.5337398373983739,0.5271523178807948,True,250,246,2026-08-15T17:46:43
70,250,250_0,075c5cf8,0,20004,contiguous,0.3,0.3,0.5443089430894309,0.5271523178807948,True,250,246,2026-08-15T17:46:43
71,250,250_0,075c5cf8,0,20004,contiguous,0.4,0.4,0.5565040650406504,0.5271523178807948,True,250,246,2026-08-15T17:46:43
72,250,250_0,075c5cf8,0,20004,contiguous,0.5,0.5,0.5714285714285714,0.5271523178807948,True,250,245,2026-08-15T17:46:43
73,250,250_0,075c5cf8,0,20004,scattered,0.05,0.048,0.4987755102040816,0.5271523178807948,False,250,245,2026-08-15T17:46:43
74,250,250_0,075c5cf8,0,20004,scattered,0.1,0.1,0.5057142857142857,0.5271523178807948,False,250,245,2026-08-15T17:46:43
75,250,250_0,075c5cf8,0,20004,scattered,0.15,0.152,0.5113821138211382,0.5271523178807948,False,250,246,2026-08-15T17:46:43
76,250,250_0,075c5cf8,0,20004,scattered,0.2,0.2,0.5113821138211382,0.5271523178807948,False,250,246,2026-08-15T17:46:43
77,250,250_0,075c5cf8,0,20004,scattered,0.25,0.248,0.517479674796748,0.5271523178807948,False,250,246,2026-08-15T17:46:43
78,250,250_0,075c5cf8,0,20004,scattered,0.3,0.3,0.5247967479674797,0.5271523178807948,False,250,246,2026-08-15T17:46:43
79,250,250_0,075c5cf8,0,20004,scattered,0.4,0.4,0.5329268292682927,0.5271523178807948,True,250,246,2026-08-15T17:46:43
80,250,250_0,075c5cf8,0,20004,scattered,0.5,0.5,0.552439024390244,0.5271523178807948,True,250,246,2026-08-15T17:46:43
81,250,250_0,ba89af07,1,-1,none,0.0,0.0,0.5102040816326531,0.5290322580645161,False,250,245,2026-08-15T17:46:43
82,250,250_0,ba89af07,1,20000,contiguous,0.05,0.048,0.5126530612244898,0.5290322580645161,False,250,245,2026-08-15T17:46:43
83,250,250_0,ba89af07,1,20000,contiguous,0.1,0.1,0.5212244897959184,0.5290322580645161,False,250,245,2026-08-15T17:46:43
84,250,250_0,ba89af07,1,20000,contiguous,0.15,0.152,0.5272357723577236,0.5290322580645161,False,250,246,2026-08-15T17:46:43
85,250,250_0,ba89af07,1,20000,contiguous,0.2,0.2,0.532520325203252,0.5290322580645161,True,250,246,2026-08-15T17:46:43
86,250,250_0,ba89af07,1,20000,contiguous,0.25,0.248,0.5361788617886178,0.5290322580645161,True,250,246,2026-08-15T17:46:43
87,250,250_0,ba89af07,1,20000,contiguous,0.3,0.3,0.5471544715447154,0.5290322580645161,True,250,246,2026-08-15T17:46:43
88,250,250_0,ba89af07,1,20000,contiguous,0.4,0.4,0.5719512195121951,0.5290322580645161,True,250,246,2026-08-15T17:46:43
89,250,250_0,ba89af07,1,20000,contiguous,0.5,0.5,0.5865853658536585,0.5290322580645161,True,250,246,2026-08-15T17:46:43
90,250,250_0,ba89af07,1,20000,scattered,0.05,0.048,0.5126530612244898,0.5290322580645161,False,250,245,2026-08-15T17:46:43
91,250,250_0,ba89af07,1,20000,scattered,0.1,0.1,0.5089795918367347,0.5290322580645161,False,250,245,2026-08-15T17:46:43
92,250,250_0,ba89af07,1,20000,scattered,0.15,0.152,0.5146341463414634,0.5290322580645161,False,250,246,2026-08-15T17:46:43
93,250,250_0,ba89af07,1,20000,scattered,0.2,0.2,0.5142276422764228,0.5290322580645161,False,250,246,2026-08-15T17:46:43
94,250,250_0,ba89af07,1,20000,scattered,0.25,0.248,0.5203252032520326,0.5290322580645161,False,250,246,2026-08-15T17:46:43
95,250,250_0,ba89af07,1,20000,scattered,0.3,0.3,0.5252032520325203,0.5290322580645161,False,250,246,2026-08-15T17:46:43
96,250,250_0,ba89af07,1,20000,scattered,0.4,0.4,0.5471544715447154,0.5290322580645161,True,250,246,2026-08-15T17:46:43
97,250,250_0,ba89af07,1,20000,scattered,0.5,0.5,0.5682926829268292,0.5290322580645161,True,250,246,2026-08-15T17:46:43
98,250,250_0,ba89af07,1,20001,contiguous,0.05,0.048,0.5134693877551021,0.5290322580645161,False,250,245,2026-08-15T17:46:43
99,250,250_0,ba89af07,1,20001,contiguous,0.1,0.1,0.5220408163265307,0.5290322580645161,False,250,245,2026-08-15T17:46:43
100,250,250_0,ba89af07,1,20001,contiguous,0.15,0.152,0.5296747967479675,0.5290322580645161,True,250,246,2026-08-15T17:46:43
101,250,250_0,ba89af07,1,20001,contiguous,0.2,0.2,0.5369918699186992,0.5290322580645161,True,250,246,2026-08-15T17:46:43
102,250,250_0,ba89af07,1,20001,contiguous,0.25,0.248,0.5439024390243903,0.5290322580645161,True,250,246,2026-08-15T17:46:43
103,250,250_0,ba89af07,1,20001,contiguous,0.3,0.3,0.5516260162601626,0.5290322580645161,True,250,246,2026-08-15T17:46:43
104,250,250_0,ba89af07,1,20001,contiguous,0.4,0.4,0.5730612244897959,0.5290322580645161,True,250,245,2026-08-15T17:46:43
105,250,250_0,ba89af07,1,20001,contiguous,0.5,0.5,0.6012244897959184,0.5290322580645161,True,250,245,2026-08-15T17:46:43
106,250,250_0,ba89af07,1,20001,scattered,0.05,0.048,0.5020408163265306,0.5290322580645161,False,250,245,2026-08-15T17:46:43
107,250,250_0,ba89af07,1,20001,scattered,0.1,0.1,0.5118367346938776,0.5290322580645161,False,250,245,2026-08-15T17:46:43
108,250,250_0,ba89af07,1,20001,scattered,0.15,0.152,0.5231707317073171,0.5290322580645161,False,250,246,2026-08-15T17:46:43
109,250,250_0,ba89af07,1,20001,scattered,0.2,0.2,0.5227642276422764,0.5290322580645161,False,250,246,2026-08-15T17:46:43
110,250,250_0,ba89af07,1,20001,scattered,0.25,0.248,0.5292682926829269,0.5290322580645161,True,250,246,2026-08-15T17:46:43
111,250,250_0,ba89af07,1,20001,scattered,0.3,0.3,0.5345528455284553,0.5290322580645161,True,250,246,2026-08-15T17:46:43
112,250,250_0,ba89af07,1,20001,scattered,0.4,0.4,0.5516260162601626,0.5290322580645161,True,250,246,2026-08-15T17:46:43
113,250,250_0,ba89af07,1,20001,scattered,0.5,0.5,0.5707317073170731,0.5290322580645161,True,250,246,2026-08-15T17:46:43
114,250,250_0,ba89af07,1,20002,contiguous,0.05,0.048,0.5195918367346939,0.5290322580645161,False,250,245,2026-08-15T17:46:43
115,250,250_0,ba89af07,1,20002,contiguous,0.1,0.1,0.5171428571428571,0.5290322580645161,False,250,245,2026-08-15T17:46:43
116,250,250_0,ba89af07,1,20002,contiguous,0.15,0.152,0.5228571428571429,0.5290322580645161,False,250,245,2026-08-15T17:46:43
117,250,250_0,ba89af07,1,20002,contiguous,0.2,0.2,0.5293877551020408,0.5290322580645161,True,250,245,2026-08-15T17:46:43
118,250,250_0,ba89af07,1,20002,contiguous,0.25,0.248,0.5314285714285715,0.5290322580645161,True,250,245,2026-08-15T17:46:43
119,250,250_0,ba89af07,1,20002,contiguous,0.3,0.3,0.5385892116182572,0.5290322580645161,True,250,241,2026-08-15T17:46:43
120,250,250_0,ba89af07,1,20002,contiguous,0.4,0.4,0.5441441441441441,0.5290322580645161,True,250,222,2026-08-15T17:46:43
121,250,250_0,ba89af07,1,20002,contiguous,0.5,0.5,0.5563380281690141,0.5290322580645161,True,250,213,2026-08-15T17:46:43
122,250,250_0,ba89af07,1,20002,scattered,0.05,0.048,0.5073469387755102,0.5290322580645161,False,250,245,2026-08-15T17:46:43
123,250,250_0,ba89af07,1,20002,scattered,0.1,0.1,0.5085714285714286,0.5290322580645161,False,250,245,2026-08-15T17:46:43
124,250,250_0,ba89af07,1,20002,scattered,0.15,0.152,0.5158536585365854,0.5290322580645161,False,250,246,2026-08-15T17:46:43
125,250,250_0,ba89af07,1,20002,scattered,0.2,0.2,0.5215447154471544,0.5290322580645161,False,250,246,2026-08-15T17:46:43
126,250,250_0,ba89af07,1,20002,scattered,0.25,0.248,0.5275720164609053,0.5290322580645161,False,250,243,2026-08-15T17:46:43
127,250,250_0,ba89af07,1,20002,scattered,0.3,0.3,0.5325,0.5290322580645161,True,250,240,2026-08-15T17:46:43
128,250,250_0,ba89af07,1,20002,scattered,0.4,0.4,0.5515021459227468,0.5290322580645161,True,250,233,2026-08-15T17:46:43
129,250,250_0,ba89af07,1,20002,scattered,0.5,0.5,0.5647321428571429,0.5290322580645161,True,250,224,2026-08-15T17:46:43
130,250,250_0,ba89af07,1,20003,contiguous,0.05,0.048,0.5146938775510204,0.5290322580645161,False,250,245,2026-08-15T17:46:43
131,250,250_0,ba89af07,1,20003,contiguous,0.1,0.1,0.5240816326530612,0.5290322580645161,False,250,245,2026-08-15T17:46:43
132,250,250_0,ba89af07,1,20003,contiguous,0.15,0.152,0.5329268292682927,0.5290322580645161,True,250,246,2026-08-15T17:46:43
133,250,250_0,ba89af07,1,20003,contiguous,0.2,0.2,0.5402439024390244,0.5290322580645161,True,250,246,2026-08-15T17:46:43
134,250,250_0,ba89af07,1,20003,contiguous,0.25,0.248,0.5457142857142857,0.5290322580645161,True,250,245,2026-08-15T17:46:43
135,250,250_0,ba89af07,1,20003,contiguous,0.3,0.3,0.55125,0.5290322580645161,True,250,240,2026-08-15T17:46:43
136,250,250_0,ba89af07,1,20003,contiguous,0.4,0.4,0.5745833333333333,0.5290322580645161,True,250,240,2026-08-15T17:46:43
137,250,250_0,ba89af07,1,20003,contiguous,0.5,0.5,0.5908333333333333,0.5290322580645161,True,250,240,2026-08-15T17:46:43
138,250,250_0,ba89af07,1,20003,scattered,0.05,0.048,0.5057142857142857,0.5290322580645161,False,250,245,2026-08-15T17:46:43
139,250,250_0,ba89af07,1,20003,scattered,0.1,0.1,0.5155102040816326,0.5290322580645161,False,250,245,2026-08-15T17:46:43
140,250,250_0,ba89af07,1,20003,scattered,0.15,0.152,0.5113821138211382,0.5290322580645161,False,250,246,2026-08-15T17:46:43
141,250,250_0,ba89af07,1,20003,scattered,0.2,0.2,0.5158536585365854,0.5290322580645161,False,250,246,2026-08-15T17:46:43
142,250,250_0,ba89af07,1,20003,scattered,0.25,0.248,0.5247967479674797,0.5290322580645161,False,250,246,2026-08-15T17:46:43
143,250,250_0,ba89af07,1,20003,scattered,0.3,0.3,0.5369918699186992,0.5290322580645161,True,250,246,2026-08-15T17:46:43
144,250,250_0,ba89af07,1,20003,scattered,0.4,0.4,0.5483739837398374,0.5290322580645161,True,250,246,2026-08-15T17:46:43
145,250,250_0,ba89af07,1,20003,scattered,0.5,0.5,0.5710204081632653,0.5290322580645161,True,250,245,2026-08-15T17:46:43
146,250,250_0,ba89af07,1,20004,contiguous,0.05,0.048,0.5151020408163265,0.5290322580645161,False,250,245,2026-08-15T17:46:43
147,250,250_0,ba89af07,1,20004,contiguous,0.1,0.1,0.5269387755102041,0.5290322580645161,False,250,245,2026-08-15T17:46:43
148,250,250_0,ba89af07,1,20004,contiguous,0.15,0.152,0.53130081300813,0.5290322580645161,True,250,246,2026-08-15T17:46:43
149,250,250_0,ba89af07,1,20004,contiguous,0.2,0.2,0.5382113821138211,0.5290322580645161,True,250,246,2026-08-15T17:46:43
150,250,250_0,ba89af07,1,20004,contiguous,0.25,0.248,0.5422764227642276,0.5290322580645161,True,250,246,2026-08-15T17:46:43
151,250,250_0,ba89af07,1,20004,contiguous,0.3,0.3,0.5520325203252032,0.5290322580645161,True,250,246,2026-08-15T17:46:43
152,250,250_0,ba89af07,1,20004,contiguous,0.4,0.4,0.5718367346938775,0.5290322580645161,True,250,245,2026-08-15T17:46:43
153,250,250_0,ba89af07,1,20004,contiguous,0.5,0.5,0.5951020408163266,0.5290322580645161,True,250,245,2026-08-15T17:46:43
154,250,250_0,ba89af07,1,20004,scattered,0.05,0.048,0.5057142857142857,0.5290322580645161,False,250,245,2026-08-15T17:46:43
155,250,250_0,ba89af07,1,20004,scattered,0.1,0.1,0.5053061224489795,0.5290322580645161,False,250,245,2026-08-15T17:46:43
156,250,250_0,ba89af07,1,20004,scattered,0.15,0.152,0.5195918367346939,0.5290322580645161,False,250,245,2026-08-15T17:46:43
157,250,250_0,ba89af07,1,20004,scattered,0.2,0.2,0.5232653061224489,0.5290322580645161,False,250,245,2026-08-15T17:46:43
158,250,250_0,ba89af07,1,20004,scattered,0.25,0.248,0.5277551020408163,0.5290322580645161,False,250,245,2026-08-15T17:46:43
159,250,250_0,ba89af07,1,20004,scattered,0.3,0.3,0.528395061728395,0.5290322580645161,False,250,243,2026-08-15T17:46:43
160,250,250_0,ba89af07,1,20004,scattered,0.4,0.4,0.5367521367521367,0.5290322580645161,True,250,234,2026-08-15T17:46:43
161,250,250_0,ba89af07,1,20004,scattered,0.5,0.5,0.5618421052631579,0.5290322580645161,True,250,228,2026-08-15T17:46:43
162,250,250_0,21f80958,2,-1,none,0.0,0.0,0.5126530612244898,0.5230769230769231,False,250,245,2026-08-15T17:46:43
163,250,250_0,21f80958,2,20000,contiguous,0.05,0.048,0.5139917695473251,0.5230769230769231,False,250,243,2026-08-15T17:46:43
164,250,250_0,21f80958,2,20000,contiguous,0.1,0.1,0.5193415637860083,0.5230769230769231,False,250,243,2026-08-15T17:46:43
165,250,250_0,21f80958,2,20000,contiguous,0.15,0.152,0.5286885245901639,0.5230769230769231,True,250,244,2026-08-15T17:46:43
166,250,250_0,21f80958,2,20000,contiguous,0.2,0.2,0.5377049180327869,0.5230769230769231,True,250,244,2026-08-15T17:46:43
167,250,250_0,21f80958,2,20000,contiguous,0.25,0.248,0.5487704918032786,0.5230769230769231,True,250,244,2026-08-15T17:46:43
168,250,250_0,21f80958,2,20000,contiguous,0.3,0.3,0.5545081967213115,0.5230769230769231,True,250,244,2026-08-15T17:46:43
169,250,250_0,21f80958,2,20000,contiguous,0.4,0.4,0.5683127572016461,0.5230769230769231,True,250,243,2026-08-15T17:46:43
170,250,250_0,21f80958,2,20000,contiguous,0.5,0.5,0.5835390946502058,0.5230769230769231,True,250,243,2026-08-15T17:46:43
171,250,250_0,21f80958,2,20000,scattered,0.05,0.048,0.5114285714285715,0.5230769230769231,False,250,245,2026-08-15T17:46:43
172,250,250_0,21f80958,2,20000,scattered,0.1,0.1,0.5134693877551021,0.5230769230769231,False,250,245,2026-08-15T17:46:43
173,250,250_0,21f80958,2,20000,scattered,0.15,0.152,0.5170731707317073,0.5230769230769231,False,250,246,2026-08-15T17:46:43
174,250,250_0,21f80958,2,20000,scattered,0.2,0.2,0.5247967479674797,0.5230769230769231,True,250,246,2026-08-15T17:46:43
175,250,250_0,21f80958,2,20000,scattered,0.25,0.248,0.5353658536585366,0.5230769230769231,True,250,246,2026-08-15T17:46:43
176,250,250_0,21f80958,2,20000,scattered,0.3,0.3,0.5487804878048781,0.5230769230769231,True,250,246,2026-08-15T17:46:43
177,250,250_0,21f80958,2,20000,scattered,0.4,0.4,0.5727642276422764,0.5230769230769231,True,250,246,2026-08-15T17:46:43
178,250,250_0,21f80958,2,20000,scattered,0.5,0.5,0.5786008230452675,0.5230769230769231,True,250,243,2026-08-15T17:46:43
179,250,250_0,21f80958,2,20001,contiguous,0.05,0.048,0.5110655737704918,0.5230769230769231,False,250,244,2026-08-15T17:46:43
180,250,250_0,21f80958,2,20001,contiguous,0.1,0.1,0.5172131147540984,0.5230769230769231,False,250,244,2026-08-15T17:46:43
181,250,250_0,21f80958,2,20001,contiguous,0.15,0.152,0.5240816326530612,0.5230769230769231,True,250,245,2026-08-15T17:46:43
182,250,250_0,21f80958,2,20001,contiguous,0.2,0.2,0.5314285714285715,0.5230769230769231,True,250,245,2026-08-15T17:46:43
183,250,250_0,21f80958,2,20001,contiguous,0.25,0.248,0.5391836734693878,0.5230769230769231,True,250,245,2026-08-15T17:46:43
184,250,250_0,21f80958,2,20001,contiguous,0.3,0.3,0.5355102040816326,0.5230769230769231,True,250,245,2026-08-15T17:46:43
185,250,250_0,21f80958,2,20001,contiguous,0.4,0.4,0.5461224489795918,0.5230769230769231,True,250,245,2026-08-15T17:46:43
186,250,250_0,21f80958,2,20001,contiguous,0.5,0.5,0.5583673469387755,0.5230769230769231,True,250,245,2026-08-15T17:46:43
187,250,250_0,21f80958,2,20001,scattered,0.05,0.048,0.509795918367347,0.5230769230769231,False,250,245,2026-08-15T17:46:43
188,250,250_0,21f80958,2,20001,scattered,0.1,0.1,0.5155102040816326,0.5230769230769231,False,250,245,2026-08-15T17:46:43
189,250,250_0,21f80958,2,20001,scattered,0.15,0.152,0.5130081300813009,0.5230769230769231,False,250,246,2026-08-15T17:46:43
190,250,250_0,21f80958,2,20001,scattered,0.2,0.2,0.5166666666666667,0.5230769230769231,False,250,246,2026-08-15T17:46:43
191,250,250_0,21f80958,2,20001,scattered,0.25,0.248,0.5227642276422764,0.5230769230769231,False,250,246,2026-08-15T17:46:43
192,250,250_0,21f80958,2,20001,scattered,0.3,0.3,0.5353658536585366,0.5230769230769231,True,250,246,2026-08-15T17:46:43
193,250,250_0,21f80958,2,20001,scattered,0.4,0.4,0.5483739837398374,0.5230769230769231,True,250,246,2026-08-15T17:46:43
194,250,250_0,21f80958,2,20001,scattered,0.5,0.5,0.5601626016260163,0.5230769230769231,True,250,246,2026-08-15T17:46:43
195,250,250_0,21f80958,2,20002,contiguous,0.05,0.048,0.5171428571428571,0.5230769230769231,False,250,245,2026-08-15T17:46:43
196,250,250_0,21f80958,2,20002,contiguous,0.1,0.1,0.5216326530612245,0.5230769230769231,False,250,245,2026-08-15T17:46:43
197,250,250_0,21f80958,2,20002,contiguous,0.15,0.152,0.522633744855967,0.5230769230769231,False,250,243,2026-08-15T17:46:43
198,250,250_0,21f80958,2,20002,contiguous,0.2,0.2,0.5291666666666667,0.5230769230769231,True,250,240,2026-08-15T17:46:43
199,250,250_0,21f80958,2,20002,contiguous,0.25,0.248,0.5416666666666666,0.5230769230769231,True,250,240,2026-08-15T17:46:43
200,250,250_0,21f80958,2,20002,contiguous,0.3,0.3,0.541025641025641,0.5230769230769231,True,250,234,2026-08-15T17:46:43
201,250,250_0,21f80958,2,20002,contiguous,0.4,0.4,0.551304347826087,0.5230769230769231,True,250,230,2026-08-15T17:46:43
202,250,250_0,21f80958,2,20002,contiguous,0.5,0.5,0.5629955947136563,0.5230769230769231,True,250,227,2026-08-15T17:46:43
203,250,250_0,21f80958,2,20002,scattered,0.05,0.048,0.5155102040816326,0.5230769230769231,False,250,245,2026-08-15T17:46:43
204,250,250_0,21f80958,2,20002,scattered,0.1,0.1,0.5093877551020408,0.5230769230769231,False,250,245,2026-08-15T17:46:43
205,250,250_0,21f80958,2,20002,scattered,0.15,0.152,0.51440329218107,0.5230769230769231,False,250,243,2026-08-15T17:46:43
206,250,250_0,21f80958,2,20002,scattered,0.2,0.2,0.5091666666666667,0.5230769230769231,False,250,240,2026-08-15T17:46:43
207,250,250_0,21f80958,2,20002,scattered,0.25,0.248,0.5197478991596639,0.5230769230769231,False,250,238,2026-08-15T17:46:43
208,250,250_0,21f80958,2,20002,scattered,0.3,0.3,0.5214285714285715,0.5230769230769231,False,250,238,2026-08-15T17:46:43
209,250,250_0,21f80958,2,20002,scattered,0.4,0.4,0.5351239669421488,0.5230769230769231,True,250,242,2026-08-15T17:46:43
210,250,250_0,21f80958,2,20002,scattered,0.5,0.5,0.5504166666666667,0.5230769230769231,True,250,240,2026-08-15T17:46:43
211,250,250_0,21f80958,2,20003,contiguous,0.05,0.048,0.516734693877551,0.5230769230769231,False,250,245,2026-08-15T17:46:43
212,250,250_0,21f80958,2,20003,contiguous,0.1,0.1,0.5224489795918368,0.5230769230769231,False,250,245,2026-08-15T17:46:43
213,250,250_0,21f80958,2,20003,contiguous,0.15,0.152,0.5321138211382114,0.5230769230769231,True,250,246,2026-08-15T17:46:43
214,250,250_0,21f80958,2,20003,contiguous,0.2,0.2,0.5398373983739837,0.5230769230769231,True,250,246,2026-08-15T17:46:43
215,250,250_0,21f80958,2,20003,contiguous,0.25,0.248,0.5481632653061225,0.5230769230769231,True,250,245,2026-08-15T17:46:43
216,250,250_0,21f80958,2,20003,contiguous,0.3,0.3,0.5542857142857143,0.5230769230769231,True,250,245,2026-08-15T17:46:43
217,250,250_0,21f80958,2,20003,contiguous,0.4,0.4,0.5640816326530612,0.5230769230769231,True,250,245,2026-08-15T17:46:43
218,250,250_0,21f80958,2,20003,contiguous,0.5,0.5,0.5722448979591837,0.5230769230769231,True,250,245,2026-08-15T17:46:43
219,250,250_0,21f80958,2,20003,scattered,0.05,0.048,0.5110204081632653,0.5230769230769231,False,250,245,2026-08-15T17:46:43
220,250,250_0,21f80958,2,20003,scattered,0.1,0.1,0.5146938775510204,0.5230769230769231,False,250,245,2026-08-15T17:46:43
221,250,250_0,21f80958,2,20003,scattered,0.15,0.152,0.5158536585365854,0.5230769230769231,False,250,246,2026-08-15T17:46:43
222,250,250_0,21f80958,2,20003,scattered,0.2,0.2,0.5219512195121951,0.5230769230769231,False,250,246,2026-08-15T17:46:43
223,250,250_0,21f80958,2,20003,scattered,0.25,0.248,0.5207317073170732,0.5230769230769231,False,250,246,2026-08-15T17:46:43
224,250,250_0,21f80958,2,20003,scattered,0.3,0.3,0.5321138211382114,0.5230769230769231,True,250,246,2026-08-15T17:46:43
225,250,250_0,21f80958,2,20003,scattered,0.4,0.4,0.5308943089430894,0.5230769230769231,True,250,246,2026-08-15T17:46:43
226,250,250_0,21f80958,2,20003,scattered,0.5,0.5,0.5654471544715447,0.5230769230769231,True,250,246,2026-08-15T17:46:43
227,250,250_0,21f80958,2,20004,contiguous,0.05,0.048,0.5204081632653061,0.5230769230769231,False,250,245,2026-08-15T17:46:43
228,250,250_0,21f80958,2,20004,contiguous,0.1,0.1,0.5261224489795918,0.5230769230769231,True,250,245,2026-08-15T17:46:43
229,250,250_0,21f80958,2,20004,contiguous,0.15,0.152,0.5304878048780488,0.5230769230769231,True,250,246,2026-08-15T17:46:43
230,250,250_0,21f80958,2,20004,contiguous,0.2,0.2,0.5361788617886178,0.5230769230769231,True,250,246,2026-08-15T17:46:43
231,250,250_0,21f80958,2,20004,contiguous,0.25,0.248,0.5479674796747968,0.5230769230769231,True,250,246,2026-08-15T17:46:43
232,250,250_0,21f80958,2,20004,contiguous,0.3,0.3,0.5556910569105691,0.5230769230769231,True,250,246,2026-08-15T17:46:43
233,250,250_0,21f80958,2,20004,contiguous,0.4,0.4,0.5658536585365853,0.5230769230769231,True,250,246,2026-08-15T17:46:43
234,250,250_0,21f80958,2,20004,contiguous,0.5,0.5,0.582520325203252,0.5230769230769231,True,250,246,2026-08-15T17:46:43
235,250,250_0,21f80958,2,20004,scattered,0.05,0.048,0.5044897959183674,0.5230769230769231,False,250,245,2026-08-15T17:46:43
236,250,250_0,21f80958,2,20004,scattered,0.1,0.1,0.5081632653061224,0.5230769230769231,False,250,245,2026-08-15T17:46:43
237,250,250_0,21f80958,2,20004,scattered,0.15,0.152,0.5052845528455284,0.5230769230769231,False,250,246,2026-08-15T17:46:43
238,250,250_0,21f80958,2,20004,scattered,0.2,0.2,0.5089430894308943,0.5230769230769231,False,250,246,2026-08-15T17:46:43
239,250,250_0,21f80958,2,20004,scattered,0.25,0.248,0.517479674796748,0.5230769230769231,False,250,246,2026-08-15T17:46:43
240,250,250_0,21f80958,2,20004,scattered,0.3,0.3,0.5296747967479675,0.5230769230769231,True,250,246,2026-08-15T17:46:43
241,250,250_0,21f80958,2,20004,scattered,0.4,0.4,0.5284552845528455,0.5230769230769231,True,250,246,2026-08-15T17:46:43
242,250,250_0,21f80958,2,20004,scattered,0.5,0.5,0.5585365853658537,0.5230769230769231,True,250,246,2026-08-15T17:46:43
243,250,250_0,7ae45fec,3,-1,none,0.0,0.0,0.4897959183673469,0.5251655629139073,False,250,245,2026-08-15T17:46:43
244,250,250_0,7ae45fec,3,20000,contiguous,0.05,0.048,0.49551020408163265,0.5251655629139073,False,250,245,2026-08-15T17:46:43
245,250,250_0,7ae45fec,3,20000,contiguous,0.1,0.1,0.5028571428571429,0.5251655629139073,False,250,245,2026-08-15T17:46:43
246,250,250_0,7ae45fec,3,20000,contiguous,0.15,0.152,0.5126016260162601,0.5251655629139073,False,250,246,2026-08-15T17:46:43
247,250,250_0,7ae45fec,3,20000,contiguous,0.2,0.2,0.5207317073170732,0.5251655629139073,False,250,246,2026-08-15T17:46:43
248,250,250_0,7ae45fec,3,20000,contiguous,0.25,0.248,0.526829268292683,0.5251655629139073,True,250,246,2026-08-15T17:46:43
249,250,250_0,7ae45fec,3,20000,contiguous,0.3,0.3,0.540650406504065,0.5251655629139073,True,250,246,2026-08-15T17:46:43
250,250,250_0,7ae45fec,3,20000,contiguous,0.4,0.4,0.5585365853658537,0.5251655629139073,True,250,246,2026-08-15T17:46:43
251,250,250_0,7ae45fec,3,20000,contiguous,0.5,0.5,0.5800813008130081,0.5251655629139073,True,250,246,2026-08-15T17:46:43
252,250,250_0,7ae45fec,3,20000,scattered,0.05,0.048,0.49387755102040815,0.5251655629139073,False,250,245,2026-08-15T17:46:43
253,250,250_0,7ae45fec,3,20000,scattered,0.1,0.1,0.5024489795918368,0.5251655629139073,False,250,245,2026-08-15T17:46:43
254,250,250_0,7ae45fec,3,20000,scattered,0.15,0.152,0.5008130081300813,0.5251655629139073,False,250,246,2026-08-15T17:46:43
255,250,250_0,7ae45fec,3,20000,scattered,0.2,0.2,0.5004065040650406,0.5251655629139073,False,250,246,2026-08-15T17:46:43
256,250,250_0,7ae45fec,3,20000,scattered,0.25,0.248,0.5138211382113821,0.5251655629139073,False,250,246,2026-08-15T17:46:43
257,250,250_0,7ae45fec,3,20000,scattered,0.3,0.3,0.5235772357723577,0.5251655629139073,False,250,246,2026-08-15T17:46:43
258,250,250_0,7ae45fec,3,20000,scattered,0.4,0.4,0.5349593495934959,0.5251655629139073,True,250,246,2026-08-15T17:46:43
259,250,250_0,7ae45fec,3,20000,scattered,0.5,0.5,0.5536585365853659,0.5251655629139073,True,250,246,2026-08-15T17:46:43
260,250,250_0,7ae45fec,3,20001,contiguous,0.05,0.048,0.4922448979591837,0.5251655629139073,False,250,245,2026-08-15T17:46:43
261,250,250_0,7ae45fec,3,20001,contiguous,0.1,0.1,0.5053061224489795,0.5251655629139073,False,250,245,2026-08-15T17:46:43
262,250,250_0,7ae45fec,3,20001,contiguous,0.15,0.152,0.5178861788617887,0.5251655629139073,False,250,246,2026-08-15T17:46:43
263,250,250_0,7ae45fec,3,20001,contiguous,0.2,0.2,0.5247967479674797,0.5251655629139073,False,250,246,2026-08-15T17:46:43
264,250,250_0,7ae45fec,3,20001,contiguous,0.25,0.248,0.5333333333333333,0.5251655629139073,True,250,246,2026-08-15T17:46:43
265,250,250_0,7ae45fec,3,20001,contiguous,0.3,0.3,0.5443089430894309,0.5251655629139073,True,250,246,2026-08-15T17:46:43
266,250,250_0,7ae45fec,3,20001,contiguous,0.4,0.4,0.5686991869918699,0.5251655629139073,True,250,246,2026-08-15T17:46:43
267,250,250_0,7ae45fec,3,20001,contiguous,0.5,0.5,0.5829268292682926,0.5251655629139073,True,250,246,2026-08-15T17:46:43
268,250,250_0,7ae45fec,3,20001,scattered,0.05,0.048,0.49183673469387756,0.5251655629139073,False,250,245,2026-08-15T17:46:43
269,250,250_0,7ae45fec,3,20001,scattered,0.1,0.1,0.49387755102040815,0.5251655629139073,False,250,245,2026-08-15T17:46:43
270,250,250_0,7ae45fec,3,20001,scattered,0.15,0.152,0.5032520325203252,0.5251655629139073,False,250,246,2026-08-15T17:46:43
271,250,250_0,7ae45fec,3,20001,scattered,0.2,0.2,0.5109756097560976,0.5251655629139073,False,250,246,2026-08-15T17:46:43
272,250,250_0,7ae45fec,3,20001,scattered,0.25,0.248,0.5166666666666667,0.5251655629139073,False,250,246,2026-08-15T17:46:43
273,250,250_0,7ae45fec,3,20001,scattered,0.3,0.3,0.525609756097561,0.5251655629139073,True,250,246,2026-08-15T17:46:43
274,250,250_0,7ae45fec,3,20001,scattered,0.4,0.4,0.5402439024390244,0.5251655629139073,True,250,246,2026-08-15T17:46:43
275,250,250_0,7ae45fec,3,20001,scattered,0.5,0.5,0.5585365853658537,0.5251655629139073,True,250,246,2026-08-15T17:46:43
276,250,250_0,7ae45fec,3,20002,contiguous,0.05,0.048,0.5016326530612245,0.5251655629139073,False,250,245,2026-08-15T17:46:43
277,250,250_0,7ae45fec,3,20002,contiguous,0.1,0.1,0.5089795918367347,0.5251655629139073,False,250,245,2026-08-15T17:46:43
278,250,250_0,7ae45fec,3,20002,contiguous,0.15,0.152,0.5219512195121951,0.5251655629139073,False,250,246,2026-08-15T17:46:43
279,250,250_0,7ae45fec,3,20002,contiguous,0.2,0.2,0.528395061728395,0.5251655629139073,True,250,243,2026-08-15T17:46:43
280,250,250_0,7ae45fec,3,20002,contiguous,0.25,0.248,0.5399176954732511,0.5251655629139073,True,250,243,2026-08-15T17:46:43
281,250,250_0,7ae45fec,3,20002,contiguous,0.3,0.3,0.5539094650205761,0.5251655629139073,True,250,243,2026-08-15T17:46:43
282,250,250_0,7ae45fec,3,20002,contiguous,0.4,0.4,0.5724279835390946,0.5251655629139073,True,250,243,2026-08-15T17:46:43
283,250,250_0,7ae45fec,3,20002,contiguous,0.5,0.5,0.5901234567901235,0.5251655629139073,True,250,243,2026-08-15T17:46:43
284,250,250_0,7ae45fec,3,20002,scattered,0.05,0.048,0.4910204081632653,0.5251655629139073,False,250,245,2026-08-15T17:46:43
285,250,250_0,7ae45fec,3,20002,scattered,0.1,0.1,0.49387755102040815,0.5251655629139073,False,250,245,2026-08-15T17:46:43
286,250,250_0,7ae45fec,3,20002,scattered,0.15,0.152,0.5040650406504065,0.5251655629139073,False,250,246,2026-08-15T17:46:43
287,250,250_0,7ae45fec,3,20002,scattered,0.2,0.2,0.5109756097560976,0.5251655629139073,False,250,246,2026-08-15T17:46:43
288,250,250_0,7ae45fec,3,20002,scattered,0.25,0.248,0.5178861788617887,0.5251655629139073,False,250,246,2026-08-15T17:46:43
289,250,250_0,7ae45fec,3,20002,scattered,0.3,0.3,0.5288617886178861,0.5251655629139073,True,250,246,2026-08-15T17:46:43
290,250,250_0,7ae45fec,3,20002,scattered,0.4,0.4,0.5341463414634147,0.5251655629139073,True,250,246,2026-08-15T17:46:43
291,250,250_0,7ae45fec,3,20002,scattered,0.5,0.5,0.5597560975609757,0.5251655629139073,True,250,246,2026-08-15T17:46:43
292,250,250_0,7ae45fec,3,20003,contiguous,0.05,0.048,0.4942857142857143,0.5251655629139073,False,250,245,2026-08-15T17:46:43
293,250,250_0,7ae45fec,3,20003,contiguous,0.1,0.1,0.5016528925619834,0.5251655629139073,False,250,242,2026-08-15T17:46:43
294,250,250_0,7ae45fec,3,20003,contiguous,0.15,0.152,0.5156378600823045,0.5251655629139073,False,250,243,2026-08-15T17:46:43
295,250,250_0,7ae45fec,3,20003,contiguous,0.2,0.2,0.522633744855967,0.5251655629139073,False,250,243,2026-08-15T17:46:43
296,250,250_0,7ae45fec,3,20003,contiguous,0.25,0.248,0.5341563786008231,0.5251655629139073,True,250,243,2026-08-15T17:46:43
297,250,250_0,7ae45fec,3,20003,contiguous,0.3,0.3,0.5448559670781893,0.5251655629139073,True,250,243,2026-08-15T17:46:43
298,250,250_0,7ae45fec,3,20003,contiguous,0.4,0.4,0.5679012345679012,0.5251655629139073,True,250,243,2026-08-15T17:46:43
299,250,250_0,7ae45fec,3,20003,contiguous,0.5,0.5,0.5823045267489712,0.5251655629139073,True,250,243,2026-08-15T17:46:43
300,250,250_0,7ae45fec,3,20003,scattered,0.05,0.048,0.4951020408163265,0.5251655629139073,False,250,245,2026-08-15T17:46:43
301,250,250_0,7ae45fec,3,20003,scattered,0.1,0.1,0.4946938775510204,0.5251655629139073,False,250,245,2026-08-15T17:46:43
302,250,250_0,7ae45fec,3,20003,scattered,0.15,0.152,0.5069105691056911,0.5251655629139073,False,250,246,2026-08-15T17:46:43
303,250,250_0,7ae45fec,3,20003,scattered,0.2,0.2,0.510569105691057,0.5251655629139073,False,250,246,2026-08-15T17:46:43
304,250,250_0,7ae45fec,3,20003,scattered,0.25,0.248,0.5191056910569106,0.5251655629139073,False,250,246,2026-08-15T17:46:43
305,250,250_0,7ae45fec,3,20003,scattered,0.3,0.3,0.5304878048780488,0.5251655629139073,True,250,246,2026-08-15T17:46:43
306,250,250_0,7ae45fec,3,20003,scattered,0.4,0.4,0.5552845528455285,0.5251655629139073,True,250,246,2026-08-15T17:46:43
307,250,250_0,7ae45fec,3,20003,scattered,0.5,0.5,0.5573170731707318,0.5251655629139073,True,250,246,2026-08-15T17:46:43
308,250,250_0,7ae45fec,3,20004,contiguous,0.05,0.048,0.49020408163265305,0.5251655629139073,False,250,245,2026-08-15T17:46:43
309,250,250_0,7ae45fec,3,20004,contiguous,0.1,0.1,0.5016326530612245,0.5251655629139073,False,250,245,2026-08-15T17:46:43
310,250,250_0,7ae45fec,3,20004,contiguous,0.15,0.152,0.5146341463414634,0.5251655629139073,False,250,246,2026-08-15T17:46:43
311,250,250_0,7ae45fec,3,20004,contiguous,0.2,0.2,0.5203252032520326,0.5251655629139073,False,250,246,2026-08-15T17:46:43
312,250,250_0,7ae45fec,3,20004,contiguous,0.25,0.248,0.5308943089430894,0.5251655629139073,True,250,246,2026-08-15T17:46:43
313,250,250_0,7ae45fec,3,20004,contiguous,0.3,0.3,0.5434959349593496,0.5251655629139073,True,250,246,2026-08-15T17:46:43
314,250,250_0,7ae45fec,3,20004,contiguous,0.4,0.4,0.5609756097560976,0.5251655629139073,True,250,246,2026-08-15T17:46:43
315,250,250_0,7ae45fec,3,20004,contiguous,0.5,0.5,0.5780487804878048,0.5251655629139073,True,250,246,2026-08-15T17:46:43
316,250,250_0,7ae45fec,3,20004,scattered,0.05,0.048,0.4922448979591837,0.5251655629139073,False,250,245,2026-08-15T17:46:43
317,250,250_0,7ae45fec,3,20004,scattered,0.1,0.1,0.4897959183673469,0.5251655629139073,False,250,245,2026-08-15T17:46:43
318,250,250_0,7ae45fec,3,20004,scattered,0.15,0.152,0.501219512195122,0.5251655629139073,False,250,246,2026-08-15T17:46:43
319,250,250_0,7ae45fec,3,20004,scattered,0.2,0.2,0.5032520325203252,0.5251655629139073,False,250,246,2026-08-15T17:46:43
320,250,250_0,7ae45fec,3,20004,scattered,0.25,0.248,0.5089430894308943,0.5251655629139073,False,250,246,2026-08-15T17:46:43
321,250,250_0,7ae45fec,3,20004,scattered,0.3,0.3,0.5329268292682927,0.5251655629139073,True,250,246,2026-08-15T17:46:43
322,250,250_0,7ae45fec,3,20004,scattered,0.4,0.4,0.5483739837398374,0.5251655629139073,True,250,246,2026-08-15T17:46:43
323,250,250_0,7ae45fec,3,20004,scattered,0.5,0.5,0.5642276422764227,0.5251655629139073,True,250,246,2026-08-15T17:46:43
324,250,250_0,d9b174c2,4,-1,none,0.0,0.0,0.4853061224489796,0.5393333333333333,False,250,245,2026-08-15T17:46:43
325,250,250_0,d9b174c2,4,20000,contiguous,0.05,0.048,0.4946938775510204,0.5393333333333333,False,250,245,2026-08-15T17:46:43
326,250,250_0,d9b174c2,4,20000,contiguous,0.1,0.1,0.5036885245901639,0.5393333333333333,False,250,244,2026-08-15T17:46:43
327,250,250_0,d9b174c2,4,20000,contiguous,0.15,0.152,0.5102880658436214,0.5393333333333333,False,250,243,2026-08-15T17:46:43
328,250,250_0,d9b174c2,4,20000,contiguous,0.2,0.2,0.5176954732510288,0.5393333333333333,False,250,243,2026-08-15T17:46:43
329,250,250_0,d9b174c2,4,20000,contiguous,0.25,0.248,0.5230452674897119,0.5393333333333333,False,250,243,2026-08-15T17:46:43
330,250,250_0,d9b174c2,4,20000,contiguous,0.3,0.3,0.5239495798319328,0.5393333333333333,False,250,238,2026-08-15T17:46:43
331,250,250_0,d9b174c2,4,20000,contiguous,0.4,0.4,0.5356223175965665,0.5393333333333333,False,250,233,2026-08-15T17:46:43
332,250,250_0,d9b174c2,4,20000,contiguous,0.5,0.5,0.5546666666666666,0.5393333333333333,True,250,225,2026-08-15T17:46:43
333,250,250_0,d9b174c2,4,20000,scattered,0.05,0.048,0.4881632653061225,0.5393333333333333,False,250,245,2026-08-15T17:46:43
334,250,250_0,d9b174c2,4,20000,scattered,0.1,0.1,0.49714285714285716,0.5393333333333333,False,250,245,2026-08-15T17:46:43
335,250,250_0,d9b174c2,4,20000,scattered,0.15,0.152,0.49390243902439024,0.5393333333333333,False,250,246,2026-08-15T17:46:43
336,250,250_0,d9b174c2,4,20000,scattered,0.2,0.2,0.5004065040650406,0.5393333333333333,False,250,246,2026-08-15T17:46:43
337,250,250_0,d9b174c2,4,20000,scattered,0.25,0.248,0.5089795918367347,0.5393333333333333,False,250,245,2026-08-15T17:46:43
338,250,250_0,d9b174c2,4,20000,scattered,0.3,0.3,0.5086065573770492,0.5393333333333333,False,250,244,2026-08-15T17:46:43
339,250,250_0,d9b174c2,4,20000,scattered,0.4,0.4,0.5322314049586777,0.5393333333333333,False,250,242,2026-08-15T17:46:43
340,250,250_0,d9b174c2,4,20000,scattered,0.5,0.5,0.5436974789915966,0.5393333333333333,True,250,238,2026-08-15T17:46:43
341,250,250_0,d9b174c2,4,20001,contiguous,0.05,0.048,0.4946938775510204,0.5393333333333333,False,250,245,2026-08-15T17:46:43
342,250,250_0,d9b174c2,4,20001,contiguous,0.1,0.1,0.5040816326530613,0.5393333333333333,False,250,245,2026-08-15T17:46:43
343,250,250_0,d9b174c2,4,20001,contiguous,0.15,0.152,0.5199186991869919,0.5393333333333333,False,250,246,2026-08-15T17:46:43
344,250,250_0,d9b174c2,4,20001,contiguous,0.2,0.2,0.5239837398373983,0.5393333333333333,False,250,246,2026-08-15T17:46:43
345,250,250_0,d9b174c2,4,20001,contiguous,0.25,0.248,0.5329268292682927,0.5393333333333333,False,250,246,2026-08-15T17:46:43
346,250,250_0,d9b174c2,4,20001,contiguous,0.3,0.3,0.5379591836734694,0.5393333333333333,False,250,245,2026-08-15T17:46:43
347,250,250_0,d9b174c2,4,20001,contiguous,0.4,0.4,0.5526530612244898,0.5393333333333333,True,250,245,2026-08-15T17:46:43
348,250,250_0,d9b174c2,4,20001,contiguous,0.5,0.5,0.5766393442622951,0.5393333333333333,True,250,244,2026-08-15T17:46:43
349,250,250_0,d9b174c2,4,20001,scattered,0.05,0.048,0.4857142857142857,0.5393333333333333,False,250,245,2026-08-15T17:46:43
350,250,250_0,d9b174c2,4,20001,scattered,0.1,0.1,0.4951020408163265,0.5393333333333333,False,250,245,2026-08-15T17:46:43
351,250,250_0,d9b174c2,4,20001,scattered,0.15,0.152,0.510569105691057,0.5393333333333333,False,250,246,2026-08-15T17:46:43
352,250,250_0,d9b174c2,4,20001,scattered,0.2,0.2,0.5126016260162601,0.5393333333333333,False,250,246,2026-08-15T17:46:43
353,250,250_0,d9b174c2,4,20001,scattered,0.25,0.248,0.5272357723577236,0.5393333333333333,False,250,246,2026-08-15T17:46:43
354,250,250_0,d9b174c2,4,20001,scattered,0.3,0.3,0.5369918699186992,0.5393333333333333,False,250,246,2026-08-15T17:46:43
355,250,250_0,d9b174c2,4,20001,scattered,0.4,0.4,0.5479674796747968,0.5393333333333333,True,250,246,2026-08-15T17:46:43
356,250,250_0,d9b174c2,4,20001,scattered,0.5,0.5,0.5642276422764227,0.5393333333333333,True,250,246,2026-08-15T17:46:43
357,250,250_0,d9b174c2,4,20002,contiguous,0.05,0.048,0.4930612244897959,0.5393333333333333,False,250,245,2026-08-15T17:46:43
358,250,250_0,d9b174c2,4,20002,contiguous,0.1,0.1,0.5077551020408163,0.5393333333333333,False,250,245,2026-08-15T17:46:43
359,250,250_0,d9b174c2,4,20002,contiguous,0.15,0.152,0.5215447154471544,0.5393333333333333,False,250,246,2026-08-15T17:46:43
360,250,250_0,d9b174c2,4,20002,contiguous,0.2,0.2,0.5284552845528455,0.5393333333333333,False,250,246,2026-08-15T17:46:43
361,250,250_0,d9b174c2,4,20002,contiguous,0.25,0.248,0.5345528455284553,0.5393333333333333,False,250,246,2026-08-15T17:46:43
362,250,250_0,d9b174c2,4,20002,contiguous,0.3,0.3,0.5455284552845528,0.5393333333333333,True,250,246,2026-08-15T17:46:43
363,250,250_0,d9b174c2,4,20002,contiguous,0.4,0.4,0.5612244897959183,0.5393333333333333,True,250,245,2026-08-15T17:46:43
364,250,250_0,d9b174c2,4,20002,contiguous,0.5,0.5,0.5795918367346938,0.5393333333333333,True,250,245,2026-08-15T17:46:43
365,250,250_0,d9b174c2,4,20002,scattered,0.05,0.048,0.4853061224489796,0.5393333333333333,False,250,245,2026-08-15T17:46:43
366,250,250_0,d9b174c2,4,20002,scattered,0.1,0.1,0.4963265306122449,0.5393333333333333,False,250,245,2026-08-15T17:46:43
367,250,250_0,d9b174c2,4,20002,scattered,0.15,0.152,0.5020325203252033,0.5393333333333333,False,250,246,2026-08-15T17:46:43
368,250,250_0,d9b174c2,4,20002,scattered,0.2,0.2,0.5219512195121951,0.5393333333333333,False,250,246,2026-08-15T17:46:43
369,250,250_0,d9b174c2,4,20002,scattered,0.25,0.248,0.5264227642276422,0.5393333333333333,False,250,246,2026-08-15T17:46:43
370,250,250_0,d9b174c2,4,20002,scattered,0.3,0.3,0.5365853658536586,0.5393333333333333,False,250,246,2026-08-15T17:46:43
371,250,250_0,d9b174c2,4,20002,scattered,0.4,0.4,0.5520325203252032,0.5393333333333333,True,250,246,2026-08-15T17:46:43
372,250,250_0,d9b174c2,4,20002,scattered,0.5,0.5,0.5638211382113821,0.5393333333333333,True,250,246,2026-08-15T17:46:43
373,250,250_0,d9b174c2,4,20003,contiguous,0.05,0.048,0.4905737704918033,0.5393333333333333,False,250,244,2026-08-15T17:46:43
374,250,250_0,d9b174c2,4,20003,contiguous,0.1,0.1,0.5020491803278688,0.5393333333333333,False,250,244,2026-08-15T17:46:43
375,250,250_0,d9b174c2,4,20003,contiguous,0.15,0.152,0.5122448979591837,0.5393333333333333,False,250,245,2026-08-15T17:46:43
376,250,250_0,d9b174c2,4,20003,contiguous,0.2,0.2,0.5224489795918368,0.5393333333333333,False,250,245,2026-08-15T17:46:43
377,250,250_0,d9b174c2,4,20003,contiguous,0.25,0.248,0.5235537190082644,0.5393333333333333,False,250,242,2026-08-15T17:46:43
378,250,250_0,d9b174c2,4,20003,contiguous,0.3,0.3,0.522707423580786,0.5393333333333333,False,250,229,2026-08-15T17:46:43
379,250,250_0,d9b174c2,4,20003,contiguous,0.4,0.4,0.534061135371179,0.5393333333333333,False,250,229,2026-08-15T17:46:43
380,250,250_0,d9b174c2,4,20003,contiguous,0.5,0.5,0.5506666666666666,0.5393333333333333,True,250,225,2026-08-15T17:46:43
381,250,250_0,d9b174c2,4,20003,scattered,0.05,0.048,0.4926530612244898,0.5393333333333333,False,250,245,2026-08-15T17:46:43
382,250,250_0,d9b174c2,4,20003,scattered,0.1,0.1,0.4901234567901235,0.5393333333333333,False,250,243,2026-08-15T17:46:43
383,250,250_0,d9b174c2,4,20003,scattered,0.15,0.152,0.49495798319327733,0.5393333333333333,False,250,238,2026-08-15T17:46:43
384,250,250_0,d9b174c2,4,20003,scattered,0.2,0.2,0.5008547008547009,0.5393333333333333,False,250,234,2026-08-15T17:46:43
385,250,250_0,d9b174c2,4,20003,scattered,0.25,0.248,0.4934782608695652,0.5393333333333333,False,250,230,2026-08-15T17:46:43
386,250,250_0,d9b174c2,4,20003,scattered,0.3,0.3,0.49557522123893805,0.5393333333333333,False,250,226,2026-08-15T17:46:43
387,250,250_0,d9b174c2,4,20003,scattered,0.4,0.4,0.519090909090909,0.5393333333333333,False,250,220,2026-08-15T17:46:43
388,250,250_0,d9b174c2,4,20003,scattered,0.5,0.5,0.5187793427230047,0.5393333333333333,False,250,213,2026-08-15T17:46:43
389,250,250_0,d9b174c2,4,20004,contiguous,0.05,0.048,0.4922448979591837,0.5393333333333333,False,250,245,2026-08-15T17:46:43
390,250,250_0,d9b174c2,4,20004,contiguous,0.1,0.1,0.5040816326530613,0.5393333333333333,False,250,245,2026-08-15T17:46:43
391,250,250_0,d9b174c2,4,20004,contiguous,0.15,0.152,0.5195121951219512,0.5393333333333333,False,250,246,2026-08-15T17:46:43
392,250,250_0,d9b174c2,4,20004,contiguous,0.2,0.2,0.5239837398373983,0.5393333333333333,False,250,246,2026-08-15T17:46:43
393,250,250_0,d9b174c2,4,20004,contiguous,0.25,0.248,0.5292181069958848,0.5393333333333333,False,250,243,2026-08-15T17:46:43
394,250,250_0,d9b174c2,4,20004,contiguous,0.3,0.3,0.5345679012345679,0.5393333333333333,False,250,243,2026-08-15T17:46:43
395,250,250_0,d9b174c2,4,20004,contiguous,0.4,0.4,0.5477366255144033,0.5393333333333333,True,250,243,2026-08-15T17:46:43
396,250,250_0,d9b174c2,4,20004,contiguous,0.5,0.5,0.5703703703703704,0.5393333333333333,True,250,243,2026-08-15T17:46:43
397,250,250_0,d9b174c2,4,20004,scattered,0.05,0.048,0.4873469387755102,0.5393333333333333,False,250,245,2026-08-15T17:46:43
398,250,250_0,d9b174c2,4,20004,scattered,0.1,0.1,0.49385245901639346,0.5393333333333333,False,250,244,2026-08-15T17:46:43
399,250,250_0,d9b174c2,4,20004,scattered,0.15,0.152,0.501219512195122,0.5393333333333333,False,250,246,2026-08-15T17:46:43
400,250,250_0,d9b174c2,4,20004,scattered,0.2,0.2,0.5102040816326531,0.5393333333333333,False,250,245,2026-08-15T17:46:43
401,250,250_0,d9b174c2,4,20004,scattered,0.25,0.248,0.5205761316872428,0.5393333333333333,False,250,243,2026-08-15T17:46:43
402,250,250_0,d9b174c2,4,20004,scattered,0.3,0.3,0.5304166666666666,0.5393333333333333,False,250,240,2026-08-15T17:46:43
403,250,250_0,d9b174c2,4,20004,scattered,0.4,0.4,0.5468085106382978,0.5393333333333333,True,250,235,2026-08-15T17:46:43
404,250,250_0,d9b174c2,4,20004,scattered,0.5,0.5,0.5560869565217391,0.5393333333333333,True,250,230,2026-08-15T17:46:43
405,250,250_1,075c5cf8,0,-1,none,0.0,0.0,0.4911111111111111,0.5271523178807948,False,229,225,2026-08-15T17:46:43
406,250,250_1,075c5cf8,0,20000,contiguous,0.05,0.048034934497816595,0.49466666666666664,0.5271523178807948,False,229,225,2026-08-15T17:46:43
407,250,250_1,075c5cf8,0,20000,contiguous,0.1,0.10043668122270742,0.5,0.5271523178807948,False,229,225,2026-08-15T17:46:43
408,250,250_1,075c5cf8,0,20000,contiguous,0.15,0.14847161572052403,0.5066666666666667,0.5271523178807948,False,229,225,2026-08-15T17:46:43
409,250,250_1,075c5cf8,0,20000,contiguous,0.2,0.20087336244541484,0.5062222222222222,0.5271523178807948,False,229,225,2026-08-15T17:46:43
410,250,250_1,075c5cf8,0,20000,contiguous,0.25,0.24890829694323144,0.5106666666666667,0.5271523178807948,False,229,225,2026-08-15T17:46:43
411,250,250_1,075c5cf8,0,20000,contiguous,0.3,0.30131004366812225,0.5217777777777778,0.5271523178807948,False,229,225,2026-08-15T17:46:43
412,250,250_1,075c5cf8,0,20000,contiguous,0.4,0.4017467248908297,0.5471111111111111,0.5271523178807948,True,229,225,2026-08-15T17:46:43
413,250,250_1,075c5cf8,0,20000,contiguous,0.5,0.4978165938864629,0.5635555555555556,0.5271523178807948,True,229,225,2026-08-15T17:46:43
414,250,250_1,075c5cf8,0,20000,scattered,0.05,0.048034934497816595,0.4968888888888889,0.5271523178807948,False,229,225,2026-08-15T17:46:43
415,250,250_1,075c5cf8,0,20000,scattered,0.1,0.10043668122270742,0.49644444444444447,0.5271523178807948,False,229,225,2026-08-15T17:46:43
416,250,250_1,075c5cf8,0,20000,scattered,0.15,0.14847161572052403,0.4968888888888889,0.5271523178807948,False,229,225,2026-08-15T17:46:43
417,250,250_1,075c5cf8,0,20000,scattered,0.2,0.20087336244541484,0.5062222222222222,0.5271523178807948,False,229,225,2026-08-15T17:46:43
418,250,250_1,075c5cf8,0,20000,scattered,0.25,0.24890829694323144,0.5111111111111111,0.5271523178807948,False,229,225,2026-08-15T17:46:43
419,250,250_1,075c5cf8,0,20000,scattered,0.3,0.30131004366812225,0.5151111111111111,0.5271523178807948,False,229,225,2026-08-15T17:46:43
420,250,250_1,075c5cf8,0,20000,scattered,0.4,0.4017467248908297,0.5200892857142857,0.5271523178807948,False,229,224,2026-08-15T17:46:43
421,250,250_1,075c5cf8,0,20000,scattered,0.5,0.4978165938864629,0.5455357142857142,0.5271523178807948,True,229,224,2026-08-15T17:46:43
422,250,250_1,075c5cf8,0,20001,contiguous,0.05,0.048034934497816595,0.49733333333333335,0.5271523178807948,False,229,225,2026-08-15T17:46:43
423,250,250_1,075c5cf8,0,20001,contiguous,0.1,0.10043668122270742,0.504,0.5271523178807948,False,229,225,2026-08-15T17:46:43
424,250,250_1,075c5cf8,0,20001,contiguous,0.15,0.14847161572052403,0.5057777777777778,0.5271523178807948,False,229,225,2026-08-15T17:46:43
425,250,250_1,075c5cf8,0,20001,contiguous,0.2,0.20087336244541484,0.5177777777777778,0.5271523178807948,False,229,225,2026-08-15T17:46:43
426,250,250_1,075c5cf8,0,20001,contiguous,0.25,0.24890829694323144,0.5226666666666666,0.5271523178807948,False,229,225,2026-08-15T17:46:43
427,250,250_1,075c5cf8,0,20001,contiguous,0.3,0.30131004366812225,0.5346666666666666,0.5271523178807948,True,229,225,2026-08-15T17:46:43
428,250,250_1,075c5cf8,0,20001,contiguous,0.4,0.4017467248908297,0.556,0.5271523178807948,True,229,225,2026-08-15T17:46:43
429,250,250_1,075c5cf8,0,20001,contiguous,0.5,0.4978165938864629,0.5671111111111111,0.5271523178807948,True,229,225,2026-08-15T17:46:43
430,250,250_1,075c5cf8,0,20001,scattered,0.05,0.048034934497816595,0.496,0.5271523178807948,False,229,225,2026-08-15T17:46:43
431,250,250_1,075c5cf8,0,20001,scattered,0.1,0.10043668122270742,0.48444444444444446,0.5271523178807948,False,229,225,2026-08-15T17:46:43
432,250,250_1,075c5cf8,0,20001,scattered,0.15,0.14847161572052403,0.4991111111111111,0.5271523178807948,False,229,225,2026-08-15T17:46:43
433,250,250_1,075c5cf8,0,20001,scattered,0.2,0.20087336244541484,0.5048888888888889,0.5271523178807948,False,229,225,2026-08-15T17:46:43
434,250,250_1,075c5cf8,0,20001,scattered,0.25,0.24890829694323144,0.5164444444444445,0.5271523178807948,False,229,225,2026-08-15T17:46:43
435,250,250_1,075c5cf8,0,20001,scattered,0.3,0.30131004366812225,0.5204444444444445,0.5271523178807948,False,229,225,2026-08-15T17:46:43
436,250,250_1,075c5cf8,0,20001,scattered,0.4,0.4017467248908297,0.5297777777777778,0.5271523178807948,True,229,225,2026-08-15T17:46:43
437,250,250_1,075c5cf8,0,20001,scattered,0.5,0.4978165938864629,0.556,0.5271523178807948,True,229,225,2026-08-15T17:46:43
438,250,250_1,075c5cf8,0,20002,contiguous,0.05,0.048034934497816595,0.4991111111111111,0.5271523178807948,False,229,225,2026-08-15T17:46:43
439,250,250_1,075c5cf8,0,20002,contiguous,0.1,0.10043668122270742,0.5058035714285715,0.5271523178807948,False,229,224,2026-08-15T17:46:43
440,250,250_1,075c5cf8,0,20002,contiguous,0.15,0.14847161572052403,0.5098214285714285,0.5271523178807948,False,229,224,2026-08-15T17:46:43
441,250,250_1,075c5cf8,0,20002,contiguous,0.2,0.20087336244541484,0.5138392857142857,0.5271523178807948,False,229,224,2026-08-15T17:46:43
442,250,250_1,075c5cf8,0,20002,contiguous,0.25,0.24890829694323144,0.5196428571428572,0.5271523178807948,False,229,224,2026-08-15T17:46:43
443,250,250_1,075c5cf8,0,20002,contiguous,0.3,0.30131004366812225,0.5316964285714286,0.5271523178807948,True,229,224,2026-08-15T17:46:43
444,250,250_1,075c5cf8,0,20002,contiguous,0.4,0.4017467248908297,0.5575892857142857,0.5271523178807948,True,229,224,2026-08-15T17:46:43
445,250,250_1,075c5cf8,0,20002,contiguous,0.5,0.4978165938864629,0.5866071428571429,0.5271523178807948,True,229,224,2026-08-15T17:46:43
446,250,250_1,075c5cf8,0,20002,scattered,0.05,0.048034934497816595,0.49333333333333335,0.5271523178807948,False,229,225,2026-08-15T17:46:43
447,250,250_1,075c5cf8,0,20002,scattered,0.1,0.10043668122270742,0.492,0.5271523178807948,False,229,225,2026-08-15T17:46:43
448,250,250_1,075c5cf8,0,20002,scattered,0.15,0.14847161572052403,0.49866666666666665,0.5271523178807948,False,229,225,2026-08-15T17:46:43
449,250,250_1,075c5cf8,0,20002,scattered,0.2,0.20087336244541484,0.5133333333333333,0.5271523178807948,False,229,225,2026-08-15T17:46:43
450,250,250_1,075c5cf8,0,20002,scattered,0.25,0.24890829694323144,0.5222222222222223,0.5271523178807948,False,229,225,2026-08-15T17:46:43
451,250,250_1,075c5cf8,0,20002,scattered,0.3,0.30131004366812225,0.532,0.5271523178807948,True,229,225,2026-08-15T17:46:43
452,250,250_1,075c5cf8,0,20002,scattered,0.4,0.4017467248908297,0.5528888888888889,0.5271523178807948,True,229,225,2026-08-15T17:46:43
453,250,250_1,075c5cf8,0,20002,scattered,0.5,0.4978165938864629,0.5728888888888889,0.5271523178807948,True,229,225,2026-08-15T17:46:43
454,250,250_1,075c5cf8,0,20003,contiguous,0.05,0.048034934497816595,0.5008888888888889,0.5271523178807948,False,229,225,2026-08-15T17:46:43
455,250,250_1,075c5cf8,0,20003,contiguous,0.1,0.10043668122270742,0.5035555555555555,0.5271523178807948,False,229,225,2026-08-15T17:46:43
456,250,250_1,075c5cf8,0,20003,contiguous,0.15,0.14847161572052403,0.512,0.5271523178807948,False,229,225,2026-08-15T17:46:43
457,250,250_1,075c5cf8,0,20003,contiguous,0.2,0.20087336244541484,0.516,0.5271523178807948,False,229,225,2026-08-15T17:46:43
458,250,250_1,075c5cf8,0,20003,contiguous,0.25,0.24890829694323144,0.5244444444444445,0.5271523178807948,False,229,225,2026-08-15T17:46:43
459,250,250_1,075c5cf8,0,20003,contiguous,0.3,0.30131004366812225,0.5373333333333333,0.5271523178807948,True,229,225,2026-08-15T17:46:43
460,250,250_1,075c5cf8,0,20003,contiguous,0.4,0.4017467248908297,0.5648888888888889,0.5271523178807948,True,229,225,2026-08-15T17:46:43
461,250,250_1,075c5cf8,0,20003,contiguous,0.5,0.4978165938864629,0.5813333333333334,0.5271523178807948,True,229,225,2026-08-15T17:46:43
462,250,250_1,075c5cf8,0,20003,scattered,0.05,0.048034934497816595,0.49422222222222223,0.5271523178807948,False,229,225,2026-08-15T17:46:43
463,250,250_1,075c5cf8,0,20003,scattered,0.1,0.10043668122270742,0.49733333333333335,0.5271523178807948,False,229,225,2026-08-15T17:46:43
464,250,250_1,075c5cf8,0,20003,scattered,0.15,0.14847161572052403,0.5097777777777778,0.5271523178807948,False,229,225,2026-08-15T17:46:43
465,250,250_1,075c5cf8,0,20003,scattered,0.2,0.20087336244541484,0.5151111111111111,0.5271523178807948,False,229,225,2026-08-15T17:46:43
466,250,250_1,075c5cf8,0,20003,scattered,0.25,0.24890829694323144,0.5288888888888889,0.5271523178807948,True,229,225,2026-08-15T17:46:43
467,250,250_1,075c5cf8,0,20003,scattered,0.3,0.30131004366812225,0.5284444444444445,0.5271523178807948,True,229,225,2026-08-15T17:46:43
468,250,250_1,075c5cf8,0,20003,scattered,0.4,0.4017467248908297,0.5355555555555556,0.5271523178807948,True,229,225,2026-08-15T17:46:43
469,250,250_1,075c5cf8,0,20003,scattered,0.5,0.4978165938864629,0.5571428571428572,0.5271523178807948,True,229,224,2026-08-15T17:46:43
470,250,250_1,075c5cf8,0,20004,contiguous,0.05,0.048034934497816595,0.4951111111111111,0.5271523178807948,False,229,225,2026-08-15T17:46:43
471,250,250_1,075c5cf8,0,20004,contiguous,0.1,0.10043668122270742,0.5017777777777778,0.5271523178807948,False,229,225,2026-08-15T17:46:43
472,250,250_1,075c5cf8,0,20004,contiguous,0.15,0.14847161572052403,0.5088888888888888,0.5271523178807948,False,229,225,2026-08-15T17:46:43
473,250,250_1,075c5cf8,0,20004,contiguous,0.2,0.20087336244541484,0.516,0.5271523178807948,False,229,225,2026-08-15T17:46:43
474,250,250_1,075c5cf8,0,20004,contiguous,0.25,0.24890829694323144,0.5213333333333333,0.5271523178807948,False,229,225,2026-08-15T17:46:43
475,250,250_1,075c5cf8,0,20004,contiguous,0.3,0.30131004366812225,0.5333333333333333,0.5271523178807948,True,229,225,2026-08-15T17:46:43
476,250,250_1,075c5cf8,0,20004,contiguous,0.4,0.4017467248908297,0.5522321428571428,0.5271523178807948,True,229,224,2026-08-15T17:46:43
477,250,250_1,075c5cf8,0,20004,contiguous,0.5,0.4978165938864629,0.5745535714285714,0.5271523178807948,True,229,224,2026-08-15T17:46:43
478,250,250_1,075c5cf8,0,20004,scattered,0.05,0.048034934497816595,0.49466666666666664,0.5271523178807948,False,229,225,2026-08-15T17:46:43
479,250,250_1,075c5cf8,0,20004,scattered,0.1,0.10043668122270742,0.4928888888888889,0.5271523178807948,False,229,225,2026-08-15T17:46:43
480,250,250_1,075c5cf8,0,20004,scattered,0.15,0.14847161572052403,0.5066666666666667,0.5271523178807948,False,229,225,2026-08-15T17:46:43
481,250,250_1,075c5cf8,0,20004,scattered,0.2,0.20087336244541484,0.5088888888888888,0.5271523178807948,False,229,225,2026-08-15T17:46:43
482,250,250_1,075c5cf8,0,20004,scattered,0.25,0.24890829694323144,0.5195555555555555,0.5271523178807948,False,229,225,2026-08-15T17:46:43
483,250,250_1,075c5cf8,0,20004,scattered,0.3,0.30131004366812225,0.5226666666666666,0.5271523178807948,False,229,225,2026-08-15T17:46:43
484,250,250_1,075c5cf8,0,20004,scattered,0.4,0.4017467248908297,0.5297777777777778,0.5271523178807948,True,229,225,2026-08-15T17:46:43
485,250,250_1,075c5cf8,0,20004,scattered,0.5,0.4978165938864629,0.5444444444444444,0.5271523178807948,True,229,225,2026-08-15T17:46:43
486,250,250_1,ba89af07,1,-1,none,0.0,0.0,0.504,0.5290322580645161,False,229,225,2026-08-15T17:46:43
487,250,250_1,ba89af07,1,20000,contiguous,0.05,0.048034934497816595,0.5066666666666667,0.5290322580645161,False,229,225,2026-08-15T17:46:43
488,250,250_1,ba89af07,1,20000,contiguous,0.1,0.10043668122270742,0.5244444444444445,0.5290322580645161,False,229,225,2026-08-15T17:46:43
489,250,250_1,ba89af07,1,20000,contiguous,0.15,0.14847161572052403,0.5253333333333333,0.5290322580645161,False,229,225,2026-08-15T17:46:43
490,250,250_1,ba89af07,1,20000,contiguous,0.2,0.20087336244541484,0.5368888888888889,0.5290322580645161,True,229,225,2026-08-15T17:46:43
491,250,250_1,ba89af07,1,20000,contiguous,0.25,0.24890829694323144,0.5408888888888889,0.5290322580645161,True,229,225,2026-08-15T17:46:43
492,250,250_1,ba89af07,1,20000,contiguous,0.3,0.30131004366812225,0.5413333333333333,0.5290322580645161,True,229,225,2026-08-15T17:46:43
493,250,250_1,ba89af07,1,20000,contiguous,0.4,0.4017467248908297,0.5595555555555556,0.5290322580645161,True,229,225,2026-08-15T17:46:43
494,250,250_1,ba89af07,1,20000,contiguous,0.5,0.4978165938864629,0.5697777777777778,0.5290322580645161,True,229,225,2026-08-15T17:46:43
495,250,250_1,ba89af07,1,20000,scattered,0.05,0.048034934497816595,0.5048888888888889,0.5290322580645161,False,229,225,2026-08-15T17:46:43
496,250,250_1,ba89af07,1,20000,scattered,0.1,0.10043668122270742,0.5088888888888888,0.5290322580645161,False,229,225,2026-08-15T17:46:43
497,250,250_1,ba89af07,1,20000,scattered,0.15,0.14847161572052403,0.5115555555555555,0.5290322580645161,False,229,225,2026-08-15T17:46:43
498,250,250_1,ba89af07,1,20000,scattered,0.2,0.20087336244541484,0.516,0.5290322580645161,False,229,225,2026-08-15T17:46:43
499,250,250_1,ba89af07,1,20000,scattered,0.25,0.24890829694323144,0.5271111111111111,0.5290322580645161,False,229,225,2026-08-15T17:46:43
500,250,250_1,ba89af07,1,20000,scattered,0.3,0.30131004366812225,0.5386666666666666,0.5290322580645161,True,229,225,2026-08-15T17:46:43
501,250,250_1,ba89af07,1,20000,scattered,0.4,0.4017467248908297,0.5538116591928252,0.5290322580645161,True,229,223,2026-08-15T17:46:43
502,250,250_1,ba89af07,1,20000,scattered,0.5,0.4978165938864629,0.5600896860986547,0.5290322580645161,True,229,223,2026-08-15T17:46:43
503,250,250_1,ba89af07,1,20001,contiguous,0.05,0.048034934497816595,0.508,0.5290322580645161,False,229,225,2026-08-15T17:46:43
504,250,250_1,ba89af07,1,20001,contiguous,0.1,0.10043668122270742,0.5204444444444445,0.5290322580645161,False,229,225,2026-08-15T17:46:43
505,250,250_1,ba89af07,1,20001,contiguous,0.15,0.14847161572052403,0.5191111111111111,0.5290322580645161,False,229,225,2026-08-15T17:46:43
506,250,250_1,ba89af07,1,20001,contiguous,0.2,0.20087336244541484,0.5337777777777778,0.5290322580645161,True,229,225,2026-08-15T17:46:43
507,250,250_1,ba89af07,1,20001,contiguous,0.25,0.24890829694323144,0.540625,0.5290322580645161,True,229,224,2026-08-15T17:46:43
508,250,250_1,ba89af07,1,20001,contiguous,0.3,0.30131004366812225,0.5464285714285714,0.5290322580645161,True,229,224,2026-08-15T17:46:43
509,250,250_1,ba89af07,1,20001,contiguous,0.4,0.4017467248908297,0.5554054054054054,0.5290322580645161,True,229,222,2026-08-15T17:46:43
510,250,250_1,ba89af07,1,20001,contiguous,0.5,0.4978165938864629,0.5711711711711712,0.5290322580645161,True,229,222,2026-08-15T17:46:43
511,250,250_1,ba89af07,1,20001,scattered,0.05,0.048034934497816595,0.5013333333333333,0.5290322580645161,False,229,225,2026-08-15T17:46:43
512,250,250_1,ba89af07,1,20001,scattered,0.1,0.10043668122270742,0.5062222222222222,0.5290322580645161,False,229,225,2026-08-15T17:46:43
513,250,250_1,ba89af07,1,20001,scattered,0.15,0.14847161572052403,0.5102222222222222,0.5290322580645161,False,229,225,2026-08-15T17:46:43
514,250,250_1,ba89af07,1,20001,scattered,0.2,0.20087336244541484,0.51875,0.5290322580645161,False,229,224,2026-08-15T17:46:43
515,250,250_1,ba89af07,1,20001,scattered,0.25,0.24890829694323144,0.515625,0.5290322580645161,False,229,224,2026-08-15T17:46:43
516,250,250_1,ba89af07,1,20001,scattered,0.3,0.30131004366812225,0.5160714285714286,0.5290322580645161,False,229,224,2026-08-15T17:46:43
517,250,250_1,ba89af07,1,20001,scattered,0.4,0.4017467248908297,0.542152466367713,0.5290322580645161,True,229,223,2026-08-15T17:46:43
518,250,250_1,ba89af07,1,20001,scattered,0.5,0.4978165938864629,0.5604545454545454,0.5290322580645161,True,229,220,2026-08-15T17:46:43
519,250,250_1,ba89af07,1,20002,contiguous,0.05,0.048034934497816595,0.5097777777777778,0.5290322580645161,False,229,225,2026-08-15T17:46:43
520,250,250_1,ba89af07,1,20002,contiguous,0.1,0.10043668122270742,0.5213333333333333,0.5290322580645161,False,229,225,2026-08-15T17:46:43
521,250,250_1,ba89af07,1,20002,contiguous,0.15,0.14847161572052403,0.5257777777777778,0.5290322580645161,False,229,225,2026-08-15T17:46:43
522,250,250_1,ba89af07,1,20002,contiguous,0.2,0.20087336244541484,0.5382222222222223,0.5290322580645161,True,229,225,2026-08-15T17:46:43
523,250,250_1,ba89af07,1,20002,contiguous,0.25,0.24890829694323144,0.54,0.5290322580645161,True,229,225,2026-08-15T17:46:43
524,250,250_1,ba89af07,1,20002,contiguous,0.3,0.30131004366812225,0.5422222222222223,0.5290322580645161,True,229,225,2026-08-15T17:46:43
525,250,250_1,ba89af07,1,20002,contiguous,0.4,0.4017467248908297,0.5591111111111111,0.5290322580645161,True,229,225,2026-08-15T17:46:43
526,250,250_1,ba89af07,1,20002,contiguous,0.5,0.4978165938864629,0.5773333333333334,0.5290322580645161,True,229,225,2026-08-15T17:46:43
527,250,250_1,ba89af07,1,20002,scattered,0.05,0.048034934497816595,0.49777777777777776,0.5290322580645161,False,229,225,2026-08-15T17:46:43
528,250,250_1,ba89af07,1,20002,scattered,0.1,0.10043668122270742,0.5057777777777778,0.5290322580645161,False,229,225,2026-08-15T17:46:43
529,250,250_1,ba89af07,1,20002,scattered,0.15,0.14847161572052403,0.5106666666666667,0.5290322580645161,False,229,225,2026-08-15T17:46:43
530,250,250_1,ba89af07,1,20002,scattered,0.2,0.20087336244541484,0.5213333333333333,0.5290322580645161,False,229,225,2026-08-15T17:46:43
531,250,250_1,ba89af07,1,20002,scattered,0.25,0.24890829694323144,0.5328888888888889,0.5290322580645161,True,229,225,2026-08-15T17:46:43
532,250,250_1,ba89af07,1,20002,scattered,0.3,0.30131004366812225,0.536,0.5290322580645161,True,229,225,2026-08-15T17:46:43
533,250,250_1,ba89af07,1,20002,scattered,0.4,0.4017467248908297,0.5537777777777778,0.5290322580645161,True,229,225,2026-08-15T17:46:43
534,250,250_1,ba89af07,1,20002,scattered,0.5,0.4978165938864629,0.5688888888888889,0.5290322580645161,True,229,225,2026-08-15T17:46:43
535,250,250_1,ba89af07,1,20003,contiguous,0.05,0.048034934497816595,0.5097777777777778,0.5290322580645161,False,229,225,2026-08-15T17:46:43
536,250,250_1,ba89af07,1,20003,contiguous,0.1,0.10043668122270742,0.524,0.5290322580645161,False,229,225,2026-08-15T17:46:43
537,250,250_1,ba89af07,1,20003,contiguous,0.15,0.14847161572052403,0.5253333333333333,0.5290322580645161,False,229,225,2026-08-15T17:46:43
538,250,250_1,ba89af07,1,20003,contiguous,0.2,0.20087336244541484,0.5368888888888889,0.5290322580645161,True,229,225,2026-08-15T17:46:43
539,250,250_1,ba89af07,1,20003,contiguous,0.25,0.24890829694323144,0.5457777777777778,0.5290322580645161,True,229,225,2026-08-15T17:46:43
540,250,250_1,ba89af07,1,20003,contiguous,0.3,0.30131004366812225,0.5466666666666666,0.5290322580645161,True,229,225,2026-08-15T17:46:43
541,250,250_1,ba89af07,1,20003,contiguous,0.4,0.4017467248908297,0.5622222222222222,0.5290322580645161,True,229,225,2026-08-15T17:46:43
542,250,250_1,ba89af07,1,20003,contiguous,0.5,0.4978165938864629,0.5773333333333334,0.5290322580645161,True,229,225,2026-08-15T17:46:43
543,250,250_1,ba89af07,1,20003,scattered,0.05,0.048034934497816595,0.5026666666666667,0.5290322580645161,False,229,225,2026-08-15T17:46:43
544,250,250_1,ba89af07,1,20003,scattered,0.1,0.10043668122270742,0.49955555555555553,0.5290322580645161,False,229,225,2026-08-15T17:46:43
545,250,250_1,ba89af07,1,20003,scattered,0.15,0.14847161572052403,0.5151111111111111,0.5290322580645161,False,229,225,2026-08-15T17:46:43
546,250,250_1,ba89af07,1,20003,scattered,0.2,0.20087336244541484,0.5177777777777778,0.5290322580645161,False,229,225,2026-08-15T17:46:43
547,250,250_1,ba89af07,1,20003,scattered,0.25,0.24890829694323144,0.5346666666666666,0.5290322580645161,True,229,225,2026-08-15T17:46:43
548,250,250_1,ba89af07,1,20003,scattered,0.3,0.30131004366812225,0.5373333333333333,0.5290322580645161,True,229,225,2026-08-15T17:46:43
549,250,250_1,ba89af07,1,20003,scattered,0.4,0.4017467248908297,0.572,0.5290322580645161,True,229,225,2026-08-15T17:46:43
550,250,250_1,ba89af07,1,20003,scattered,0.5,0.4978165938864629,0.5888888888888889,0.5290322580645161,True,229,225,2026-08-15T17:46:43
551,250,250_1,ba89af07,1,20004,contiguous,0.05,0.048034934497816595,0.5075555555555555,0.5290322580645161,False,229,225,2026-08-15T17:46:43
552,250,250_1,ba89af07,1,20004,contiguous,0.1,0.10043668122270742,0.5151111111111111,0.5290322580645161,False,229,225,2026-08-15T17:46:43
553,250,250_1,ba89af07,1,20004,contiguous,0.15,0.14847161572052403,0.5208888888888888,0.5290322580645161,False,229,225,2026-08-15T17:46:43
554,250,250_1,ba89af07,1,20004,contiguous,0.2,0.20087336244541484,0.5297777777777778,0.5290322580645161,True,229,225,2026-08-15T17:46:43
555,250,250_1,ba89af07,1,20004,contiguous,0.25,0.24890829694323144,0.5355555555555556,0.5290322580645161,True,229,225,2026-08-15T17:46:43
556,250,250_1,ba89af07,1,20004,contiguous,0.3,0.30131004366812225,0.5386666666666666,0.5290322580645161,True,229,225,2026-08-15T17:46:43
557,250,250_1,ba89af07,1,20004,contiguous,0.4,0.4017467248908297,0.5572072072072072,0.5290322580645161,True,229,222,2026-08-15T17:46:43
558,250,250_1,ba89af07,1,20004,contiguous,0.5,0.4978165938864629,0.5666666666666667,0.5290322580645161,True,229,222,2026-08-15T17:46:43
559,250,250_1,ba89af07,1,20004,scattered,0.05,0.048034934497816595,0.5093333333333333,0.5290322580645161,False,229,225,2026-08-15T17:46:43
560,250,250_1,ba89af07,1,20004,scattered,0.1,0.10043668122270742,0.504,0.5290322580645161,False,229,225,2026-08-15T17:46:43
561,250,250_1,ba89af07,1,20004,scattered,0.15,0.14847161572052403,0.5142857142857142,0.5290322580645161,False,229,224,2026-08-15T17:46:43
562,250,250_1,ba89af07,1,20004,scattered,0.2,0.20087336244541484,0.5140271493212669,0.5290322580645161,False,229,221,2026-08-15T17:46:43
563,250,250_1,ba89af07,1,20004,scattered,0.25,0.24890829694323144,0.5205479452054794,0.5290322580645161,False,229,219,2026-08-15T17:46:43
564,250,250_1,ba89af07,1,20004,scattered,0.3,0.30131004366812225,0.528110599078341,0.5290322580645161,False,229,217,2026-08-15T17:46:43
565,250,250_1,ba89af07,1,20004,scattered,0.4,0.4017467248908297,0.5471698113207547,0.5290322580645161,True,229,212,2026-08-15T17:46:43
566,250,250_1,ba89af07,1,20004,scattered,0.5,0.4978165938864629,0.5620192307692308,0.5290322580645161,True,229,208,2026-08-15T17:46:43
567,250,250_1,21f80958,2,-1,none,0.0,0.0,0.5137777777777778,0.5230769230769231,False,229,225,2026-08-15T17:46:43
568,250,250_1,21f80958,2,20000,contiguous,0.05,0.048034934497816595,0.5177777777777778,0.5230769230769231,False,229,225,2026-08-15T17:46:43
569,250,250_1,21f80958,2,20000,contiguous,0.1,0.10043668122270742,0.5284444444444445,0.5230769230769231,True,229,225,2026-08-15T17:46:43
570,250,250_1,21f80958,2,20000,contiguous,0.15,0.14847161572052403,0.536,0.5230769230769231,True,229,225,2026-08-15T17:46:43
571,250,250_1,21f80958,2,20000,contiguous,0.2,0.20087336244541484,0.544,0.5230769230769231,True,229,225,2026-08-15T17:46:43
572,250,250_1,21f80958,2,20000,contiguous,0.25,0.24890829694323144,0.5524444444444444,0.5230769230769231,True,229,225,2026-08-15T17:46:43
573,250,250_1,21f80958,2,20000,contiguous,0.3,0.30131004366812225,0.5622222222222222,0.5230769230769231,True,229,225,2026-08-15T17:46:43
574,250,250_1,21f80958,2,20000,contiguous,0.4,0.4017467248908297,0.5794642857142858,0.5230769230769231,True,229,224,2026-08-15T17:46:43
575,250,250_1,21f80958,2,20000,contiguous,0.5,0.4978165938864629,0.5977678571428572,0.5230769230769231,True,229,224,2026-08-15T17:46:43
576,250,250_1,21f80958,2,20000,scattered,0.05,0.048034934497816595,0.5137777777777778,0.5230769230769231,False,229,225,2026-08-15T17:46:43
577,250,250_1,21f80958,2,20000,scattered,0.1,0.10043668122270742,0.5115555555555555,0.5230769230769231,False,229,225,2026-08-15T17:46:43
578,250,250_1,21f80958,2,20000,scattered,0.15,0.14847161572052403,0.509375,0.5230769230769231,False,229,224,2026-08-15T17:46:43
579,250,250_1,21f80958,2,20000,scattered,0.2,0.20087336244541484,0.5196428571428572,0.5230769230769231,False,229,224,2026-08-15T17:46:43
580,250,250_1,21f80958,2,20000,scattered,0.25,0.24890829694323144,0.5361607142857143,0.5230769230769231,True,229,224,2026-08-15T17:46:43
581,250,250_1,21f80958,2,20000,scattered,0.3,0.30131004366812225,0.5459821428571429,0.5230769230769231,True,229,224,2026-08-15T17:46:43
582,250,250_1,21f80958,2,20000,scattered,0.4,0.4017467248908297,0.557847533632287,0.5230769230769231,True,229,223,2026-08-15T17:46:43
583,250,250_1,21f80958,2,20000,scattered,0.5,0.4978165938864629,0.5688073394495413,0.5230769230769231,True,229,218,2026-08-15T17:46:43
584,250,250_1,21f80958,2,20001,contiguous,0.05,0.048034934497816595,0.5217777777777778,0.5230769230769231,False,229,225,2026-08-15T17:46:43
585,250,250_1,21f80958,2,20001,contiguous,0.1,0.10043668122270742,0.5284444444444445,0.5230769230769231,True,229,225,2026-08-15T17:46:43
586,250,250_1,21f80958,2,20001,contiguous,0.15,0.14847161572052403,0.5324444444444445,0.5230769230769231,True,229,225,2026-08-15T17:46:43
587,250,250_1,21f80958,2,20001,contiguous,0.2,0.20087336244541484,0.5453333333333333,0.5230769230769231,True,229,225,2026-08-15T17:46:43
588,250,250_1,21f80958,2,20001,contiguous,0.25,0.24890829694323144,0.5524444444444444,0.5230769230769231,True,229,225,2026-08-15T17:46:43
589,250,250_1,21f80958,2,20001,contiguous,0.3,0.30131004366812225,0.5613333333333334,0.5230769230769231,True,229,225,2026-08-15T17:46:43
590,250,250_1,21f80958,2,20001,contiguous,0.4,0.4017467248908297,0.5671111111111111,0.5230769230769231,True,229,225,2026-08-15T17:46:43
591,250,250_1,21f80958,2,20001,contiguous,0.5,0.4978165938864629,0.5808888888888889,0.5230769230769231,True,229,225,2026-08-15T17:46:43
592,250,250_1,21f80958,2,20001,scattered,0.05,0.048034934497816595,0.5173333333333333,0.5230769230769231,False,229,225,2026-08-15T17:46:43
593,250,250_1,21f80958,2,20001,scattered,0.1,0.10043668122270742,0.5031111111111111,0.5230769230769231,False,229,225,2026-08-15T17:46:43
594,250,250_1,21f80958,2,20001,scattered,0.15,0.14847161572052403,0.5062222222222222,0.5230769230769231,False,229,225,2026-08-15T17:46:43
595,250,250_1,21f80958,2,20001,scattered,0.2,0.20087336244541484,0.5186666666666667,0.5230769230769231,False,229,225,2026-08-15T17:46:43
596,250,250_1,21f80958,2,20001,scattered,0.25,0.24890829694323144,0.5235555555555556,0.5230769230769231,True,229,225,2026-08-15T17:46:43
597,250,250_1,21f80958,2,20001,scattered,0.3,0.30131004366812225,0.5271111111111111,0.5230769230769231,True,229,225,2026-08-15T17:46:43
598,250,250_1,21f80958,2,20001,scattered,0.4,0.4017467248908297,0.5511111111111111,0.5230769230769231,True,229,225,2026-08-15T17:46:43
599,250,250_1,21f80958,2,20001,scattered,0.5,0.4978165938864629,0.5653333333333334,0.5230769230769231,True,229,225,2026-08-15T17:46:43
600,250,250_1,21f80958,2,20002,contiguous,0.05,0.048034934497816595,0.524,0.5230769230769231,True,229,225,2026-08-15T17:46:43
601,250,250_1,21f80958,2,20002,contiguous,0.1,0.10043668122270742,0.5311111111111111,0.5230769230769231,True,229,225,2026-08-15T17:46:43
602,250,250_1,21f80958,2,20002,contiguous,0.15,0.14847161572052403,0.5386666666666666,0.5230769230769231,True,229,225,2026-08-15T17:46:43
603,250,250_1,21f80958,2,20002,contiguous,0.2,0.20087336244541484,0.548,0.5230769230769231,True,229,225,2026-08-15T17:46:43
604,250,250_1,21f80958,2,20002,contiguous,0.25,0.24890829694323144,0.5551111111111111,0.5230769230769231,True,229,225,2026-08-15T17:46:43
605,250,250_1,21f80958,2,20002,contiguous,0.3,0.30131004366812225,0.5657777777777778,0.5230769230769231,True,229,225,2026-08-15T17:46:43
606,250,250_1,21f80958,2,20002,contiguous,0.4,0.4017467248908297,0.5733333333333334,0.5230769230769231,True,229,225,2026-08-15T17:46:43
607,250,250_1,21f80958,2,20002,contiguous,0.5,0.4978165938864629,0.5902222222222222,0.5230769230769231,True,229,225,2026-08-15T17:46:43
608,250,250_1,21f80958,2,20002,scattered,0.05,0.048034934497816595,0.5093333333333333,0.5230769230769231,False,229,225,2026-08-15T17:46:43
609,250,250_1,21f80958,2,20002,scattered,0.1,0.10043668122270742,0.5057777777777778,0.5230769230769231,False,229,225,2026-08-15T17:46:43
610,250,250_1,21f80958,2,20002,scattered,0.15,0.14847161572052403,0.5142222222222222,0.5230769230769231,False,229,225,2026-08-15T17:46:43
611,250,250_1,21f80958,2,20002,scattered,0.2,0.20087336244541484,0.5222222222222223,0.5230769230769231,False,229,225,2026-08-15T17:46:43
612,250,250_1,21f80958,2,20002,scattered,0.25,0.24890829694323144,0.5311111111111111,0.5230769230769231,True,229,225,2026-08-15T17:46:43
613,250,250_1,21f80958,2,20002,scattered,0.3,0.30131004366812225,0.5408888888888889,0.5230769230769231,True,229,225,2026-08-15T17:46:43
614,250,250_1,21f80958,2,20002,scattered,0.4,0.4017467248908297,0.552,0.5230769230769231,True,229,225,2026-08-15T17:46:43
615,250,250_1,21f80958,2,20002,scattered,0.5,0.4978165938864629,0.5698198198198198,0.5230769230769231,True,229,222,2026-08-15T17:46:43
616,250,250_1,21f80958,2,20003,contiguous,0.05,0.048034934497816595,0.5182222222222223,0.5230769230769231,False,229,225,2026-08-15T17:46:43
617,250,250_1,21f80958,2,20003,contiguous,0.1,0.10043668122270742,0.5205357142857143,0.5230769230769231,False,229,224,2026-08-15T17:46:43
618,250,250_1,21f80958,2,20003,contiguous,0.15,0.14847161572052403,0.5334821428571429,0.5230769230769231,True,229,224,2026-08-15T17:46:43
619,250,250_1,21f80958,2,20003,contiguous,0.2,0.20087336244541484,0.5424107142857143,0.5230769230769231,True,229,224,2026-08-15T17:46:43
620,250,250_1,21f80958,2,20003,contiguous,0.25,0.24890829694323144,0.5522321428571428,0.5230769230769231,True,229,224,2026-08-15T17:46:43
621,250,250_1,21f80958,2,20003,contiguous,0.3,0.30131004366812225,0.5582222222222222,0.5230769230769231,True,229,225,2026-08-15T17:46:43
622,250,250_1,21f80958,2,20003,contiguous,0.4,0.4017467248908297,0.5688888888888889,0.5230769230769231,True,229,225,2026-08-15T17:46:43
623,250,250_1,21f80958,2,20003,contiguous,0.5,0.4978165938864629,0.5822222222222222,0.5230769230769231,True,229,225,2026-08-15T17:46:43
624,250,250_1,21f80958,2,20003,scattered,0.05,0.048034934497816595,0.5115555555555555,0.5230769230769231,False,229,225,2026-08-15T17:46:43
625,250,250_1,21f80958,2,20003,scattered,0.1,0.10043668122270742,0.5102222222222222,0.5230769230769231,False,229,225,2026-08-15T17:46:43
626,250,250_1,21f80958,2,20003,scattered,0.15,0.14847161572052403,0.5235555555555556,0.5230769230769231,True,229,225,2026-08-15T17:46:43
627,250,250_1,21f80958,2,20003,scattered,0.2,0.20087336244541484,0.5266666666666666,0.5230769230769231,True,229,225,2026-08-15T17:46:43
628,250,250_1,21f80958,2,20003,scattered,0.25,0.24890829694323144,0.5275555555555556,0.5230769230769231,True,229,225,2026-08-15T17:46:43
629,250,250_1,21f80958,2,20003,scattered,0.3,0.30131004366812225,0.5435555555555556,0.5230769230769231,True,229,225,2026-08-15T17:46:43
630,250,250_1,21f80958,2,20003,scattered,0.4,0.4017467248908297,0.5542222222222222,0.5230769230769231,True,229,225,2026-08-15T17:46:43
631,250,250_1,21f80958,2,20003,scattered,0.5,0.4978165938864629,0.5754464285714286,0.5230769230769231,True,229,224,2026-08-15T17:46:43
632,250,250_1,21f80958,2,20004,contiguous,0.05,0.048034934497816595,0.5151111111111111,0.5230769230769231,False,229,225,2026-08-15T17:46:43
633,250,250_1,21f80958,2,20004,contiguous,0.1,0.10043668122270742,0.5257777777777778,0.5230769230769231,True,229,225,2026-08-15T17:46:43
634,250,250_1,21f80958,2,20004,contiguous,0.15,0.14847161572052403,0.5271111111111111,0.5230769230769231,True,229,225,2026-08-15T17:46:43
635,250,250_1,21f80958,2,20004,contiguous,0.2,0.20087336244541484,0.5330357142857143,0.5230769230769231,True,229,224,2026-08-15T17:46:43
636,250,250_1,21f80958,2,20004,contiguous,0.25,0.24890829694323144,0.54304932735426,0.5230769230769231,True,229,223,2026-08-15T17:46:43
637,250,250_1,21f80958,2,20004,contiguous,0.3,0.30131004366812225,0.55,0.5230769230769231,True,229,220,2026-08-15T17:46:43
638,250,250_1,21f80958,2,20004,contiguous,0.4,0.4017467248908297,0.5574074074074075,0.5230769230769231,True,229,216,2026-08-15T17:46:43
639,250,250_1,21f80958,2,20004,contiguous,0.5,0.4978165938864629,0.5763888888888888,0.5230769230769231,True,229,216,2026-08-15T17:46:43
640,250,250_1,21f80958,2,20004,scattered,0.05,0.048034934497816595,0.5151111111111111,0.5230769230769231,False,229,225,2026-08-15T17:46:43
641,250,250_1,21f80958,2,20004,scattered,0.1,0.10043668122270742,0.5057777777777778,0.5230769230769231,False,229,225,2026-08-15T17:46:43
642,250,250_1,21f80958,2,20004,scattered,0.15,0.14847161572052403,0.5222222222222223,0.5230769230769231,False,229,225,2026-08-15T17:46:43
643,250,250_1,21f80958,2,20004,scattered,0.2,0.20087336244541484,0.5195555555555555,0.5230769230769231,False,229,225,2026-08-15T17:46:43
644,250,250_1,21f80958,2,20004,scattered,0.25,0.24890829694323144,0.5262222222222223,0.5230769230769231,True,229,225,2026-08-15T17:46:43
645,250,250_1,21f80958,2,20004,scattered,0.3,0.30131004366812225,0.5348214285714286,0.5230769230769231,True,229,224,2026-08-15T17:46:43
646,250,250_1,21f80958,2,20004,scattered,0.4,0.4017467248908297,0.545045045045045,0.5230769230769231,True,229,222,2026-08-15T17:46:43
647,250,250_1,21f80958,2,20004,scattered,0.5,0.4978165938864629,0.5570135746606335,0.5230769230769231,True,229,221,2026-08-15T17:46:43
648,250,250_1,7ae45fec,3,-1,none,0.0,0.0,0.4831111111111111,0.5251655629139073,False,229,225,2026-08-15T17:46:43
649,250,250_1,7ae45fec,3,20000,contiguous,0.05,0.048034934497816595,0.4902222222222222,0.5251655629139073,False,229,225,2026-08-15T17:46:43
650,250,250_1,7ae45fec,3,20000,contiguous,0.1,0.10043668122270742,0.49422222222222223,0.5251655629139073,False,229,225,2026-08-15T17:46:43
651,250,250_1,7ae45fec,3,20000,contiguous,0.15,0.14847161572052403,0.5057777777777778,0.5251655629139073,False,229,225,2026-08-15T17:46:43
652,250,250_1,7ae45fec,3,20000,contiguous,0.2,0.20087336244541484,0.5128888888888888,0.5251655629139073,False,229,225,2026-08-15T17:46:43
653,250,250_1,7ae45fec,3,20000,contiguous,0.25,0.24890829694323144,0.5208888888888888,0.5251655629139073,False,229,225,2026-08-15T17:46:43
654,250,250_1,7ae45fec,3,20000,contiguous,0.3,0.30131004366812225,0.532,0.5251655629139073,True,229,225,2026-08-15T17:46:43
655,250,250_1,7ae45fec,3,20000,contiguous,0.4,0.4017467248908297,0.5555555555555556,0.5251655629139073,True,229,225,2026-08-15T17:46:43
656,250,250_1,7ae45fec,3,20000,contiguous,0.5,0.4978165938864629,0.5733333333333334,0.5251655629139073,True,229,225,2026-08-15T17:46:43
657,250,250_1,7ae45fec,3,20000,scattered,0.05,0.048034934497816595,0.48355555555555557,0.5251655629139073,False,229,225,2026-08-15T17:46:43
658,250,250_1,7ae45fec,3,20000,scattered,0.1,0.10043668122270742,0.48444444444444446,0.5251655629139073,False,229,225,2026-08-15T17:46:43
659,250,250_1,7ae45fec,3,20000,scattered,0.15,0.14847161572052403,0.49822222222222223,0.5251655629139073,False,229,225,2026-08-15T17:46:43
660,250,250_1,7ae45fec,3,20000,scattered,0.2,0.20087336244541484,0.492,0.5251655629139073,False,229,225,2026-08-15T17:46:43
661,250,250_1,7ae45fec,3,20000,scattered,0.25,0.24890829694323144,0.5111607142857143,0.5251655629139073,False,229,224,2026-08-15T17:46:43
662,250,250_1,7ae45fec,3,20000,scattered,0.3,0.30131004366812225,0.5309417040358745,0.5251655629139073,True,229,223,2026-08-15T17:46:43
663,250,250_1,7ae45fec,3,20000,scattered,0.4,0.4017467248908297,0.5524663677130045,0.5251655629139073,True,229,223,2026-08-15T17:46:43
664,250,250_1,7ae45fec,3,20000,scattered,0.5,0.4978165938864629,0.5659192825112107,0.5251655629139073,True,229,223,2026-08-15T17:46:43
665,250,250_1,7ae45fec,3,20001,contiguous,0.05,0.048034934497816595,0.48444444444444446,0.5251655629139073,False,229,225,2026-08-15T17:46:43
666,250,250_1,7ae45fec,3,20001,contiguous,0.1,0.10043668122270742,0.48933333333333334,0.5251655629139073,False,229,225,2026-08-15T17:46:43
667,250,250_1,7ae45fec,3,20001,contiguous,0.15,0.14847161572052403,0.504,0.5251655629139073,False,229,225,2026-08-15T17:46:43
668,250,250_1,7ae45fec,3,20001,contiguous,0.2,0.20087336244541484,0.5097777777777778,0.5251655629139073,False,229,225,2026-08-15T17:46:43
669,250,250_1,7ae45fec,3,20001,contiguous,0.25,0.24890829694323144,0.5195555555555555,0.5251655629139073,False,229,225,2026-08-15T17:46:43
670,250,250_1,7ae45fec,3,20001,contiguous,0.3,0.30131004366812225,0.5164444444444445,0.5251655629139073,False,229,225,2026-08-15T17:46:43
671,250,250_1,7ae45fec,3,20001,contiguous,0.4,0.4017467248908297,0.5342222222222223,0.5251655629139073,True,229,225,2026-08-15T17:46:43
672,250,250_1,7ae45fec,3,20001,contiguous,0.5,0.4978165938864629,0.5431111111111111,0.5251655629139073,True,229,225,2026-08-15T17:46:43
673,250,250_1,7ae45fec,3,20001,scattered,0.05,0.048034934497816595,0.48133333333333334,0.5251655629139073,False,229,225,2026-08-15T17:46:43
674,250,250_1,7ae45fec,3,20001,scattered,0.1,0.10043668122270742,0.48488888888888887,0.5251655629139073,False,229,225,2026-08-15T17:46:43
675,250,250_1,7ae45fec,3,20001,scattered,0.15,0.14847161572052403,0.49377777777777776,0.5251655629139073,False,229,225,2026-08-15T17:46:43
676,250,250_1,7ae45fec,3,20001,scattered,0.2,0.20087336244541484,0.5035714285714286,0.5251655629139073,False,229,224,2026-08-15T17:46:43
677,250,250_1,7ae45fec,3,20001,scattered,0.25,0.24890829694323144,0.5071111111111111,0.5251655629139073,False,229,225,2026-08-15T17:46:43
678,250,250_1,7ae45fec,3,20001,scattered,0.3,0.30131004366812225,0.5324444444444445,0.5251655629139073,True,229,225,2026-08-15T17:46:43
679,250,250_1,7ae45fec,3,20001,scattered,0.4,0.4017467248908297,0.5457777777777778,0.5251655629139073,True,229,225,2026-08-15T17:46:43
680,250,250_1,7ae45fec,3,20001,scattered,0.5,0.4978165938864629,0.5591111111111111,0.5251655629139073,True,229,225,2026-08-15T17:46:43
681,250,250_1,7ae45fec,3,20002,contiguous,0.05,0.048034934497816595,0.48977777777777776,0.5251655629139073,False,229,225,2026-08-15T17:46:43
682,250,250_1,7ae45fec,3,20002,contiguous,0.1,0.10043668122270742,0.4951111111111111,0.5251655629139073,False,229,225,2026-08-15T17:46:43
683,250,250_1,7ae45fec,3,20002,contiguous,0.15,0.14847161572052403,0.5057777777777778,0.5251655629139073,False,229,225,2026-08-15T17:46:43
684,250,250_1,7ae45fec,3,20002,contiguous,0.2,0.20087336244541484,0.5128888888888888,0.5251655629139073,False,229,225,2026-08-15T17:46:43
685,250,250_1,7ae45fec,3,20002,contiguous,0.25,0.24890829694323144,0.524,0.5251655629139073,False,229,225,2026-08-15T17:46:43
686,250,250_1,7ae45fec,3,20002,contiguous,0.3,0.30131004366812225,0.5315555555555556,0.5251655629139073,True,229,225,2026-08-15T17:46:43
687,250,250_1,7ae45fec,3,20002,contiguous,0.4,0.4017467248908297,0.5533333333333333,0.5251655629139073,True,229,225,2026-08-15T17:46:43
688,250,250_1,7ae45fec,3,20002,contiguous,0.5,0.4978165938864629,0.5678571428571428,0.5251655629139073,True,229,224,2026-08-15T17:46:43
689,250,250_1,7ae45fec,3,20002,scattered,0.05,0.048034934497816595,0.484,0.5251655629139073,False,229,225,2026-08-15T17:46:43
690,250,250_1,7ae45fec,3,20002,scattered,0.1,0.10043668122270742,0.48044444444444445,0.5251655629139073,False,229,225,2026-08-15T17:46:43
691,250,250_1,7ae45fec,3,20002,scattered,0.15,0.14847161572052403,0.4991111111111111,0.5251655629139073,False,229,225,2026-08-15T17:46:43
692,250,250_1,7ae45fec,3,20002,scattered,0.2,0.20087336244541484,0.4955555555555556,0.5251655629139073,False,229,225,2026-08-15T17:46:43
693,250,250_1,7ae45fec,3,20002,scattered,0.25,0.24890829694323144,0.5124444444444445,0.5251655629139073,False,229,225,2026-08-15T17:46:43
694,250,250_1,7ae45fec,3,20002,scattered,0.3,0.30131004366812225,0.5302222222222223,0.5251655629139073,True,229,225,2026-08-15T17:46:43
695,250,250_1,7ae45fec,3,20002,scattered,0.4,0.4017467248908297,0.5466666666666666,0.5251655629139073,True,229,225,2026-08-15T17:46:43
696,250,250_1,7ae45fec,3,20002,scattered,0.5,0.4978165938864629,0.5657777777777778,0.5251655629139073,True,229,225,2026-08-15T17:46:43
697,250,250_1,7ae45fec,3,20003,contiguous,0.05,0.048034934497816595,0.4871111111111111,0.5251655629139073,False,229,225,2026-08-15T17:46:43
698,250,250_1,7ae45fec,3,20003,contiguous,0.1,0.10043668122270742,0.4911111111111111,0.5251655629139073,False,229,225,2026-08-15T17:46:43
699,250,250_1,7ae45fec,3,20003,contiguous,0.15,0.14847161572052403,0.4991111111111111,0.5251655629139073,False,229,225,2026-08-15T17:46:43
700,250,250_1,7ae45fec,3,20003,contiguous,0.2,0.20087336244541484,0.509009009009009,0.5251655629139073,False,229,222,2026-08-15T17:46:43
701,250,250_1,7ae45fec,3,20003,contiguous,0.25,0.24890829694323144,0.5166666666666667,0.5251655629139073,False,229,222,2026-08-15T17:46:43
702,250,250_1,7ae45fec,3,20003,contiguous,0.3,0.30131004366812225,0.5238738738738739,0.5251655629139073,False,229,222,2026-08-15T17:46:43
703,250,250_1,7ae45fec,3,20003,contiguous,0.4,0.4017467248908297,0.5424528301886793,0.5251655629139073,True,229,212,2026-08-15T17:46:43
704,250,250_1,7ae45fec,3,20003,contiguous,0.5,0.4978165938864629,0.5575471698113208,0.5251655629139073,True,229,212,2026-08-15T17:46:43
705,250,250_1,7ae45fec,3,20003,scattered,0.05,0.048034934497816595,0.4791111111111111,0.5251655629139073,False,229,225,2026-08-15T17:46:43
706,250,250_1,7ae45fec,3,20003,scattered,0.1,0.10043668122270742,0.4862222222222222,0.5251655629139073,False,229,225,2026-08-15T17:46:43
707,250,250_1,7ae45fec,3,20003,scattered,0.15,0.14847161572052403,0.4860986547085202,0.5251655629139073,False,229,223,2026-08-15T17:46:43
708,250,250_1,7ae45fec,3,20003,scattered,0.2,0.20087336244541484,0.49411764705882355,0.5251655629139073,False,229,221,2026-08-15T17:46:43
709,250,250_1,7ae45fec,3,20003,scattered,0.25,0.24890829694323144,0.5018264840182648,0.5251655629139073,False,229,219,2026-08-15T17:46:43
710,250,250_1,7ae45fec,3,20003,scattered,0.3,0.30131004366812225,0.5092165898617511,0.5251655629139073,False,229,217,2026-08-15T17:46:43
711,250,250_1,7ae45fec,3,20003,scattered,0.4,0.4017467248908297,0.5419354838709678,0.5251655629139073,True,229,217,2026-08-15T17:46:43
712,250,250_1,7ae45fec,3,20003,scattered,0.5,0.4978165938864629,0.5649769585253456,0.5251655629139073,True,229,217,2026-08-15T17:46:43
713,250,250_1,7ae45fec,3,20004,contiguous,0.05,0.048034934497816595,0.484,0.5251655629139073,False,229,225,2026-08-15T17:46:43
714,250,250_1,7ae45fec,3,20004,contiguous,0.1,0.10043668122270742,0.48844444444444446,0.5251655629139073,False,229,225,2026-08-15T17:46:43
715,250,250_1,7ae45fec,3,20004,contiguous,0.15,0.14847161572052403,0.4973214285714286,0.5251655629139073,False,229,224,2026-08-15T17:46:43
716,250,250_1,7ae45fec,3,20004,contiguous,0.2,0.20087336244541484,0.5040178571428572,0.5251655629139073,False,229,224,2026-08-15T17:46:43
717,250,250_1,7ae45fec,3,20004,contiguous,0.25,0.24890829694323144,0.5134529147982063,0.5251655629139073,False,229,223,2026-08-15T17:46:43
718,250,250_1,7ae45fec,3,20004,contiguous,0.3,0.30131004366812225,0.5135746606334841,0.5251655629139073,False,229,221,2026-08-15T17:46:43
719,250,250_1,7ae45fec,3,20004,contiguous,0.4,0.4017467248908297,0.5301369863013699,0.5251655629139073,True,229,219,2026-08-15T17:46:43
720,250,250_1,7ae45fec,3,20004,contiguous,0.5,0.4978165938864629,0.5408256880733945,0.5251655629139073,True,229,218,2026-08-15T17:46:43
721,250,250_1,7ae45fec,3,20004,scattered,0.05,0.048034934497816595,0.4826666666666667,0.5251655629139073,False,229,225,2026-08-15T17:46:43
722,250,250_1,7ae45fec,3,20004,scattered,0.1,0.10043668122270742,0.4826666666666667,0.5251655629139073,False,229,225,2026-08-15T17:46:43
723,250,250_1,7ae45fec,3,20004,scattered,0.15,0.14847161572052403,0.4915555555555556,0.5251655629139073,False,229,225,2026-08-15T17:46:43
724,250,250_1,7ae45fec,3,20004,scattered,0.2,0.20087336244541484,0.5,0.5251655629139073,False,229,225,2026-08-15T17:46:43
725,250,250_1,7ae45fec,3,20004,scattered,0.25,0.24890829694323144,0.5173333333333333,0.5251655629139073,False,229,225,2026-08-15T17:46:43
726,250,250_1,7ae45fec,3,20004,scattered,0.3,0.30131004366812225,0.5257777777777778,0.5251655629139073,True,229,225,2026-08-15T17:46:43
727,250,250_1,7ae45fec,3,20004,scattered,0.4,0.4017467248908297,0.547085201793722,0.5251655629139073,True,229,223,2026-08-15T17:46:43
728,250,250_1,7ae45fec,3,20004,scattered,0.5,0.4978165938864629,0.5569506726457399,0.5251655629139073,True,229,223,2026-08-15T17:46:43
729,250,250_1,d9b174c2,4,-1,none,0.0,0.0,0.4955555555555556,0.5393333333333333,False,229,225,2026-08-15T17:46:43
730,250,250_1,d9b174c2,4,20000,contiguous,0.05,0.048034934497816595,0.5022222222222222,0.5393333333333333,False,229,225,2026-08-15T17:46:43
731,250,250_1,d9b174c2,4,20000,contiguous,0.1,0.10043668122270742,0.5124444444444445,0.5393333333333333,False,229,225,2026-08-15T17:46:43
732,250,250_1,d9b174c2,4,20000,contiguous,0.15,0.14847161572052403,0.5222222222222223,0.5393333333333333,False,229,225,2026-08-15T17:46:43
733,250,250_1,d9b174c2,4,20000,contiguous,0.2,0.20087336244541484,0.5368888888888889,0.5393333333333333,False,229,225,2026-08-15T17:46:43
734,250,250_1,d9b174c2,4,20000,contiguous,0.25,0.24890829694323144,0.5382222222222223,0.5393333333333333,False,229,225,2026-08-15T17:46:43
735,250,250_1,d9b174c2,4,20000,contiguous,0.3,0.30131004366812225,0.5542222222222222,0.5393333333333333,True,229,225,2026-08-15T17:46:43
736,250,250_1,d9b174c2,4,20000,contiguous,0.4,0.4017467248908297,0.5697777777777778,0.5393333333333333,True,229,225,2026-08-15T17:46:43
737,250,250_1,d9b174c2,4,20000,contiguous,0.5,0.4978165938864629,0.5875555555555556,0.5393333333333333,True,229,225,2026-08-15T17:46:43
738,250,250_1,d9b174c2,4,20000,scattered,0.05,0.048034934497816595,0.49866666666666665,0.5393333333333333,False,229,225,2026-08-15T17:46:43
739,250,250_1,d9b174c2,4,20000,scattered,0.1,0.10043668122270742,0.49777777777777776,0.5393333333333333,False,229,225,2026-08-15T17:46:43
740,250,250_1,d9b174c2,4,20000,scattered,0.15,0.14847161572052403,0.504,0.5393333333333333,False,229,225,2026-08-15T17:46:43
741,250,250_1,d9b174c2,4,20000,scattered,0.2,0.20087336244541484,0.5173333333333333,0.5393333333333333,False,229,225,2026-08-15T17:46:43
742,250,250_1,d9b174c2,4,20000,scattered,0.25,0.24890829694323144,0.5177777777777778,0.5393333333333333,False,229,225,2026-08-15T17:46:43
743,250,250_1,d9b174c2,4,20000,scattered,0.3,0.30131004366812225,0.5377777777777778,0.5393333333333333,False,229,225,2026-08-15T17:46:43
744,250,250_1,d9b174c2,4,20000,scattered,0.4,0.4017467248908297,0.5457777777777778,0.5393333333333333,True,229,225,2026-08-15T17:46:43
745,250,250_1,d9b174c2,4,20000,scattered,0.5,0.4978165938864629,0.5666666666666667,0.5393333333333333,True,229,225,2026-08-15T17:46:43
746,250,250_1,d9b174c2,4,20001,contiguous,0.05,0.048034934497816595,0.49508928571428573,0.5393333333333333,False,229,224,2026-08-15T17:46:43
747,250,250_1,d9b174c2,4,20001,contiguous,0.1,0.10043668122270742,0.50625,0.5393333333333333,False,229,224,2026-08-15T17:46:43
748,250,250_1,d9b174c2,4,20001,contiguous,0.15,0.14847161572052403,0.5143497757847534,0.5393333333333333,False,229,223,2026-08-15T17:46:43
749,250,250_1,d9b174c2,4,20001,contiguous,0.2,0.20087336244541484,0.526457399103139,0.5393333333333333,False,229,223,2026-08-15T17:46:43
750,250,250_1,d9b174c2,4,20001,contiguous,0.25,0.24890829694323144,0.5399103139013453,0.5393333333333333,True,229,223,2026-08-15T17:46:43
751,250,250_1,d9b174c2,4,20001,contiguous,0.3,0.30131004366812225,0.5422727272727272,0.5393333333333333,True,229,220,2026-08-15T17:46:43
752,250,250_1,d9b174c2,4,20001,contiguous,0.4,0.4017467248908297,0.5516129032258065,0.5393333333333333,True,229,217,2026-08-15T17:46:43
753,250,250_1,d9b174c2,4,20001,contiguous,0.5,0.4978165938864629,0.5640552995391706,0.5393333333333333,True,229,217,2026-08-15T17:46:43
754,250,250_1,d9b174c2,4,20001,scattered,0.05,0.048034934497816595,0.4928888888888889,0.5393333333333333,False,229,225,2026-08-15T17:46:43
755,250,250_1,d9b174c2,4,20001,scattered,0.1,0.10043668122270742,0.5026666666666667,0.5393333333333333,False,229,225,2026-08-15T17:46:43
756,250,250_1,d9b174c2,4,20001,scattered,0.15,0.14847161572052403,0.5022222222222222,0.5393333333333333,False,229,225,2026-08-15T17:46:43
757,250,250_1,d9b174c2,4,20001,scattered,0.2,0.20087336244541484,0.5017857142857143,0.5393333333333333,False,229,224,2026-08-15T17:46:43
758,250,250_1,d9b174c2,4,20001,scattered,0.25,0.24890829694323144,0.5044642857142857,0.5393333333333333,False,229,224,2026-08-15T17:46:43
759,250,250_1,d9b174c2,4,20001,scattered,0.3,0.30131004366812225,0.5178571428571429,0.5393333333333333,False,229,224,2026-08-15T17:46:43
760,250,250_1,d9b174c2,4,20001,scattered,0.4,0.4017467248908297,0.5297297297297298,0.5393333333333333,False,229,222,2026-08-15T17:46:43
761,250,250_1,d9b174c2,4,20001,scattered,0.5,0.4978165938864629,0.5568807339449541,0.5393333333333333,True,229,218,2026-08-15T17:46:43
762,250,250_1,d9b174c2,4,20002,contiguous,0.05,0.048034934497816595,0.5022222222222222,0.5393333333333333,False,229,225,2026-08-15T17:46:43
763,250,250_1,d9b174c2,4,20002,contiguous,0.1,0.10043668122270742,0.5106666666666667,0.5393333333333333,False,229,225,2026-08-15T17:46:43
764,250,250_1,d9b174c2,4,20002,contiguous,0.15,0.14847161572052403,0.516,0.5393333333333333,False,229,225,2026-08-15T17:46:43
765,250,250_1,d9b174c2,4,20002,contiguous,0.2,0.20087336244541484,0.532,0.5393333333333333,False,229,225,2026-08-15T17:46:43
766,250,250_1,d9b174c2,4,20002,contiguous,0.25,0.24890829694323144,0.5366071428571428,0.5393333333333333,False,229,224,2026-08-15T17:46:43
767,250,250_1,d9b174c2,4,20002,contiguous,0.3,0.30131004366812225,0.5479820627802691,0.5393333333333333,True,229,223,2026-08-15T17:46:43
768,250,250_1,d9b174c2,4,20002,contiguous,0.4,0.4017467248908297,0.5623853211009174,0.5393333333333333,True,229,218,2026-08-15T17:46:43
769,250,250_1,d9b174c2,4,20002,contiguous,0.5,0.4978165938864629,0.581651376146789,0.5393333333333333,True,229,218,2026-08-15T17:46:43
770,250,250_1,d9b174c2,4,20002,scattered,0.05,0.048034934497816595,0.5013333333333333,0.5393333333333333,False,229,225,2026-08-15T17:46:43
771,250,250_1,d9b174c2,4,20002,scattered,0.1,0.10043668122270742,0.49644444444444447,0.5393333333333333,False,229,225,2026-08-15T17:46:43
772,250,250_1,d9b174c2,4,20002,scattered,0.15,0.14847161572052403,0.5017777777777778,0.5393333333333333,False,229,225,2026-08-15T17:46:43
773,250,250_1,d9b174c2,4,20002,scattered,0.2,0.20087336244541484,0.5075555555555555,0.5393333333333333,False,229,225,2026-08-15T17:46:43
774,250,250_1,d9b174c2,4,20002,scattered,0.25,0.24890829694323144,0.5226666666666666,0.5393333333333333,False,229,225,2026-08-15T17:46:43
775,250,250_1,d9b174c2,4,20002,scattered,0.3,0.30131004366812225,0.5284444444444445,0.5393333333333333,False,229,225,2026-08-15T17:46:43
776,250,250_1,d9b174c2,4,20002,scattered,0.4,0.4017467248908297,0.5466367713004484,0.5393333333333333,True,229,223,2026-08-15T17:46:43
777,250,250_1,d9b174c2,4,20002,scattered,0.5,0.4978165938864629,0.5722727272727273,0.5393333333333333,True,229,220,2026-08-15T17:46:43
778,250,250_1,d9b174c2,4,20003,contiguous,0.05,0.048034934497816595,0.5004444444444445,0.5393333333333333,False,229,225,2026-08-15T17:46:43
779,250,250_1,d9b174c2,4,20003,contiguous,0.1,0.10043668122270742,0.5097777777777778,0.5393333333333333,False,229,225,2026-08-15T17:46:43
780,250,250_1,d9b174c2,4,20003,contiguous,0.15,0.14847161572052403,0.5186666666666667,0.5393333333333333,False,229,225,2026-08-15T17:46:43
781,250,250_1,d9b174c2,4,20003,contiguous,0.2,0.20087336244541484,0.5275555555555556,0.5393333333333333,False,229,225,2026-08-15T17:46:43
782,250,250_1,d9b174c2,4,20003,contiguous,0.25,0.24890829694323144,0.5315555555555556,0.5393333333333333,False,229,225,2026-08-15T17:46:43
783,250,250_1,d9b174c2,4,20003,contiguous,0.3,0.30131004366812225,0.5448888888888889,0.5393333333333333,True,229,225,2026-08-15T17:46:43
784,250,250_1,d9b174c2,4,20003,contiguous,0.4,0.4017467248908297,0.5587443946188341,0.5393333333333333,True,229,223,2026-08-15T17:46:43
785,250,250_1,d9b174c2,4,20003,contiguous,0.5,0.4978165938864629,0.5743243243243243,0.5393333333333333,True,229,222,2026-08-15T17:46:43
786,250,250_1,d9b174c2,4,20003,scattered,0.05,0.048034934497816595,0.492,0.5393333333333333,False,229,225,2026-08-15T17:46:43
787,250,250_1,d9b174c2,4,20003,scattered,0.1,0.10043668122270742,0.5026666666666667,0.5393333333333333,False,229,225,2026-08-15T17:46:43
788,250,250_1,d9b174c2,4,20003,scattered,0.15,0.14847161572052403,0.5053333333333333,0.5393333333333333,False,229,225,2026-08-15T17:46:43
789,250,250_1,d9b174c2,4,20003,scattered,0.2,0.20087336244541484,0.5097777777777778,0.5393333333333333,False,229,225,2026-08-15T17:46:43
790,250,250_1,d9b174c2,4,20003,scattered,0.25,0.24890829694323144,0.5257777777777778,0.5393333333333333,False,229,225,2026-08-15T17:46:43
791,250,250_1,d9b174c2,4,20003,scattered,0.3,0.30131004366812225,0.536,0.5393333333333333,False,229,225,2026-08-15T17:46:43
792,250,250_1,d9b174c2,4,20003,scattered,0.4,0.4017467248908297,0.5491071428571429,0.5393333333333333,True,229,224,2026-08-15T17:46:43
793,250,250_1,d9b174c2,4,20003,scattered,0.5,0.4978165938864629,0.5558035714285714,0.5393333333333333,True,229,224,2026-08-15T17:46:43
794,250,250_1,d9b174c2,4,20004,contiguous,0.05,0.048034934497816595,0.504,0.5393333333333333,False,229,225,2026-08-15T17:46:43
795,250,250_1,d9b174c2,4,20004,contiguous,0.1,0.10043668122270742,0.5151111111111111,0.5393333333333333,False,229,225,2026-08-15T17:46:43
796,250,250_1,d9b174c2,4,20004,contiguous,0.15,0.14847161572052403,0.5275555555555556,0.5393333333333333,False,229,225,2026-08-15T17:46:43
797,250,250_1,d9b174c2,4,20004,contiguous,0.2,0.20087336244541484,0.5377777777777778,0.5393333333333333,False,229,225,2026-08-15T17:46:43
798,250,250_1,d9b174c2,4,20004,contiguous,0.25,0.24890829694323144,0.5475555555555556,0.5393333333333333,True,229,225,2026-08-15T17:46:43
799,250,250_1,d9b174c2,4,20004,contiguous,0.3,0.30131004366812225,0.5577777777777778,0.5393333333333333,True,229,225,2026-08-15T17:46:43
800,250,250_1,d9b174c2,4,20004,contiguous,0.4,0.4017467248908297,0.5738738738738739,0.5393333333333333,True,229,222,2026-08-15T17:46:43
801,250,250_1,d9b174c2,4,20004,contiguous,0.5,0.4978165938864629,0.5896396396396396,0.5393333333333333,True,229,222,2026-08-15T17:46:43
802,250,250_1,d9b174c2,4,20004,scattered,0.05,0.048034934497816595,0.5062222222222222,0.5393333333333333,False,229,225,2026-08-15T17:46:43
803,250,250_1,d9b174c2,4,20004,scattered,0.1,0.10043668122270742,0.4915555555555556,0.5393333333333333,False,229,225,2026-08-15T17:46:43
804,250,250_1,d9b174c2,4,20004,scattered,0.15,0.14847161572052403,0.5084444444444445,0.5393333333333333,False,229,225,2026-08-15T17:46:43
805,250,250_1,d9b174c2,4,20004,scattered,0.2,0.20087336244541484,0.5186666666666667,0.5393333333333333,False,229,225,2026-08-15T17:46:43
806,250,250_1,d9b174c2,4,20004,scattered,0.25,0.24890829694323144,0.524,0.5393333333333333,False,229,225,2026-08-15T17:46:43
807,250,250_1,d9b174c2,4,20004,scattered,0.3,0.30131004366812225,0.5368888888888889,0.5393333333333333,False,229,225,2026-08-15T17:46:43
808,250,250_1,d9b174c2,4,20004,scattered,0.4,0.4017467248908297,0.5426666666666666,0.5393333333333333,True,229,225,2026-08-15T17:46:43
809,250,250_1,d9b174c2,4,20004,scattered,0.5,0.4978165938864629,0.5700892857142857,0.5393333333333333,True,229,224,2026-08-15T17:46:43
810,500,500_0,075c5cf8,0,-1,none,0.0,0.0,0.48302658486707567,0.5271523178807948,False,493,489,2026-08-15T17:46:43
811,500,500_0,075c5cf8,0,20000,contiguous,0.05,0.05070993914807302,0.4887525562372188,0.5271523178807948,False,493,489,2026-08-15T17:46:43
812,500,500_0,075c5cf8,0,20000,contiguous,0.1,0.09939148073022312,0.4952965235173824,0.5271523178807948,False,493,489,2026-08-15T17:46:43
813,500,500_0,075c5cf8,0,20000,contiguous,0.15,0.15010141987829614,0.5004089979550103,0.5271523178807948,False,493,489,2026-08-15T17:46:43
814,500,500_0,075c5cf8,0,20000,contiguous,0.2,0.20081135902636918,0.5077868852459017,0.5271523178807948,False,493,488,2026-08-15T17:46:43
815,500,500_0,075c5cf8,0,20000,contiguous,0.25,0.24949290060851928,0.5190573770491803,0.5271523178807948,False,493,488,2026-08-15T17:46:43
816,500,500_0,075c5cf8,0,20000,contiguous,0.3,0.3002028397565923,0.531006160164271,0.5271523178807948,True,493,487,2026-08-15T17:46:43
817,500,500_0,075c5cf8,0,20000,contiguous,0.4,0.3995943204868154,0.5490683229813664,0.5271523178807948,True,493,483,2026-08-15T17:46:43
818,500,500_0,075c5cf8,0,20000,contiguous,0.5,0.49898580121703856,0.5620833333333334,0.5271523178807948,True,493,480,2026-08-15T17:46:43
819,500,500_0,075c5cf8,0,20000,scattered,0.05,0.05070993914807302,0.48813905930470347,0.5271523178807948,False,493,489,2026-08-15T17:46:43
820,500,500_0,075c5cf8,0,20000,scattered,0.1,0.09939148073022312,0.49320987654320986,0.5271523178807948,False,493,486,2026-08-15T17:46:43
821,500,500_0,075c5cf8,0,20000,scattered,0.15,0.15010141987829614,0.4985446985446986,0.5271523178807948,False,493,481,2026-08-15T17:46:43
822,500,500_0,075c5cf8,0,20000,scattered,0.2,0.20081135902636918,0.501039501039501,0.5271523178807948,False,493,481,2026-08-15T17:46:43
823,500,500_0,075c5cf8,0,20000,scattered,0.25,0.24949290060851928,0.5079664570230608,0.5271523178807948,False,493,477,2026-08-15T17:46:43
824,500,500_0,075c5cf8,0,20000,scattered,0.3,0.3002028397565923,0.5163135593220339,0.5271523178807948,False,493,472,2026-08-15T17:46:43
825,500,500_0,075c5cf8,0,20000,scattered,0.4,0.3995943204868154,0.5329718004338395,0.5271523178807948,True,493,461,2026-08-15T17:46:43
826,500,500_0,075c5cf8,0,20000,scattered,0.5,0.49898580121703856,0.5487750556792873,0.5271523178807948,True,493,449,2026-08-15T17:46:43
827,500,500_0,075c5cf8,0,20001,contiguous,0.05,0.05070993914807302,0.4885480572597137,0.5271523178807948,False,493,489,2026-08-15T17:46:43
828,500,500_0,075c5cf8,0,20001,contiguous,0.1,0.09939148073022312,0.49652351738241307,0.5271523178807948,False,493,489,2026-08-15T17:46:43
829,500,500_0,075c5cf8,0,20001,contiguous,0.15,0.15010141987829614,0.5024539877300613,0.5271523178807948,False,493,489,2026-08-15T17:46:43
830,500,500_0,075c5cf8,0,20001,contiguous,0.2,0.20081135902636918,0.5128099173553718,0.5271523178807948,False,493,484,2026-08-15T17:46:43
831,500,500_0,075c5cf8,0,20001,contiguous,0.25,0.24949290060851928,0.5214876033057851,0.5271523178807948,False,493,484,2026-08-15T17:46:43
832,500,500_0,075c5cf8,0,20001,contiguous,0.3,0.3002028397565923,0.5287190082644628,0.5271523178807948,True,493,484,2026-08-15T17:46:43
833,500,500_0,075c5cf8,0,20001,contiguous,0.4,0.3995943204868154,0.5510330578512397,0.5271523178807948,True,493,484,2026-08-15T17:46:43
834,500,500_0,075c5cf8,0,20001,contiguous,0.5,0.49898580121703856,0.5733471074380165,0.5271523178807948,True,493,484,2026-08-15T17:46:43
835,500,500_0,075c5cf8,0,20001,scattered,0.05,0.05070993914807302,0.4867075664621677,0.5271523178807948,False,493,489,2026-08-15T17:46:43
836,500,500_0,075c5cf8,0,20001,scattered,0.1,0.09939148073022312,0.49366053169734153,0.5271523178807948,False,493,489,2026-08-15T17:46:43
837,500,500_0,075c5cf8,0,20001,scattered,0.15,0.15010141987829614,0.496319018404908,0.5271523178807948,False,493,489,2026-08-15T17:46:43
838,500,500_0,075c5cf8,0,20001,scattered,0.2,0.20081135902636918,0.5077709611451943,0.5271523178807948,False,493,489,2026-08-15T17:46:43
839,500,500_0,075c5cf8,0,20001,scattered,0.25,0.24949290060851928,0.5180327868852459,0.5271523178807948,False,493,488,2026-08-15T17:46:43
840,500,500_0,075c5cf8,0,20001,scattered,0.3,0.3002028397565923,0.5366803278688524,0.5271523178807948,True,493,488,2026-08-15T17:46:43
841,500,500_0,075c5cf8,0,20001,scattered,0.4,0.3995943204868154,0.5462012320328542,0.5271523178807948,True,493,487,2026-08-15T17:46:43
842,500,500_0,075c5cf8,0,20001,scattered,0.5,0.49898580121703856,0.5661825726141079,0.5271523178807948,True,493,482,2026-08-15T17:46:43
843,500,500_0,075c5cf8,0,20002,contiguous,0.05,0.05070993914807302,0.49100204498977507,0.5271523178807948,False,493,489,2026-08-15T17:46:43
844,500,500_0,075c5cf8,0,20002,contiguous,0.1,0.09939148073022312,0.5008179959100204,0.5271523178807948,False,493,489,2026-08-15T17:46:43
845,500,500_0,075c5cf8,0,20002,contiguous,0.15,0.15010141987829614,0.5079754601226993,0.5271523178807948,False,493,489,2026-08-15T17:46:43
846,500,500_0,075c5cf8,0,20002,contiguous,0.2,0.20081135902636918,0.5155737704918033,0.5271523178807948,False,493,488,2026-08-15T17:46:43
847,500,500_0,075c5cf8,0,20002,contiguous,0.25,0.24949290060851928,0.524435318275154,0.5271523178807948,False,493,487,2026-08-15T17:46:43
848,500,500_0,075c5cf8,0,20002,contiguous,0.3,0.3002028397565923,0.5325,0.5271523178807948,True,493,480,2026-08-15T17:46:43
849,500,500_0,075c5cf8,0,20002,contiguous,0.4,0.3995943204868154,0.5541666666666667,0.5271523178807948,True,493,480,2026-08-15T17:46:43
850,500,500_0,075c5cf8,0,20002,contiguous,0.5,0.49898580121703856,0.570625,0.5271523178807948,True,493,480,2026-08-15T17:46:43
851,500,500_0,075c5cf8,0,20002,scattered,0.05,0.05070993914807302,0.48916155419222906,0.5271523178807948,False,493,489,2026-08-15T17:46:43
852,500,500_0,075c5cf8,0,20002,scattered,0.1,0.09939148073022312,0.49366053169734153,0.5271523178807948,False,493,489,2026-08-15T17:46:43
853,500,500_0,075c5cf8,0,20002,scattered,0.15,0.15010141987829614,0.49979550102249487,0.5271523178807948,False,493,489,2026-08-15T17:46:43
854,500,500_0,075c5cf8,0,20002,scattered,0.2,0.20081135902636918,0.5049079754601227,0.5271523178807948,False,493,489,2026-08-15T17:46:43
855,500,500_0,075c5cf8,0,20002,scattered,0.25,0.24949290060851928,0.5208677685950414,0.5271523178807948,False,493,484,2026-08-15T17:46:43
856,500,500_0,075c5cf8,0,20002,scattered,0.3,0.3002028397565923,0.5252609603340292,0.5271523178807948,False,493,479,2026-08-15T17:46:43
857,500,500_0,075c5cf8,0,20002,scattered,0.4,0.3995943204868154,0.5409871244635193,0.5271523178807948,True,493,466,2026-08-15T17:46:43
858,500,500_0,075c5cf8,0,20002,scattered,0.5,0.49898580121703856,0.5547884187082406,0.5271523178807948,True,493,449,2026-08-15T17:46:43
859,500,500_0,075c5cf8,0,20003,contiguous,0.05,0.05070993914807302,0.48629856850715747,0.5271523178807948,False,493,489,2026-08-15T17:46:43
860,500,500_0,075c5cf8,0,20003,contiguous,0.1,0.09939148073022312,0.49591002044989774,0.5271523178807948,False,493,489,2026-08-15T17:46:43
861,500,500_0,075c5cf8,0,20003,contiguous,0.15,0.15010141987829614,0.5004089979550103,0.5271523178807948,False,493,489,2026-08-15T17:46:43
862,500,500_0,075c5cf8,0,20003,contiguous,0.2,0.20081135902636918,0.50920245398773,0.5271523178807948,False,493,489,2026-08-15T17:46:43
863,500,500_0,075c5cf8,0,20003,contiguous,0.25,0.24949290060851928,0.5192229038854805,0.5271523178807948,False,493,489,2026-08-15T17:46:43
864,500,500_0,075c5cf8,0,20003,contiguous,0.3,0.3002028397565923,0.532719836400818,0.5271523178807948,True,493,489,2026-08-15T17:46:43
865,500,500_0,075c5cf8,0,20003,contiguous,0.4,0.3995943204868154,0.5568507157464213,0.5271523178807948,True,493,489,2026-08-15T17:46:43
866,500,500_0,075c5cf8,0,20003,contiguous,0.5,0.49898580121703856,0.5742331288343558,0.5271523178807948,True,493,489,2026-08-15T17:46:43
867,500,500_0,075c5cf8,0,20003,scattered,0.05,0.05070993914807302,0.485480572597137,0.5271523178807948,False,493,489,2026-08-15T17:46:43
868,500,500_0,075c5cf8,0,20003,scattered,0.1,0.09939148073022312,0.49877300613496933,0.5271523178807948,False,493,489,2026-08-15T17:46:43
869,500,500_0,075c5cf8,0,20003,scattered,0.15,0.15010141987829614,0.5030674846625767,0.5271523178807948,False,493,489,2026-08-15T17:46:43
870,500,500_0,075c5cf8,0,20003,scattered,0.2,0.20081135902636918,0.5159509202453988,0.5271523178807948,False,493,489,2026-08-15T17:46:43
871,500,500_0,075c5cf8,0,20003,scattered,0.25,0.24949290060851928,0.5243353783231084,0.5271523178807948,False,493,489,2026-08-15T17:46:43
872,500,500_0,075c5cf8,0,20003,scattered,0.3,0.3002028397565923,0.5392638036809816,0.5271523178807948,True,493,489,2026-08-15T17:46:43
873,500,500_0,075c5cf8,0,20003,scattered,0.4,0.3995943204868154,0.5543967280163599,0.5271523178807948,True,493,489,2026-08-15T17:46:43
874,500,500_0,075c5cf8,0,20003,scattered,0.5,0.49898580121703856,0.5695296523517382,0.5271523178807948,True,493,489,2026-08-15T17:46:43
875,500,500_0,075c5cf8,0,20004,contiguous,0.05,0.05070993914807302,0.48936605316973414,0.5271523178807948,False,493,489,2026-08-15T17:46:43
876,500,500_0,075c5cf8,0,20004,contiguous,0.1,0.09939148073022312,0.49938650306748467,0.5271523178807948,False,493,489,2026-08-15T17:46:43
877,500,500_0,075c5cf8,0,20004,contiguous,0.15,0.15010141987829614,0.5063394683026585,0.5271523178807948,False,493,489,2026-08-15T17:46:43
878,500,500_0,075c5cf8,0,20004,contiguous,0.2,0.20081135902636918,0.5151950718685832,0.5271523178807948,False,493,487,2026-08-15T17:46:43
879,500,500_0,075c5cf8,0,20004,contiguous,0.25,0.24949290060851928,0.5240246406570842,0.5271523178807948,False,493,487,2026-08-15T17:46:43
880,500,500_0,075c5cf8,0,20004,contiguous,0.3,0.3002028397565923,0.5339506172839507,0.5271523178807948,True,493,486,2026-08-15T17:46:43
881,500,500_0,075c5cf8,0,20004,contiguous,0.4,0.3995943204868154,0.5484649122807017,0.5271523178807948,True,493,456,2026-08-15T17:46:43
882,500,500_0,075c5cf8,0,20004,contiguous,0.5,0.49898580121703856,0.5562653562653562,0.5271523178807948,True,493,407,2026-08-15T17:46:43
883,500,500_0,075c5cf8,0,20004,scattered,0.05,0.05070993914807302,0.48957055214723927,0.5271523178807948,False,493,489,2026-08-15T17:46:43
884,500,500_0,075c5cf8,0,20004,scattered,0.1,0.09939148073022312,0.4882599580712788,0.5271523178807948,False,493,477,2026-08-15T17:46:43
885,500,500_0,075c5cf8,0,20004,scattered,0.15,0.15010141987829614,0.491991341991342,0.5271523178807948,False,493,462,2026-08-15T17:46:43
886,500,500_0,075c5cf8,0,20004,scattered,0.2,0.20081135902636918,0.49013452914798206,0.5271523178807948,False,493,446,2026-08-15T17:46:43
887,500,500_0,075c5cf8,0,20004,scattered,0.25,0.24949290060851928,0.4965277777777778,0.5271523178807948,False,493,432,2026-08-15T17:46:43
888,500,500_0,075c5cf8,0,20004,scattered,0.3,0.3002028397565923,0.505072463768116,0.5271523178807948,False,493,414,2026-08-15T17:46:43
889,500,500_0,075c5cf8,0,20004,scattered,0.4,0.3995943204868154,0.5141752577319587,0.5271523178807948,False,493,388,2026-08-15T17:46:43
890,500,500_0,075c5cf8,0,20004,scattered,0.5,0.49898580121703856,0.5289256198347108,0.5271523178807948,True,493,363,2026-08-15T17:46:43
891,500,500_0,ba89af07,1,-1,none,0.0,0.0,0.5042944785276073,0.5290322580645161,False,493,489,2026-08-15T17:46:43
892,500,500_0,ba89af07,1,20000,contiguous,0.05,0.05070993914807302,0.5118609406952965,0.5290322580645161,False,493,489,2026-08-15T17:46:43
893,500,500_0,ba89af07,1,20000,contiguous,0.1,0.09939148073022312,0.5231083844580777,0.5290322580645161,False,493,489,2026-08-15T17:46:43
894,500,500_0,ba89af07,1,20000,contiguous,0.15,0.15010141987829614,0.5302658486707567,0.5290322580645161,True,493,489,2026-08-15T17:46:43
895,500,500_0,ba89af07,1,20000,contiguous,0.2,0.20081135902636918,0.5411042944785276,0.5290322580645161,True,493,489,2026-08-15T17:46:43
896,500,500_0,ba89af07,1,20000,contiguous,0.25,0.24949290060851928,0.5472392638036809,0.5290322580645161,True,493,489,2026-08-15T17:46:43
897,500,500_0,ba89af07,1,20000,contiguous,0.3,0.3002028397565923,0.5502145922746781,0.5290322580645161,True,493,466,2026-08-15T17:46:43
898,500,500_0,ba89af07,1,20000,contiguous,0.4,0.3995943204868154,0.5553956834532374,0.5290322580645161,True,493,417,2026-08-15T17:46:43
899,500,500_0,ba89af07,1,20000,contiguous,0.5,0.49898580121703856,0.5622282608695652,0.5290322580645161,True,493,368,2026-08-15T17:46:43
900,500,500_0,ba89af07,1,20000,scattered,0.05,0.05070993914807302,0.5040983606557377,0.5290322580645161,False,493,488,2026-08-15T17:46:43
901,500,500_0,ba89af07,1,20000,scattered,0.1,0.09939148073022312,0.5101265822784811,0.5290322580645161,False,493,474,2026-08-15T17:46:43
902,500,500_0,ba89af07,1,20000,scattered,0.15,0.15010141987829614,0.5145652173913043,0.5290322580645161,False,493,460,2026-08-15T17:46:43
903,500,500_0,ba89af07,1,20000,scattered,0.2,0.20081135902636918,0.516629213483146,0.5290322580645161,False,493,445,2026-08-15T17:46:43
904,500,500_0,ba89af07,1,20000,scattered,0.25,0.24949290060851928,0.5248259860788863,0.5290322580645161,False,493,431,2026-08-15T17:46:43
905,500,500_0,ba89af07,1,20000,scattered,0.3,0.3002028397565923,0.5307692307692308,0.5290322580645161,True,493,416,2026-08-15T17:46:43
906,500,500_0,ba89af07,1,20000,scattered,0.4,0.3995943204868154,0.5364341085271318,0.5290322580645161,True,493,387,2026-08-15T17:46:43
907,500,500_0,ba89af07,1,20000,scattered,0.5,0.49898580121703856,0.5445378151260504,0.5290322580645161,True,493,357,2026-08-15T17:46:43
908,500,500_0,ba89af07,1,20001,contiguous,0.05,0.05070993914807302,0.5112474437627812,0.5290322580645161,False,493,489,2026-08-15T17:46:43
909,500,500_0,ba89af07,1,20001,contiguous,0.1,0.09939148073022312,0.5220858895705521,0.5290322580645161,False,493,489,2026-08-15T17:46:43
910,500,500_0,ba89af07,1,20001,contiguous,0.15,0.15010141987829614,0.5315573770491804,0.5290322580645161,True,493,488,2026-08-15T17:46:43
911,500,500_0,ba89af07,1,20001,contiguous,0.2,0.20081135902636918,0.5390143737166324,0.5290322580645161,True,493,487,2026-08-15T17:46:43
912,500,500_0,ba89af07,1,20001,contiguous,0.25,0.24949290060851928,0.5470225872689939,0.5290322580645161,True,493,487,2026-08-15T17:46:43
913,500,500_0,ba89af07,1,20001,contiguous,0.3,0.3002028397565923,0.5585215605749486,0.5290322580645161,True,493,487,2026-08-15T17:46:43
914,500,500_0,ba89af07,1,20001,contiguous,0.4,0.3995943204868154,0.5783783783783784,0.5290322580645161,True,493,481,2026-08-15T17:46:43
915,500,500_0,ba89af07,1,20001,contiguous,0.5,0.49898580121703856,0.5901673640167364,0.5290322580645161,True,493,478,2026-08-15T17:46:43
916,500,500_0,ba89af07,1,20001,scattered,0.05,0.05070993914807302,0.5089979550102249,0.5290322580645161,False,493,489,2026-08-15T17:46:43
917,500,500_0,ba89af07,1,20001,scattered,0.1,0.09939148073022312,0.5145194274028629,0.5290322580645161,False,493,489,2026-08-15T17:46:43
918,500,500_0,ba89af07,1,20001,scattered,0.15,0.15010141987829614,0.5239754098360656,0.5290322580645161,False,493,488,2026-08-15T17:46:43
919,500,500_0,ba89af07,1,20001,scattered,0.2,0.20081135902636918,0.5311475409836065,0.5290322580645161,True,493,488,2026-08-15T17:46:43
920,500,500_0,ba89af07,1,20001,scattered,0.25,0.24949290060851928,0.5415983606557377,0.5290322580645161,True,493,488,2026-08-15T17:46:43
921,500,500_0,ba89af07,1,20001,scattered,0.3,0.3002028397565923,0.5501026694045175,0.5290322580645161,True,493,487,2026-08-15T17:46:43
922,500,500_0,ba89af07,1,20001,scattered,0.4,0.3995943204868154,0.5644763860369609,0.5290322580645161,True,493,487,2026-08-15T17:46:43
923,500,500_0,ba89af07,1,20001,scattered,0.5,0.49898580121703856,0.5790554414784395,0.5290322580645161,True,493,487,2026-08-15T17:46:43
924,500,500_0,ba89af07,1,20002,contiguous,0.05,0.05070993914807302,0.5128834355828221,0.5290322580645161,False,493,489,2026-08-15T17:46:43
925,500,500_0,ba89af07,1,20002,contiguous,0.1,0.09939148073022312,0.5224948875255624,0.5290322580645161,False,493,489,2026-08-15T17:46:43
926,500,500_0,ba89af07,1,20002,contiguous,0.15,0.15010141987829614,0.5296523517382413,0.5290322580645161,True,493,489,2026-08-15T17:46:43
927,500,500_0,ba89af07,1,20002,contiguous,0.2,0.20081135902636918,0.5388548057259713,0.5290322580645161,True,493,489,2026-08-15T17:46:43
928,500,500_0,ba89af07,1,20002,contiguous,0.25,0.24949290060851928,0.5471311475409836,0.5290322580645161,True,493,488,2026-08-15T17:46:43
929,500,500_0,ba89af07,1,20002,contiguous,0.3,0.3002028397565923,0.5501030927835051,0.5290322580645161,True,493,485,2026-08-15T17:46:43
930,500,500_0,ba89af07,1,20002,contiguous,0.4,0.3995943204868154,0.565979381443299,0.5290322580645161,True,493,485,2026-08-15T17:46:43
931,500,500_0,ba89af07,1,20002,contiguous,0.5,0.49898580121703856,0.5772727272727273,0.5290322580645161,True,493,484,2026-08-15T17:46:43
932,500,500_0,ba89af07,1,20002,scattered,0.05,0.05070993914807302,0.5053169734151329,0.5290322580645161,False,493,489,2026-08-15T17:46:43
933,500,500_0,ba89af07,1,20002,scattered,0.1,0.09939148073022312,0.5120654396728016,0.5290322580645161,False,493,489,2026-08-15T17:46:43
934,500,500_0,ba89af07,1,20002,scattered,0.15,0.15010141987829614,0.5233128834355828,0.5290322580645161,False,493,489,2026-08-15T17:46:43
935,500,500_0,ba89af07,1,20002,scattered,0.2,0.20081135902636918,0.530879345603272,0.5290322580645161,True,493,489,2026-08-15T17:46:43
936,500,500_0,ba89af07,1,20002,scattered,0.25,0.24949290060851928,0.5366053169734152,0.5290322580645161,True,493,489,2026-08-15T17:46:43
937,500,500_0,ba89af07,1,20002,scattered,0.3,0.3002028397565923,0.5466257668711656,0.5290322580645161,True,493,489,2026-08-15T17:46:43
938,500,500_0,ba89af07,1,20002,scattered,0.4,0.3995943204868154,0.5666666666666667,0.5290322580645161,True,493,489,2026-08-15T17:46:43
939,500,500_0,ba89af07,1,20002,scattered,0.5,0.49898580121703856,0.5773006134969325,0.5290322580645161,True,493,489,2026-08-15T17:46:43
940,500,500_0,ba89af07,1,20003,contiguous,0.05,0.05070993914807302,0.5094262295081967,0.5290322580645161,False,493,488,2026-08-15T17:46:43
941,500,500_0,ba89af07,1,20003,contiguous,0.1,0.09939148073022312,0.5190573770491803,0.5290322580645161,False,493,488,2026-08-15T17:46:43
942,500,500_0,ba89af07,1,20003,contiguous,0.15,0.15010141987829614,0.5193415637860083,0.5290322580645161,False,493,486,2026-08-15T17:46:43
943,500,500_0,ba89af07,1,20003,contiguous,0.2,0.20081135902636918,0.5211740041928721,0.5290322580645161,False,493,477,2026-08-15T17:46:43
944,500,500_0,ba89af07,1,20003,contiguous,0.25,0.24949290060851928,0.52,0.5290322580645161,False,493,470,2026-08-15T17:46:43
945,500,500_0,ba89af07,1,20003,contiguous,0.3,0.3002028397565923,0.521244635193133,0.5290322580645161,False,493,466,2026-08-15T17:46:43
946,500,500_0,ba89af07,1,20003,contiguous,0.4,0.3995943204868154,0.5262331838565022,0.5290322580645161,False,493,446,2026-08-15T17:46:43
947,500,500_0,ba89af07,1,20003,contiguous,0.5,0.49898580121703856,0.5261176470588236,0.5290322580645161,False,493,425,2026-08-15T17:46:43
948,500,500_0,ba89af07,1,20003,scattered,0.05,0.05070993914807302,0.5067484662576687,0.5290322580645161,False,493,489,2026-08-15T17:46:43
949,500,500_0,ba89af07,1,20003,scattered,0.1,0.09939148073022312,0.5072463768115942,0.5290322580645161,False,493,483,2026-08-15T17:46:43
950,500,500_0,ba89af07,1,20003,scattered,0.15,0.15010141987829614,0.5064853556485356,0.5290322580645161,False,493,478,2026-08-15T17:46:43
951,500,500_0,ba89af07,1,20003,scattered,0.2,0.20081135902636918,0.5093816631130064,0.5290322580645161,False,493,469,2026-08-15T17:46:43
952,500,500_0,ba89af07,1,20003,scattered,0.25,0.24949290060851928,0.5200431034482759,0.5290322580645161,False,493,464,2026-08-15T17:46:43
953,500,500_0,ba89af07,1,20003,scattered,0.3,0.3002028397565923,0.5198689956331878,0.5290322580645161,False,493,458,2026-08-15T17:46:43
954,500,500_0,ba89af07,1,20003,scattered,0.4,0.3995943204868154,0.5229213483146068,0.5290322580645161,False,493,445,2026-08-15T17:46:43
955,500,500_0,ba89af07,1,20003,scattered,0.5,0.49898580121703856,0.5339491916859123,0.5290322580645161,True,493,433,2026-08-15T17:46:43
956,500,500_0,ba89af07,1,20004,contiguous,0.05,0.05070993914807302,0.5120654396728016,0.5290322580645161,False,493,489,2026-08-15T17:46:43
957,500,500_0,ba89af07,1,20004,contiguous,0.1,0.09939148073022312,0.5233128834355828,0.5290322580645161,False,493,489,2026-08-15T17:46:43
958,500,500_0,ba89af07,1,20004,contiguous,0.15,0.15010141987829614,0.5329243353783231,0.5290322580645161,True,493,489,2026-08-15T17:46:43
959,500,500_0,ba89af07,1,20004,contiguous,0.2,0.20081135902636918,0.5408997955010225,0.5290322580645161,True,493,489,2026-08-15T17:46:43
960,500,500_0,ba89af07,1,20004,contiguous,0.25,0.24949290060851928,0.5486707566462168,0.5290322580645161,True,493,489,2026-08-15T17:46:43
961,500,500_0,ba89af07,1,20004,contiguous,0.3,0.3002028397565923,0.549789029535865,0.5290322580645161,True,493,474,2026-08-15T17:46:43
962,500,500_0,ba89af07,1,20004,contiguous,0.4,0.3995943204868154,0.5564705882352942,0.5290322580645161,True,493,425,2026-08-15T17:46:43
963,500,500_0,ba89af07,1,20004,contiguous,0.5,0.49898580121703856,0.560372340425532,0.5290322580645161,True,493,376,2026-08-15T17:46:43
964,500,500_0,ba89af07,1,20004,scattered,0.05,0.05070993914807302,0.5070103092783506,0.5290322580645161,False,493,485,2026-08-15T17:46:43
965,500,500_0,ba89af07,1,20004,scattered,0.1,0.09939148073022312,0.5082802547770701,0.5290322580645161,False,493,471,2026-08-15T17:46:43
966,500,500_0,ba89af07,1,20004,scattered,0.15,0.15010141987829614,0.5166666666666667,0.5290322580645161,False,493,456,2026-08-15T17:46:43
967,500,500_0,ba89af07,1,20004,scattered,0.2,0.20081135902636918,0.5197278911564626,0.5290322580645161,False,493,441,2026-08-15T17:46:43
968,500,500_0,ba89af07,1,20004,scattered,0.25,0.24949290060851928,0.5262295081967213,0.5290322580645161,False,493,427,2026-08-15T17:46:43
969,500,500_0,ba89af07,1,20004,scattered,0.3,0.3002028397565923,0.5334951456310679,0.5290322580645161,True,493,412,2026-08-15T17:46:43
970,500,500_0,ba89af07,1,20004,scattered,0.4,0.3995943204868154,0.5349869451697128,0.5290322580645161,True,493,383,2026-08-15T17:46:43
971,500,500_0,ba89af07,1,20004,scattered,0.5,0.49898580121703856,0.5518413597733711,0.5290322580645161,True,493,353,2026-08-15T17:46:43
972,500,500_0,21f80958,2,-1,none,0.0,0.0,0.5137014314928425,0.5230769230769231,False,493,489,2026-08-15T17:46:43
973,500,500_0,21f80958,2,20000,contiguous,0.05,0.05070993914807302,0.5192229038854805,0.5230769230769231,False,493,489,2026-08-15T17:46:43
974,500,500_0,21f80958,2,20000,contiguous,0.1,0.09939148073022312,0.5280163599182004,0.5230769230769231,True,493,489,2026-08-15T17:46:43
975,500,500_0,21f80958,2,20000,contiguous,0.15,0.15010141987829614,0.5347648261758691,0.5230769230769231,True,493,489,2026-08-15T17:46:43
976,500,500_0,21f80958,2,20000,contiguous,0.2,0.20081135902636918,0.5439672801635992,0.5230769230769231,True,493,489,2026-08-15T17:46:43
977,500,500_0,21f80958,2,20000,contiguous,0.25,0.24949290060851928,0.551844262295082,0.5230769230769231,True,493,488,2026-08-15T17:46:43
978,500,500_0,21f80958,2,20000,contiguous,0.3,0.3002028397565923,0.5602459016393443,0.5230769230769231,True,493,488,2026-08-15T17:46:43
979,500,500_0,21f80958,2,20000,contiguous,0.4,0.3995943204868154,0.5776639344262295,0.5230769230769231,True,493,488,2026-08-15T17:46:43
980,500,500_0,21f80958,2,20000,contiguous,0.5,0.49898580121703856,0.5866803278688525,0.5230769230769231,True,493,488,2026-08-15T17:46:43
981,500,500_0,21f80958,2,20000,scattered,0.05,0.05070993914807302,0.5147239263803681,0.5230769230769231,False,493,489,2026-08-15T17:46:43
982,500,500_0,21f80958,2,20000,scattered,0.1,0.09939148073022312,0.5302658486707567,0.5230769230769231,True,493,489,2026-08-15T17:46:43
983,500,500_0,21f80958,2,20000,scattered,0.15,0.15010141987829614,0.5370143149284253,0.5230769230769231,True,493,489,2026-08-15T17:46:43
984,500,500_0,21f80958,2,20000,scattered,0.2,0.20081135902636918,0.5431492842535788,0.5230769230769231,True,493,489,2026-08-15T17:46:43
985,500,500_0,21f80958,2,20000,scattered,0.25,0.24949290060851928,0.5558282208588957,0.5230769230769231,True,493,489,2026-08-15T17:46:43
986,500,500_0,21f80958,2,20000,scattered,0.3,0.3002028397565923,0.5705521472392638,0.5230769230769231,True,493,489,2026-08-15T17:46:43
987,500,500_0,21f80958,2,20000,scattered,0.4,0.3995943204868154,0.5752066115702479,0.5230769230769231,True,493,484,2026-08-15T17:46:43
988,500,500_0,21f80958,2,20000,scattered,0.5,0.49898580121703856,0.5919831223628692,0.5230769230769231,True,493,474,2026-08-15T17:46:43
989,500,500_0,21f80958,2,20001,contiguous,0.05,0.05070993914807302,0.5204498977505112,0.5230769230769231,False,493,489,2026-08-15T17:46:43
990,500,500_0,21f80958,2,20001,contiguous,0.1,0.09939148073022312,0.5269938650306748,0.5230769230769231,True,493,489,2026-08-15T17:46:43
991,500,500_0,21f80958,2,20001,contiguous,0.15,0.15010141987829614,0.5333333333333333,0.5230769230769231,True,493,489,2026-08-15T17:46:43
992,500,500_0,21f80958,2,20001,contiguous,0.2,0.20081135902636918,0.5458077709611452,0.5230769230769231,True,493,489,2026-08-15T17:46:43
993,500,500_0,21f80958,2,20001,contiguous,0.25,0.24949290060851928,0.5552147239263804,0.5230769230769231,True,493,489,2026-08-15T17:46:43
994,500,500_0,21f80958,2,20001,contiguous,0.3,0.3002028397565923,0.5631901840490797,0.5230769230769231,True,493,489,2026-08-15T17:46:43
995,500,500_0,21f80958,2,20001,contiguous,0.4,0.3995943204868154,0.5807770961145194,0.5230769230769231,True,493,489,2026-08-15T17:46:43
996,500,500_0,21f80958,2,20001,contiguous,0.5,0.49898580121703856,0.5983606557377049,0.5230769230769231,True,493,488,2026-08-15T17:46:43
997,500,500_0,21f80958,2,20001,scattered,0.05,0.05070993914807302,0.5167689161554192,0.5230769230769231,False,493,489,2026-08-15T17:46:43
998,500,500_0,21f80958,2,20001,scattered,0.1,0.09939148073022312,0.5247443762781187,0.5230769230769231,True,493,489,2026-08-15T17:46:43
999,500,500_0,21f80958,2,20001,scattered,0.15,0.15010141987829614,0.5351738241308793,0.5230769230769231,True,493,489,2026-08-15T17:46:43
1000,500,500_0,21f80958,2,20001,scattered,0.2,0.20081135902636918,0.5429447852760736,0.5230769230769231,True,493,489,2026-08-15T17:46:43
1001,500,500_0,21f80958,2,20001,scattered,0.25,0.24949290060851928,0.5487704918032786,0.5230769230769231,True,493,488,2026-08-15T17:46:43
1002,500,500_0,21f80958,2,20001,scattered,0.3,0.3002028397565923,0.5535934291581108,0.5230769230769231,True,493,487,2026-08-15T17:46:43
1003,500,500_0,21f80958,2,20001,scattered,0.4,0.3995943204868154,0.5689938398357289,0.5230769230769231,True,493,487,2026-08-15T17:46:43
1004,500,500_0,21f80958,2,20001,scattered,0.5,0.49898580121703856,0.5839506172839506,0.5230769230769231,True,493,486,2026-08-15T17:46:43
1005,500,500_0,21f80958,2,20002,contiguous,0.05,0.05070993914807302,0.5216768916155419,0.5230769230769231,False,493,489,2026-08-15T17:46:43
1006,500,500_0,21f80958,2,20002,contiguous,0.1,0.09939148073022312,0.5294478527607362,0.5230769230769231,True,493,489,2026-08-15T17:46:43
1007,500,500_0,21f80958,2,20002,contiguous,0.15,0.15010141987829614,0.5355828220858896,0.5230769230769231,True,493,489,2026-08-15T17:46:43
1008,500,500_0,21f80958,2,20002,contiguous,0.2,0.20081135902636918,0.5435582822085889,0.5230769230769231,True,493,489,2026-08-15T17:46:43
1009,500,500_0,21f80958,2,20002,contiguous,0.25,0.24949290060851928,0.5486707566462168,0.5230769230769231,True,493,489,2026-08-15T17:46:43
1010,500,500_0,21f80958,2,20002,contiguous,0.3,0.3002028397565923,0.5560327198364008,0.5230769230769231,True,493,489,2026-08-15T17:46:43
1011,500,500_0,21f80958,2,20002,contiguous,0.4,0.3995943204868154,0.5766871165644172,0.5230769230769231,True,493,489,2026-08-15T17:46:43
1012,500,500_0,21f80958,2,20002,contiguous,0.5,0.49898580121703856,0.5874226804123711,0.5230769230769231,True,493,485,2026-08-15T17:46:43
1013,500,500_0,21f80958,2,20002,scattered,0.05,0.05070993914807302,0.5161554192229039,0.5230769230769231,False,493,489,2026-08-15T17:46:43
1014,500,500_0,21f80958,2,20002,scattered,0.1,0.09939148073022312,0.5244855967078189,0.5230769230769231,True,493,486,2026-08-15T17:46:43
1015,500,500_0,21f80958,2,20002,scattered,0.15,0.15010141987829614,0.5334029227557411,0.5230769230769231,True,493,479,2026-08-15T17:46:43
1016,500,500_0,21f80958,2,20002,scattered,0.2,0.20081135902636918,0.538477801268499,0.5230769230769231,True,493,473,2026-08-15T17:46:43
1017,500,500_0,21f80958,2,20002,scattered,0.25,0.24949290060851928,0.5396186440677966,0.5230769230769231,True,493,472,2026-08-15T17:46:43
1018,500,500_0,21f80958,2,20002,scattered,0.3,0.3002028397565923,0.5445396145610278,0.5230769230769231,True,493,467,2026-08-15T17:46:43
1019,500,500_0,21f80958,2,20002,scattered,0.4,0.3995943204868154,0.559251101321586,0.5230769230769231,True,493,454,2026-08-15T17:46:43
1020,500,500_0,21f80958,2,20002,scattered,0.5,0.49898580121703856,0.5740318906605922,0.5230769230769231,True,493,439,2026-08-15T17:46:43
1021,500,500_0,21f80958,2,20003,contiguous,0.05,0.05070993914807302,0.5196319018404908,0.5230769230769231,False,493,489,2026-08-15T17:46:43
1022,500,500_0,21f80958,2,20003,contiguous,0.1,0.09939148073022312,0.5284253578732107,0.5230769230769231,True,493,489,2026-08-15T17:46:43
1023,500,500_0,21f80958,2,20003,contiguous,0.15,0.15010141987829614,0.532719836400818,0.5230769230769231,True,493,489,2026-08-15T17:46:43
1024,500,500_0,21f80958,2,20003,contiguous,0.2,0.20081135902636918,0.5451942740286299,0.5230769230769231,True,493,489,2026-08-15T17:46:43
1025,500,500_0,21f80958,2,20003,contiguous,0.25,0.24949290060851928,0.5533742331288344,0.5230769230769231,True,493,489,2026-08-15T17:46:43
1026,500,500_0,21f80958,2,20003,contiguous,0.3,0.3002028397565923,0.560122699386503,0.5230769230769231,True,493,489,2026-08-15T17:46:43
1027,500,500_0,21f80958,2,20003,contiguous,0.4,0.3995943204868154,0.5764826175869121,0.5230769230769231,True,493,489,2026-08-15T17:46:43
1028,500,500_0,21f80958,2,20003,contiguous,0.5,0.49898580121703856,0.5882716049382716,0.5230769230769231,True,493,486,2026-08-15T17:46:43
1029,500,500_0,21f80958,2,20003,scattered,0.05,0.05070993914807302,0.5177914110429448,0.5230769230769231,False,493,489,2026-08-15T17:46:43
1030,500,500_0,21f80958,2,20003,scattered,0.1,0.09939148073022312,0.5280163599182004,0.5230769230769231,True,493,489,2026-08-15T17:46:43
1031,500,500_0,21f80958,2,20003,scattered,0.15,0.15010141987829614,0.5325153374233129,0.5230769230769231,True,493,489,2026-08-15T17:46:43
1032,500,500_0,21f80958,2,20003,scattered,0.2,0.20081135902636918,0.5386503067484663,0.5230769230769231,True,493,489,2026-08-15T17:46:43
1033,500,500_0,21f80958,2,20003,scattered,0.25,0.24949290060851928,0.5521472392638037,0.5230769230769231,True,493,489,2026-08-15T17:46:43
1034,500,500_0,21f80958,2,20003,scattered,0.3,0.3002028397565923,0.5556237218813906,0.5230769230769231,True,493,489,2026-08-15T17:46:43
1035,500,500_0,21f80958,2,20003,scattered,0.4,0.3995943204868154,0.5699386503067485,0.5230769230769231,True,493,489,2026-08-15T17:46:43
1036,500,500_0,21f80958,2,20003,scattered,0.5,0.49898580121703856,0.5875255623721881,0.5230769230769231,True,493,489,2026-08-15T17:46:43
1037,500,500_0,21f80958,2,20004,contiguous,0.05,0.05070993914807302,0.5115384615384615,0.5230769230769231,False,493,468,2026-08-15T17:46:43
1038,500,500_0,21f80958,2,20004,contiguous,0.1,0.09939148073022312,0.5126126126126126,0.5230769230769231,False,493,444,2026-08-15T17:46:43
1039,500,500_0,21f80958,2,20004,contiguous,0.15,0.15010141987829614,0.5107398568019093,0.5230769230769231,False,493,419,2026-08-15T17:46:43
1040,500,500_0,21f80958,2,20004,contiguous,0.2,0.20081135902636918,0.5131979695431472,0.5230769230769231,False,493,394,2026-08-15T17:46:43
1041,500,500_0,21f80958,2,20004,contiguous,0.25,0.24949290060851928,0.514054054054054,0.5230769230769231,False,493,370,2026-08-15T17:46:43
1042,500,500_0,21f80958,2,20004,contiguous,0.3,0.3002028397565923,0.5110144927536232,0.5230769230769231,False,493,345,2026-08-15T17:46:43
1043,500,500_0,21f80958,2,20004,contiguous,0.4,0.3995943204868154,0.5172297297297297,0.5230769230769231,False,493,296,2026-08-15T17:46:43
1044,500,500_0,21f80958,2,20004,contiguous,0.5,0.49898580121703856,0.5121457489878543,0.5230769230769231,False,493,247,2026-08-15T17:46:43
1045,500,500_0,21f80958,2,20004,scattered,0.05,0.05070993914807302,0.5163561076604555,0.5230769230769231,False,493,483,2026-08-15T17:46:43
1046,500,500_0,21f80958,2,20004,scattered,0.1,0.09939148073022312,0.5163793103448275,0.5230769230769231,False,493,464,2026-08-15T17:46:43
1047,500,500_0,21f80958,2,20004,scattered,0.15,0.15010141987829614,0.5156108597285067,0.5230769230769231,False,493,442,2026-08-15T17:46:43
1048,500,500_0,21f80958,2,20004,scattered,0.2,0.20081135902636918,0.5142857142857142,0.5230769230769231,False,493,420,2026-08-15T17:46:43
1049,500,500_0,21f80958,2,20004,scattered,0.25,0.24949290060851928,0.5207070707070707,0.5230769230769231,False,493,396,2026-08-15T17:46:43
1050,500,500_0,21f80958,2,20004,scattered,0.3,0.3002028397565923,0.5190348525469168,0.5230769230769231,False,493,373,2026-08-15T17:46:43
1051,500,500_0,21f80958,2,20004,scattered,0.4,0.3995943204868154,0.5206153846153846,0.5230769230769231,False,493,325,2026-08-15T17:46:43
1052,500,500_0,21f80958,2,20004,scattered,0.5,0.49898580121703856,0.5268115942028986,0.5230769230769231,True,493,276,2026-08-15T17:46:43
1053,500,500_0,7ae45fec,3,-1,none,0.0,0.0,0.49550102249488753,0.5251655629139073,False,493,489,2026-08-15T17:46:43
1054,500,500_0,7ae45fec,3,20000,contiguous,0.05,0.05070993914807302,0.5044989775051125,0.5251655629139073,False,493,489,2026-08-15T17:46:43
1055,500,500_0,7ae45fec,3,20000,contiguous,0.1,0.09939148073022312,0.5114519427402863,0.5251655629139073,False,493,489,2026-08-15T17:46:43
1056,500,500_0,7ae45fec,3,20000,contiguous,0.15,0.15010141987829614,0.5192229038854805,0.5251655629139073,False,493,489,2026-08-15T17:46:43
1057,500,500_0,7ae45fec,3,20000,contiguous,0.2,0.20081135902636918,0.5282786885245901,0.5251655629139073,True,493,488,2026-08-15T17:46:43
1058,500,500_0,7ae45fec,3,20000,contiguous,0.25,0.24949290060851928,0.5393442622950819,0.5251655629139073,True,493,488,2026-08-15T17:46:43
1059,500,500_0,7ae45fec,3,20000,contiguous,0.3,0.3002028397565923,0.5428865979381443,0.5251655629139073,True,493,485,2026-08-15T17:46:43
1060,500,500_0,7ae45fec,3,20000,contiguous,0.4,0.3995943204868154,0.5580578512396694,0.5251655629139073,True,493,484,2026-08-15T17:46:43
1061,500,500_0,7ae45fec,3,20000,contiguous,0.5,0.49898580121703856,0.5755741127348643,0.5251655629139073,True,493,479,2026-08-15T17:46:43
1062,500,500_0,7ae45fec,3,20000,scattered,0.05,0.05070993914807302,0.49611451942740287,0.5251655629139073,False,493,489,2026-08-15T17:46:43
1063,500,500_0,7ae45fec,3,20000,scattered,0.1,0.09939148073022312,0.5051229508196722,0.5251655629139073,False,493,488,2026-08-15T17:46:43
1064,500,500_0,7ae45fec,3,20000,scattered,0.15,0.15010141987829614,0.5114754098360655,0.5251655629139073,False,493,488,2026-08-15T17:46:43
1065,500,500_0,7ae45fec,3,20000,scattered,0.2,0.20081135902636918,0.5125,0.5251655629139073,False,493,488,2026-08-15T17:46:43
1066,500,500_0,7ae45fec,3,20000,scattered,0.25,0.24949290060851928,0.5212809917355372,0.5251655629139073,False,493,484,2026-08-15T17:46:43
1067,500,500_0,7ae45fec,3,20000,scattered,0.3,0.3002028397565923,0.5349173553719008,0.5251655629139073,True,493,484,2026-08-15T17:46:43
1068,500,500_0,7ae45fec,3,20000,scattered,0.4,0.3995943204868154,0.5547520661157025,0.5251655629139073,True,493,484,2026-08-15T17:46:43
1069,500,500_0,7ae45fec,3,20000,scattered,0.5,0.49898580121703856,0.5690082644628099,0.5251655629139073,True,493,484,2026-08-15T17:46:43
1070,500,500_0,7ae45fec,3,20001,contiguous,0.05,0.05070993914807302,0.5038854805725972,0.5251655629139073,False,493,489,2026-08-15T17:46:43
1071,500,500_0,7ae45fec,3,20001,contiguous,0.1,0.09939148073022312,0.5118609406952965,0.5251655629139073,False,493,489,2026-08-15T17:46:43
1072,500,500_0,7ae45fec,3,20001,contiguous,0.15,0.15010141987829614,0.518200408997955,0.5251655629139073,False,493,489,2026-08-15T17:46:43
1073,500,500_0,7ae45fec,3,20001,contiguous,0.2,0.20081135902636918,0.5305154639175258,0.5251655629139073,True,493,485,2026-08-15T17:46:43
1074,500,500_0,7ae45fec,3,20001,contiguous,0.25,0.24949290060851928,0.5383022774327122,0.5251655629139073,True,493,483,2026-08-15T17:46:43
1075,500,500_0,7ae45fec,3,20001,contiguous,0.3,0.3002028397565923,0.5423799582463465,0.5251655629139073,True,493,479,2026-08-15T17:46:43
1076,500,500_0,7ae45fec,3,20001,contiguous,0.4,0.3995943204868154,0.5567849686847599,0.5251655629139073,True,493,479,2026-08-15T17:46:43
1077,500,500_0,7ae45fec,3,20001,contiguous,0.5,0.49898580121703856,0.580503144654088,0.5251655629139073,True,493,477,2026-08-15T17:46:43
1078,500,500_0,7ae45fec,3,20001,scattered,0.05,0.05070993914807302,0.49100204498977507,0.5251655629139073,False,493,489,2026-08-15T17:46:43
1079,500,500_0,7ae45fec,3,20001,scattered,0.1,0.09939148073022312,0.502680412371134,0.5251655629139073,False,493,485,2026-08-15T17:46:43
1080,500,500_0,7ae45fec,3,20001,scattered,0.15,0.15010141987829614,0.509812108559499,0.5251655629139073,False,493,479,2026-08-15T17:46:43
1081,500,500_0,7ae45fec,3,20001,scattered,0.2,0.20081135902636918,0.5162447257383966,0.5251655629139073,False,493,474,2026-08-15T17:46:43
1082,500,500_0,7ae45fec,3,20001,scattered,0.25,0.24949290060851928,0.5192389006342495,0.5251655629139073,False,493,473,2026-08-15T17:46:43
1083,500,500_0,7ae45fec,3,20001,scattered,0.3,0.3002028397565923,0.5217021276595745,0.5251655629139073,False,493,470,2026-08-15T17:46:43
1084,500,500_0,7ae45fec,3,20001,scattered,0.4,0.3995943204868154,0.5433189655172413,0.5251655629139073,True,493,464,2026-08-15T17:46:43
1085,500,500_0,7ae45fec,3,20001,scattered,0.5,0.49898580121703856,0.561853448275862,0.5251655629139073,True,493,464,2026-08-15T17:46:43
1086,500,500_0,7ae45fec,3,20002,contiguous,0.05,0.05070993914807302,0.5002044989775051,0.5251655629139073,False,493,489,2026-08-15T17:46:43
1087,500,500_0,7ae45fec,3,20002,contiguous,0.1,0.09939148073022312,0.5042944785276073,0.5251655629139073,False,493,489,2026-08-15T17:46:43
1088,500,500_0,7ae45fec,3,20002,contiguous,0.15,0.15010141987829614,0.5058091286307054,0.5251655629139073,False,493,482,2026-08-15T17:46:43
1089,500,500_0,7ae45fec,3,20002,contiguous,0.2,0.20081135902636918,0.5101694915254237,0.5251655629139073,False,493,472,2026-08-15T17:46:43
1090,500,500_0,7ae45fec,3,20002,contiguous,0.25,0.24949290060851928,0.5150862068965517,0.5251655629139073,False,493,464,2026-08-15T17:46:43
1091,500,500_0,7ae45fec,3,20002,contiguous,0.3,0.3002028397565923,0.5213362068965517,0.5251655629139073,False,493,464,2026-08-15T17:46:43
1092,500,500_0,7ae45fec,3,20002,contiguous,0.4,0.3995943204868154,0.5344827586206896,0.5251655629139073,True,493,464,2026-08-15T17:46:43
1093,500,500_0,7ae45fec,3,20002,contiguous,0.5,0.49898580121703856,0.5517699115044248,0.5251655629139073,True,493,452,2026-08-15T17:46:43
1094,500,500_0,7ae45fec,3,20002,scattered,0.05,0.05070993914807302,0.49754601226993866,0.5251655629139073,False,493,489,2026-08-15T17:46:43
1095,500,500_0,7ae45fec,3,20002,scattered,0.1,0.09939148073022312,0.49897119341563784,0.5251655629139073,False,493,486,2026-08-15T17:46:43
1096,500,500_0,7ae45fec,3,20002,scattered,0.15,0.15010141987829614,0.5070103092783506,0.5251655629139073,False,493,485,2026-08-15T17:46:43
1097,500,500_0,7ae45fec,3,20002,scattered,0.2,0.20081135902636918,0.5074226804123712,0.5251655629139073,False,493,485,2026-08-15T17:46:43
1098,500,500_0,7ae45fec,3,20002,scattered,0.25,0.24949290060851928,0.5143451143451143,0.5251655629139073,False,493,481,2026-08-15T17:46:43
1099,500,500_0,7ae45fec,3,20002,scattered,0.3,0.3002028397565923,0.524,0.5251655629139073,False,493,475,2026-08-15T17:46:43
1100,500,500_0,7ae45fec,3,20002,scattered,0.4,0.3995943204868154,0.5337634408602151,0.5251655629139073,True,493,465,2026-08-15T17:46:43
1101,500,500_0,7ae45fec,3,20002,scattered,0.5,0.49898580121703856,0.543207126948775,0.5251655629139073,True,493,449,2026-08-15T17:46:43
1102,500,500_0,7ae45fec,3,20003,contiguous,0.05,0.05070993914807302,0.5042944785276073,0.5251655629139073,False,493,489,2026-08-15T17:46:43
1103,500,500_0,7ae45fec,3,20003,contiguous,0.1,0.09939148073022312,0.5094069529652352,0.5251655629139073,False,493,489,2026-08-15T17:46:43
1104,500,500_0,7ae45fec,3,20003,contiguous,0.15,0.15010141987829614,0.5173824130879345,0.5251655629139073,False,493,489,2026-08-15T17:46:43
1105,500,500_0,7ae45fec,3,20003,contiguous,0.2,0.20081135902636918,0.5276639344262295,0.5251655629139073,True,493,488,2026-08-15T17:46:43
1106,500,500_0,7ae45fec,3,20003,contiguous,0.25,0.24949290060851928,0.5370901639344262,0.5251655629139073,True,493,488,2026-08-15T17:46:43
1107,500,500_0,7ae45fec,3,20003,contiguous,0.3,0.3002028397565923,0.5454918032786885,0.5251655629139073,True,493,488,2026-08-15T17:46:43
1108,500,500_0,7ae45fec,3,20003,contiguous,0.4,0.3995943204868154,0.5559426229508196,0.5251655629139073,True,493,488,2026-08-15T17:46:43
1109,500,500_0,7ae45fec,3,20003,contiguous,0.5,0.49898580121703856,0.5762295081967214,0.5251655629139073,True,493,488,2026-08-15T17:46:43
1110,500,500_0,7ae45fec,3,20003,scattered,0.05,0.05070993914807302,0.49447852760736194,0.5251655629139073,False,493,489,2026-08-15T17:46:43
1111,500,500_0,7ae45fec,3,20003,scattered,0.1,0.09939148073022312,0.5022494887525563,0.5251655629139073,False,493,489,2026-08-15T17:46:43
1112,500,500_0,7ae45fec,3,20003,scattered,0.15,0.15010141987829614,0.5059426229508197,0.5251655629139073,False,493,488,2026-08-15T17:46:43
1113,500,500_0,7ae45fec,3,20003,scattered,0.2,0.20081135902636918,0.5129098360655737,0.5251655629139073,False,493,488,2026-08-15T17:46:43
1114,500,500_0,7ae45fec,3,20003,scattered,0.25,0.24949290060851928,0.5186475409836065,0.5251655629139073,False,493,488,2026-08-15T17:46:43
1115,500,500_0,7ae45fec,3,20003,scattered,0.3,0.3002028397565923,0.528747433264887,0.5251655629139073,True,493,487,2026-08-15T17:46:43
1116,500,500_0,7ae45fec,3,20003,scattered,0.4,0.3995943204868154,0.5482546201232033,0.5251655629139073,True,493,487,2026-08-15T17:46:43
1117,500,500_0,7ae45fec,3,20003,scattered,0.5,0.49898580121703856,0.559958932238193,0.5251655629139073,True,493,487,2026-08-15T17:46:43
1118,500,500_0,7ae45fec,3,20004,contiguous,0.05,0.05070993914807302,0.505521472392638,0.5251655629139073,False,493,489,2026-08-15T17:46:43
1119,500,500_0,7ae45fec,3,20004,contiguous,0.1,0.09939148073022312,0.5108384458077709,0.5251655629139073,False,493,489,2026-08-15T17:46:43
1120,500,500_0,7ae45fec,3,20004,contiguous,0.15,0.15010141987829614,0.5186475409836065,0.5251655629139073,False,493,488,2026-08-15T17:46:43
1121,500,500_0,7ae45fec,3,20004,contiguous,0.2,0.20081135902636918,0.5290983606557377,0.5251655629139073,True,493,488,2026-08-15T17:46:43
1122,500,500_0,7ae45fec,3,20004,contiguous,0.25,0.24949290060851928,0.5377049180327869,0.5251655629139073,True,493,488,2026-08-15T17:46:43
1123,500,500_0,7ae45fec,3,20004,contiguous,0.3,0.3002028397565923,0.5413934426229509,0.5251655629139073,True,493,488,2026-08-15T17:46:43
1124,500,500_0,7ae45fec,3,20004,contiguous,0.4,0.3995943204868154,0.5565573770491803,0.5251655629139073,True,493,488,2026-08-15T17:46:43
1125,500,500_0,7ae45fec,3,20004,contiguous,0.5,0.49898580121703856,0.5774590163934427,0.5251655629139073,True,493,488,2026-08-15T17:46:43
1126,500,500_0,7ae45fec,3,20004,scattered,0.05,0.05070993914807302,0.49631147540983606,0.5251655629139073,False,493,488,2026-08-15T17:46:43
1127,500,500_0,7ae45fec,3,20004,scattered,0.1,0.09939148073022312,0.5047131147540984,0.5251655629139073,False,493,488,2026-08-15T17:46:43
1128,500,500_0,7ae45fec,3,20004,scattered,0.15,0.15010141987829614,0.5145194274028629,0.5251655629139073,False,493,489,2026-08-15T17:46:43
1129,500,500_0,7ae45fec,3,20004,scattered,0.2,0.20081135902636918,0.5202453987730061,0.5251655629139073,False,493,489,2026-08-15T17:46:43
1130,500,500_0,7ae45fec,3,20004,scattered,0.25,0.24949290060851928,0.5325153374233129,0.5251655629139073,True,493,489,2026-08-15T17:46:43
1131,500,500_0,7ae45fec,3,20004,scattered,0.3,0.3002028397565923,0.5404907975460123,0.5251655629139073,True,493,489,2026-08-15T17:46:43
1132,500,500_0,7ae45fec,3,20004,scattered,0.4,0.3995943204868154,0.5574642126789366,0.5251655629139073,True,493,489,2026-08-15T17:46:43
1133,500,500_0,7ae45fec,3,20004,scattered,0.5,0.49898580121703856,0.5703476482617587,0.5251655629139073,True,493,489,2026-08-15T17:46:43
1134,500,500_0,d9b174c2,4,-1,none,0.0,0.0,0.5032719836400819,0.5393333333333333,False,493,489,2026-08-15T17:46:43
1135,500,500_0,d9b174c2,4,20000,contiguous,0.05,0.05070993914807302,0.5104294478527608,0.5393333333333333,False,493,489,2026-08-15T17:46:43
1136,500,500_0,d9b174c2,4,20000,contiguous,0.1,0.09939148073022312,0.5210633946830265,0.5393333333333333,False,493,489,2026-08-15T17:46:43
1137,500,500_0,d9b174c2,4,20000,contiguous,0.15,0.15010141987829614,0.529038854805726,0.5393333333333333,False,493,489,2026-08-15T17:46:43
1138,500,500_0,d9b174c2,4,20000,contiguous,0.2,0.20081135902636918,0.5372950819672131,0.5393333333333333,False,493,488,2026-08-15T17:46:43
1139,500,500_0,d9b174c2,4,20000,contiguous,0.25,0.24949290060851928,0.546311475409836,0.5393333333333333,True,493,488,2026-08-15T17:46:43
1140,500,500_0,d9b174c2,4,20000,contiguous,0.3,0.3002028397565923,0.5532786885245902,0.5393333333333333,True,493,488,2026-08-15T17:46:43
1141,500,500_0,d9b174c2,4,20000,contiguous,0.4,0.3995943204868154,0.5657786885245901,0.5393333333333333,True,493,488,2026-08-15T17:46:43
1142,500,500_0,d9b174c2,4,20000,contiguous,0.5,0.49898580121703856,0.5713636363636364,0.5393333333333333,True,493,440,2026-08-15T17:46:43
1143,500,500_0,d9b174c2,4,20000,scattered,0.05,0.05070993914807302,0.5034907597535935,0.5393333333333333,False,493,487,2026-08-15T17:46:43
1144,500,500_0,d9b174c2,4,20000,scattered,0.1,0.09939148073022312,0.5119246861924687,0.5393333333333333,False,493,478,2026-08-15T17:46:43
1145,500,500_0,d9b174c2,4,20000,scattered,0.15,0.15010141987829614,0.5183760683760684,0.5393333333333333,False,493,468,2026-08-15T17:46:43
1146,500,500_0,d9b174c2,4,20000,scattered,0.2,0.20081135902636918,0.5231441048034935,0.5393333333333333,False,493,458,2026-08-15T17:46:43
1147,500,500_0,d9b174c2,4,20000,scattered,0.25,0.24949290060851928,0.523162583518931,0.5393333333333333,False,493,449,2026-08-15T17:46:43
1148,500,500_0,d9b174c2,4,20000,scattered,0.3,0.3002028397565923,0.5375854214123007,0.5393333333333333,False,493,439,2026-08-15T17:46:43
1149,500,500_0,d9b174c2,4,20000,scattered,0.4,0.3995943204868154,0.5416267942583732,0.5393333333333333,True,493,418,2026-08-15T17:46:43
1150,500,500_0,d9b174c2,4,20000,scattered,0.5,0.49898580121703856,0.5552763819095478,0.5393333333333333,True,493,398,2026-08-15T17:46:43
1151,500,500_0,d9b174c2,4,20001,contiguous,0.05,0.05070993914807302,0.5057259713701432,0.5393333333333333,False,493,489,2026-08-15T17:46:43
1152,500,500_0,d9b174c2,4,20001,contiguous,0.1,0.09939148073022312,0.5192229038854805,0.5393333333333333,False,493,489,2026-08-15T17:46:43
1153,500,500_0,d9b174c2,4,20001,contiguous,0.15,0.15010141987829614,0.5257668711656441,0.5393333333333333,False,493,489,2026-08-15T17:46:43
1154,500,500_0,d9b174c2,4,20001,contiguous,0.2,0.20081135902636918,0.532719836400818,0.5393333333333333,False,493,489,2026-08-15T17:46:43
1155,500,500_0,d9b174c2,4,20001,contiguous,0.25,0.24949290060851928,0.5412731006160164,0.5393333333333333,True,493,487,2026-08-15T17:46:43
1156,500,500_0,d9b174c2,4,20001,contiguous,0.3,0.3002028397565923,0.5474332648870637,0.5393333333333333,True,493,487,2026-08-15T17:46:43
1157,500,500_0,d9b174c2,4,20001,contiguous,0.4,0.3995943204868154,0.5624229979466119,0.5393333333333333,True,493,487,2026-08-15T17:46:43
1158,500,500_0,d9b174c2,4,20001,contiguous,0.5,0.49898580121703856,0.5777777777777777,0.5393333333333333,True,493,486,2026-08-15T17:46:43
1159,500,500_0,d9b174c2,4,20001,scattered,0.05,0.05070993914807302,0.5087934560327199,0.5393333333333333,False,493,489,2026-08-15T17:46:43
1160,500,500_0,d9b174c2,4,20001,scattered,0.1,0.09939148073022312,0.5192229038854805,0.5393333333333333,False,493,489,2026-08-15T17:46:43
1161,500,500_0,d9b174c2,4,20001,scattered,0.15,0.15010141987829614,0.5206543967280164,0.5393333333333333,False,493,489,2026-08-15T17:46:43
1162,500,500_0,d9b174c2,4,20001,scattered,0.2,0.20081135902636918,0.5300613496932516,0.5393333333333333,False,493,489,2026-08-15T17:46:43
1163,500,500_0,d9b174c2,4,20001,scattered,0.25,0.24949290060851928,0.5300613496932516,0.5393333333333333,False,493,489,2026-08-15T17:46:43
1164,500,500_0,d9b174c2,4,20001,scattered,0.3,0.3002028397565923,0.5413087934560327,0.5393333333333333,True,493,489,2026-08-15T17:46:43
1165,500,500_0,d9b174c2,4,20001,scattered,0.4,0.3995943204868154,0.553388090349076,0.5393333333333333,True,493,487,2026-08-15T17:46:43
1166,500,500_0,d9b174c2,4,20001,scattered,0.5,0.49898580121703856,0.5720164609053497,0.5393333333333333,True,493,486,2026-08-15T17:46:43
1167,500,500_0,d9b174c2,4,20002,contiguous,0.05,0.05070993914807302,0.5089979550102249,0.5393333333333333,False,493,489,2026-08-15T17:46:43
1168,500,500_0,d9b174c2,4,20002,contiguous,0.1,0.09939148073022312,0.5157464212678936,0.5393333333333333,False,493,489,2026-08-15T17:46:43
1169,500,500_0,d9b174c2,4,20002,contiguous,0.15,0.15010141987829614,0.5261758691206544,0.5393333333333333,False,493,489,2026-08-15T17:46:43
1170,500,500_0,d9b174c2,4,20002,contiguous,0.2,0.20081135902636918,0.5355828220858896,0.5393333333333333,False,493,489,2026-08-15T17:46:43
1171,500,500_0,d9b174c2,4,20002,contiguous,0.25,0.24949290060851928,0.5466257668711656,0.5393333333333333,True,493,489,2026-08-15T17:46:43
1172,500,500_0,d9b174c2,4,20002,contiguous,0.3,0.3002028397565923,0.554601226993865,0.5393333333333333,True,493,489,2026-08-15T17:46:43
1173,500,500_0,d9b174c2,4,20002,contiguous,0.4,0.3995943204868154,0.5685071574642127,0.5393333333333333,True,493,489,2026-08-15T17:46:43
1174,500,500_0,d9b174c2,4,20002,contiguous,0.5,0.49898580121703856,0.5831967213114754,0.5393333333333333,True,493,488,2026-08-15T17:46:43
1175,500,500_0,d9b174c2,4,20002,scattered,0.05,0.05070993914807302,0.5049079754601227,0.5393333333333333,False,493,489,2026-08-15T17:46:43
1176,500,500_0,d9b174c2,4,20002,scattered,0.1,0.09939148073022312,0.5171779141104295,0.5393333333333333,False,493,489,2026-08-15T17:46:43
1177,500,500_0,d9b174c2,4,20002,scattered,0.15,0.15010141987829614,0.5247443762781187,0.5393333333333333,False,493,489,2026-08-15T17:46:43
1178,500,500_0,d9b174c2,4,20002,scattered,0.2,0.20081135902636918,0.5353783231083845,0.5393333333333333,False,493,489,2026-08-15T17:46:43
1179,500,500_0,d9b174c2,4,20002,scattered,0.25,0.24949290060851928,0.5431492842535788,0.5393333333333333,True,493,489,2026-08-15T17:46:43
1180,500,500_0,d9b174c2,4,20002,scattered,0.3,0.3002028397565923,0.5468302658486708,0.5393333333333333,True,493,489,2026-08-15T17:46:43
1181,500,500_0,d9b174c2,4,20002,scattered,0.4,0.3995943204868154,0.5660531697341513,0.5393333333333333,True,493,489,2026-08-15T17:46:43
1182,500,500_0,d9b174c2,4,20002,scattered,0.5,0.49898580121703856,0.5826175869120654,0.5393333333333333,True,493,489,2026-08-15T17:46:43
1183,500,500_0,d9b174c2,4,20003,contiguous,0.05,0.05070993914807302,0.5087934560327199,0.5393333333333333,False,493,489,2026-08-15T17:46:43
1184,500,500_0,d9b174c2,4,20003,contiguous,0.1,0.09939148073022312,0.5159090909090909,0.5393333333333333,False,493,484,2026-08-15T17:46:43
1185,500,500_0,d9b174c2,4,20003,contiguous,0.15,0.15010141987829614,0.5244306418219462,0.5393333333333333,False,493,483,2026-08-15T17:46:43
1186,500,500_0,d9b174c2,4,20003,contiguous,0.2,0.20081135902636918,0.5314699792960662,0.5393333333333333,False,493,483,2026-08-15T17:46:43
1187,500,500_0,d9b174c2,4,20003,contiguous,0.25,0.24949290060851928,0.5395445134575569,0.5393333333333333,True,493,483,2026-08-15T17:46:43
1188,500,500_0,d9b174c2,4,20003,contiguous,0.3,0.3002028397565923,0.5459627329192547,0.5393333333333333,True,493,483,2026-08-15T17:46:43
1189,500,500_0,d9b174c2,4,20003,contiguous,0.4,0.3995943204868154,0.5641078838174274,0.5393333333333333,True,493,482,2026-08-15T17:46:43
1190,500,500_0,d9b174c2,4,20003,contiguous,0.5,0.49898580121703856,0.5769230769230769,0.5393333333333333,True,493,481,2026-08-15T17:46:43
1191,500,500_0,d9b174c2,4,20003,scattered,0.05,0.05070993914807302,0.5075664621676892,0.5393333333333333,False,493,489,2026-08-15T17:46:43
1192,500,500_0,d9b174c2,4,20003,scattered,0.1,0.09939148073022312,0.5179959100204499,0.5393333333333333,False,493,489,2026-08-15T17:46:43
1193,500,500_0,d9b174c2,4,20003,scattered,0.15,0.15010141987829614,0.5206543967280164,0.5393333333333333,False,493,489,2026-08-15T17:46:43
1194,500,500_0,d9b174c2,4,20003,scattered,0.2,0.20081135902636918,0.5258196721311476,0.5393333333333333,False,493,488,2026-08-15T17:46:43
1195,500,500_0,d9b174c2,4,20003,scattered,0.25,0.24949290060851928,0.5364754098360656,0.5393333333333333,False,493,488,2026-08-15T17:46:43
1196,500,500_0,d9b174c2,4,20003,scattered,0.3,0.3002028397565923,0.5450819672131147,0.5393333333333333,True,493,488,2026-08-15T17:46:43
1197,500,500_0,d9b174c2,4,20003,scattered,0.4,0.3995943204868154,0.5575819672131147,0.5393333333333333,True,493,488,2026-08-15T17:46:43
1198,500,500_0,d9b174c2,4,20003,scattered,0.5,0.49898580121703856,0.5786447638603696,0.5393333333333333,True,493,487,2026-08-15T17:46:43
1199,500,500_0,d9b174c2,4,20004,contiguous,0.05,0.05070993914807302,0.5089979550102249,0.5393333333333333,False,493,489,2026-08-15T17:46:43
1200,500,500_0,d9b174c2,4,20004,contiguous,0.1,0.09939148073022312,0.5194274028629857,0.5393333333333333,False,493,489,2026-08-15T17:46:43
1201,500,500_0,d9b174c2,4,20004,contiguous,0.15,0.15010141987829614,0.5261758691206544,0.5393333333333333,False,493,489,2026-08-15T17:46:43
1202,500,500_0,d9b174c2,4,20004,contiguous,0.2,0.20081135902636918,0.5339468302658487,0.5393333333333333,False,493,489,2026-08-15T17:46:43
1203,500,500_0,d9b174c2,4,20004,contiguous,0.25,0.24949290060851928,0.5425357873210634,0.5393333333333333,True,493,489,2026-08-15T17:46:43
1204,500,500_0,d9b174c2,4,20004,contiguous,0.3,0.3002028397565923,0.5482617586912065,0.5393333333333333,True,493,489,2026-08-15T17:46:43
1205,500,500_0,d9b174c2,4,20004,contiguous,0.4,0.3995943204868154,0.5566115702479338,0.5393333333333333,True,493,484,2026-08-15T17:46:43
1206,500,500_0,d9b174c2,4,20004,contiguous,0.5,0.49898580121703856,0.5739669421487603,0.5393333333333333,True,493,484,2026-08-15T17:46:43
1207,500,500_0,d9b174c2,4,20004,scattered,0.05,0.05070993914807302,0.503680981595092,0.5393333333333333,False,493,489,2026-08-15T17:46:43
1208,500,500_0,d9b174c2,4,20004,scattered,0.1,0.09939148073022312,0.5139630390143737,0.5393333333333333,False,493,487,2026-08-15T17:46:43
1209,500,500_0,d9b174c2,4,20004,scattered,0.15,0.15010141987829614,0.5220618556701031,0.5393333333333333,False,493,485,2026-08-15T17:46:43
1210,500,500_0,d9b174c2,4,20004,scattered,0.2,0.20081135902636918,0.5307053941908714,0.5393333333333333,False,493,482,2026-08-15T17:46:43
1211,500,500_0,d9b174c2,4,20004,scattered,0.25,0.24949290060851928,0.5319502074688797,0.5393333333333333,False,493,482,2026-08-15T17:46:43
1212,500,500_0,d9b174c2,4,20004,scattered,0.3,0.3002028397565923,0.5421161825726141,0.5393333333333333,True,493,482,2026-08-15T17:46:43
1213,500,500_0,d9b174c2,4,20004,scattered,0.4,0.3995943204868154,0.5559251559251559,0.5393333333333333,True,493,481,2026-08-15T17:46:43
1214,500,500_0,d9b174c2,4,20004,scattered,0.5,0.49898580121703856,0.5701461377870564,0.5393333333333333,True,493,479,2026-08-15T17:46:43
1215,500,500_1,075c5cf8,0,-1,none,0.0,0.0,0.49266802443991853,0.5271523178807948,False,497,491,2026-08-15T17:46:43
1216,500,500_1,075c5cf8,0,20000,contiguous,0.05,0.05030181086519115,0.4975609756097561,0.5271523178807948,False,497,492,2026-08-15T17:46:43
1217,500,500_1,075c5cf8,0,20000,contiguous,0.1,0.1006036217303823,0.5065040650406504,0.5271523178807948,False,497,492,2026-08-15T17:46:43
1218,500,500_1,075c5cf8,0,20000,contiguous,0.15,0.15090543259557343,0.5132113821138211,0.5271523178807948,False,497,492,2026-08-15T17:46:43
1219,500,500_1,075c5cf8,0,20000,contiguous,0.2,0.19919517102615694,0.5202040816326531,0.5271523178807948,False,497,490,2026-08-15T17:46:43
1220,500,500_1,075c5cf8,0,20000,contiguous,0.25,0.24949698189134809,0.5312244897959184,0.5271523178807948,True,497,490,2026-08-15T17:46:43
1221,500,500_1,075c5cf8,0,20000,contiguous,0.3,0.29979879275653926,0.5426530612244898,0.5271523178807948,True,497,490,2026-08-15T17:46:43
1222,500,500_1,075c5cf8,0,20000,contiguous,0.4,0.40040241448692154,0.5595918367346939,0.5271523178807948,True,497,490,2026-08-15T17:46:43
1223,500,500_1,075c5cf8,0,20000,contiguous,0.5,0.49899396378269617,0.5756646216768916,0.5271523178807948,True,497,489,2026-08-15T17:46:43
1224,500,500_1,075c5cf8,0,20000,scattered,0.05,0.05030181086519115,0.49531568228105904,0.5271523178807948,False,497,491,2026-08-15T17:46:43
1225,500,500_1,075c5cf8,0,20000,scattered,0.1,0.1006036217303823,0.504684317718941,0.5271523178807948,False,497,491,2026-08-15T17:46:43
1226,500,500_1,075c5cf8,0,20000,scattered,0.15,0.15090543259557343,0.5097560975609756,0.5271523178807948,False,497,492,2026-08-15T17:46:43
1227,500,500_1,075c5cf8,0,20000,scattered,0.2,0.19919517102615694,0.5199186991869919,0.5271523178807948,False,497,492,2026-08-15T17:46:43
1228,500,500_1,075c5cf8,0,20000,scattered,0.25,0.24949698189134809,0.5317073170731708,0.5271523178807948,True,497,492,2026-08-15T17:46:43
1229,500,500_1,075c5cf8,0,20000,scattered,0.3,0.29979879275653926,0.5345528455284553,0.5271523178807948,True,497,492,2026-08-15T17:46:43
1230,500,500_1,075c5cf8,0,20000,scattered,0.4,0.40040241448692154,0.5471544715447154,0.5271523178807948,True,497,492,2026-08-15T17:46:43
1231,500,500_1,075c5cf8,0,20000,scattered,0.5,0.49899396378269617,0.5713414634146341,0.5271523178807948,True,497,492,2026-08-15T17:46:43
1232,500,500_1,075c5cf8,0,20001,contiguous,0.05,0.05030181086519115,0.5002032520325204,0.5271523178807948,False,497,492,2026-08-15T17:46:43
1233,500,500_1,075c5cf8,0,20001,contiguous,0.1,0.1006036217303823,0.5071138211382114,0.5271523178807948,False,497,492,2026-08-15T17:46:43
1234,500,500_1,075c5cf8,0,20001,contiguous,0.15,0.15090543259557343,0.5148373983739838,0.5271523178807948,False,497,492,2026-08-15T17:46:43
1235,500,500_1,075c5cf8,0,20001,contiguous,0.2,0.19919517102615694,0.5213414634146342,0.5271523178807948,False,497,492,2026-08-15T17:46:43
1236,500,500_1,075c5cf8,0,20001,contiguous,0.25,0.24949698189134809,0.5333333333333333,0.5271523178807948,True,497,492,2026-08-15T17:46:43
1237,500,500_1,075c5cf8,0,20001,contiguous,0.3,0.29979879275653926,0.5430894308943089,0.5271523178807948,True,497,492,2026-08-15T17:46:43
1238,500,500_1,075c5cf8,0,20001,contiguous,0.4,0.40040241448692154,0.5596741344195519,0.5271523178807948,True,497,491,2026-08-15T17:46:43
1239,500,500_1,075c5cf8,0,20001,contiguous,0.5,0.49899396378269617,0.5730061349693252,0.5271523178807948,True,497,489,2026-08-15T17:46:43
1240,500,500_1,075c5cf8,0,20001,scattered,0.05,0.05030181086519115,0.49674134419551935,0.5271523178807948,False,497,491,2026-08-15T17:46:43
1241,500,500_1,075c5cf8,0,20001,scattered,0.1,0.1006036217303823,0.505091649694501,0.5271523178807948,False,497,491,2026-08-15T17:46:43
1242,500,500_1,075c5cf8,0,20001,scattered,0.15,0.15090543259557343,0.5091463414634146,0.5271523178807948,False,497,492,2026-08-15T17:46:43
1243,500,500_1,075c5cf8,0,20001,scattered,0.2,0.19919517102615694,0.5211382113821138,0.5271523178807948,False,497,492,2026-08-15T17:46:43
1244,500,500_1,075c5cf8,0,20001,scattered,0.25,0.24949698189134809,0.5296747967479675,0.5271523178807948,True,497,492,2026-08-15T17:46:43
1245,500,500_1,075c5cf8,0,20001,scattered,0.3,0.29979879275653926,0.5329268292682927,0.5271523178807948,True,497,492,2026-08-15T17:46:43
1246,500,500_1,075c5cf8,0,20001,scattered,0.4,0.40040241448692154,0.5485772357723577,0.5271523178807948,True,497,492,2026-08-15T17:46:43
1247,500,500_1,075c5cf8,0,20001,scattered,0.5,0.49899396378269617,0.568089430894309,0.5271523178807948,True,497,492,2026-08-15T17:46:43
1248,500,500_1,075c5cf8,0,20002,contiguous,0.05,0.05030181086519115,0.5026422764227643,0.5271523178807948,False,497,492,2026-08-15T17:46:43
1249,500,500_1,075c5cf8,0,20002,contiguous,0.1,0.1006036217303823,0.5142276422764228,0.5271523178807948,False,497,492,2026-08-15T17:46:43
1250,500,500_1,075c5cf8,0,20002,contiguous,0.15,0.15090543259557343,0.5219512195121951,0.5271523178807948,False,497,492,2026-08-15T17:46:43
1251,500,500_1,075c5cf8,0,20002,contiguous,0.2,0.19919517102615694,0.5325865580448065,0.5271523178807948,True,497,491,2026-08-15T17:46:43
1252,500,500_1,075c5cf8,0,20002,contiguous,0.25,0.24949698189134809,0.5417515274949084,0.5271523178807948,True,497,491,2026-08-15T17:46:43
1253,500,500_1,075c5cf8,0,20002,contiguous,0.3,0.29979879275653926,0.5507128309572301,0.5271523178807948,True,497,491,2026-08-15T17:46:43
1254,500,500_1,075c5cf8,0,20002,contiguous,0.4,0.40040241448692154,0.5682281059063137,0.5271523178807948,True,497,491,2026-08-15T17:46:43
1255,500,500_1,075c5cf8,0,20002,contiguous,0.5,0.49899396378269617,0.5859470468431772,0.5271523178807948,True,497,491,2026-08-15T17:46:43
1256,500,500_1,075c5cf8,0,20002,scattered,0.05,0.05030181086519115,0.49674134419551935,0.5271523178807948,False,497,491,2026-08-15T17:46:43
1257,500,500_1,075c5cf8,0,20002,scattered,0.1,0.1006036217303823,0.5042769857433809,0.5271523178807948,False,497,491,2026-08-15T17:46:43
1258,500,500_1,075c5cf8,0,20002,scattered,0.15,0.15090543259557343,0.5109756097560976,0.5271523178807948,False,497,492,2026-08-15T17:46:43
1259,500,500_1,075c5cf8,0,20002,scattered,0.2,0.19919517102615694,0.516869918699187,0.5271523178807948,False,497,492,2026-08-15T17:46:43
1260,500,500_1,075c5cf8,0,20002,scattered,0.25,0.24949698189134809,0.5257142857142857,0.5271523178807948,False,497,490,2026-08-15T17:46:43
1261,500,500_1,075c5cf8,0,20002,scattered,0.3,0.29979879275653926,0.5341614906832298,0.5271523178807948,True,497,483,2026-08-15T17:46:43
1262,500,500_1,075c5cf8,0,20002,scattered,0.4,0.40040241448692154,0.5461538461538461,0.5271523178807948,True,497,481,2026-08-15T17:46:43
1263,500,500_1,075c5cf8,0,20002,scattered,0.5,0.49899396378269617,0.5668067226890756,0.5271523178807948,True,497,476,2026-08-15T17:46:43
1264,500,500_1,075c5cf8,0,20003,contiguous,0.05,0.05030181086519115,0.4923728813559322,0.5271523178807948,False,497,472,2026-08-15T17:46:43
1265,500,500_1,075c5cf8,0,20003,contiguous,0.1,0.1006036217303823,0.4937360178970917,0.5271523178807948,False,497,447,2026-08-15T17:46:43
1266,500,500_1,075c5cf8,0,20003,contiguous,0.15,0.15090543259557343,0.4940758293838863,0.5271523178807948,False,497,422,2026-08-15T17:46:43
1267,500,500_1,075c5cf8,0,20003,contiguous,0.2,0.19919517102615694,0.49597989949748744,0.5271523178807948,False,497,398,2026-08-15T17:46:43
1268,500,500_1,075c5cf8,0,20003,contiguous,0.25,0.24949698189134809,0.4973190348525469,0.5271523178807948,False,497,373,2026-08-15T17:46:43
1269,500,500_1,075c5cf8,0,20003,contiguous,0.3,0.29979879275653926,0.49942528735632186,0.5271523178807948,False,497,348,2026-08-15T17:46:43
1270,500,500_1,075c5cf8,0,20003,contiguous,0.4,0.40040241448692154,0.4969798657718121,0.5271523178807948,False,497,298,2026-08-15T17:46:43
1271,500,500_1,075c5cf8,0,20003,contiguous,0.5,0.49899396378269617,0.4955823293172691,0.5271523178807948,False,497,249,2026-08-15T17:46:43
1272,500,500_1,075c5cf8,0,20003,scattered,0.05,0.05030181086519115,0.49362139917695474,0.5271523178807948,False,497,486,2026-08-15T17:46:43
1273,500,500_1,075c5cf8,0,20003,scattered,0.1,0.1006036217303823,0.4957081545064378,0.5271523178807948,False,497,466,2026-08-15T17:46:43
1274,500,500_1,075c5cf8,0,20003,scattered,0.15,0.15090543259557343,0.4979820627802691,0.5271523178807948,False,497,446,2026-08-15T17:46:43
1275,500,500_1,075c5cf8,0,20003,scattered,0.2,0.19919517102615694,0.4978971962616822,0.5271523178807948,False,497,428,2026-08-15T17:46:43
1276,500,500_1,075c5cf8,0,20003,scattered,0.25,0.24949698189134809,0.5036945812807881,0.5271523178807948,False,497,406,2026-08-15T17:46:43
1277,500,500_1,075c5cf8,0,20003,scattered,0.3,0.29979879275653926,0.5005263157894737,0.5271523178807948,False,497,380,2026-08-15T17:46:43
1278,500,500_1,075c5cf8,0,20003,scattered,0.4,0.40040241448692154,0.49969788519637465,0.5271523178807948,False,497,331,2026-08-15T17:46:43
1279,500,500_1,075c5cf8,0,20003,scattered,0.5,0.49899396378269617,0.5085106382978724,0.5271523178807948,False,497,282,2026-08-15T17:46:43
1280,500,500_1,075c5cf8,0,20004,contiguous,0.05,0.05030181086519115,0.4952965235173824,0.5271523178807948,False,497,489,2026-08-15T17:46:43
1281,500,500_1,075c5cf8,0,20004,contiguous,0.1,0.1006036217303823,0.5022821576763485,0.5271523178807948,False,497,482,2026-08-15T17:46:43
1282,500,500_1,075c5cf8,0,20004,contiguous,0.15,0.15090543259557343,0.5019693654266958,0.5271523178807948,False,497,457,2026-08-15T17:46:43
1283,500,500_1,075c5cf8,0,20004,contiguous,0.2,0.19919517102615694,0.5039170506912443,0.5271523178807948,False,497,434,2026-08-15T17:46:43
1284,500,500_1,075c5cf8,0,20004,contiguous,0.25,0.24949698189134809,0.5156682027649769,0.5271523178807948,False,497,434,2026-08-15T17:46:43
1285,500,500_1,075c5cf8,0,20004,contiguous,0.3,0.29979879275653926,0.5230769230769231,0.5271523178807948,False,497,429,2026-08-15T17:46:43
1286,500,500_1,075c5cf8,0,20004,contiguous,0.4,0.40040241448692154,0.5367396593673966,0.5271523178807948,True,497,411,2026-08-15T17:46:43
1287,500,500_1,075c5cf8,0,20004,contiguous,0.5,0.49899396378269617,0.5568627450980392,0.5271523178807948,True,497,408,2026-08-15T17:46:43
1288,500,500_1,075c5cf8,0,20004,scattered,0.05,0.05030181086519115,0.4896130346232179,0.5271523178807948,False,497,491,2026-08-15T17:46:43
1289,500,500_1,075c5cf8,0,20004,scattered,0.1,0.1006036217303823,0.50020366598778,0.5271523178807948,False,497,491,2026-08-15T17:46:43
1290,500,500_1,075c5cf8,0,20004,scattered,0.15,0.15090543259557343,0.5034907597535935,0.5271523178807948,False,497,487,2026-08-15T17:46:43
1291,500,500_1,075c5cf8,0,20004,scattered,0.2,0.19919517102615694,0.5107883817427386,0.5271523178807948,False,497,482,2026-08-15T17:46:43
1292,500,500_1,075c5cf8,0,20004,scattered,0.25,0.24949698189134809,0.5168776371308017,0.5271523178807948,False,497,474,2026-08-15T17:46:43
1293,500,500_1,075c5cf8,0,20004,scattered,0.3,0.29979879275653926,0.5206451612903226,0.5271523178807948,False,497,465,2026-08-15T17:46:43
1294,500,500_1,075c5cf8,0,20004,scattered,0.4,0.40040241448692154,0.5291571753986333,0.5271523178807948,True,497,439,2026-08-15T17:46:43
1295,500,500_1,075c5cf8,0,20004,scattered,0.5,0.49899396378269617,0.5516666666666666,0.5271523178807948,True,497,420,2026-08-15T17:46:43
1296,500,500_1,ba89af07,1,-1,none,0.0,0.0,0.4973523421588595,0.5290322580645161,False,497,491,2026-08-15T17:46:43
1297,500,500_1,ba89af07,1,20000,contiguous,0.05,0.05030181086519115,0.5010266940451745,0.5290322580645161,False,497,487,2026-08-15T17:46:43
1298,500,500_1,ba89af07,1,20000,contiguous,0.1,0.1006036217303823,0.5070393374741201,0.5290322580645161,False,497,483,2026-08-15T17:46:43
1299,500,500_1,ba89af07,1,20000,contiguous,0.15,0.15090543259557343,0.5233954451345756,0.5290322580645161,False,497,483,2026-08-15T17:46:43
1300,500,500_1,ba89af07,1,20000,contiguous,0.2,0.19919517102615694,0.5304347826086957,0.5290322580645161,True,497,483,2026-08-15T17:46:43
1301,500,500_1,ba89af07,1,20000,contiguous,0.25,0.24949698189134809,0.5360995850622406,0.5290322580645161,True,497,482,2026-08-15T17:46:43
1302,500,500_1,ba89af07,1,20000,contiguous,0.3,0.29979879275653926,0.5428870292887029,0.5290322580645161,True,497,478,2026-08-15T17:46:43
1303,500,500_1,ba89af07,1,20000,contiguous,0.4,0.40040241448692154,0.5671548117154812,0.5290322580645161,True,497,478,2026-08-15T17:46:43
1304,500,500_1,ba89af07,1,20000,contiguous,0.5,0.49899396378269617,0.5784518828451883,0.5290322580645161,True,497,478,2026-08-15T17:46:43
1305,500,500_1,ba89af07,1,20000,scattered,0.05,0.05030181086519115,0.50020366598778,0.5290322580645161,False,497,491,2026-08-15T17:46:43
1306,500,500_1,ba89af07,1,20000,scattered,0.1,0.1006036217303823,0.5146639511201629,0.5290322580645161,False,497,491,2026-08-15T17:46:43
1307,500,500_1,ba89af07,1,20000,scattered,0.15,0.15090543259557343,0.5215447154471544,0.5290322580645161,False,497,492,2026-08-15T17:46:43
1308,500,500_1,ba89af07,1,20000,scattered,0.2,0.19919517102615694,0.5288617886178861,0.5290322580645161,False,497,492,2026-08-15T17:46:43
1309,500,500_1,ba89af07,1,20000,scattered,0.25,0.24949698189134809,0.5351626016260163,0.5290322580645161,True,497,492,2026-08-15T17:46:43
1310,500,500_1,ba89af07,1,20000,scattered,0.3,0.29979879275653926,0.5434959349593496,0.5290322580645161,True,497,492,2026-08-15T17:46:43
1311,500,500_1,ba89af07,1,20000,scattered,0.4,0.40040241448692154,0.5642857142857143,0.5290322580645161,True,497,490,2026-08-15T17:46:43
1312,500,500_1,ba89af07,1,20000,scattered,0.5,0.49899396378269617,0.5840490797546012,0.5290322580645161,True,497,489,2026-08-15T17:46:43
1313,500,500_1,ba89af07,1,20001,contiguous,0.05,0.05030181086519115,0.5042769857433809,0.5290322580645161,False,497,491,2026-08-15T17:46:43
1314,500,500_1,ba89af07,1,20001,contiguous,0.1,0.1006036217303823,0.5142566191446029,0.5290322580645161,False,497,491,2026-08-15T17:46:43
1315,500,500_1,ba89af07,1,20001,contiguous,0.15,0.15090543259557343,0.5246435845213849,0.5290322580645161,False,497,491,2026-08-15T17:46:43
1316,500,500_1,ba89af07,1,20001,contiguous,0.2,0.19919517102615694,0.5342158859470468,0.5290322580645161,True,497,491,2026-08-15T17:46:43
1317,500,500_1,ba89af07,1,20001,contiguous,0.25,0.24949698189134809,0.5431771894093687,0.5290322580645161,True,497,491,2026-08-15T17:46:43
1318,500,500_1,ba89af07,1,20001,contiguous,0.3,0.29979879275653926,0.5489754098360655,0.5290322580645161,True,497,488,2026-08-15T17:46:43
1319,500,500_1,ba89af07,1,20001,contiguous,0.4,0.40040241448692154,0.5593814432989691,0.5290322580645161,True,497,485,2026-08-15T17:46:43
1320,500,500_1,ba89af07,1,20001,contiguous,0.5,0.49899396378269617,0.5697478991596638,0.5290322580645161,True,497,476,2026-08-15T17:46:43
1321,500,500_1,ba89af07,1,20001,scattered,0.05,0.05030181086519115,0.5057026476578411,0.5290322580645161,False,497,491,2026-08-15T17:46:43
1322,500,500_1,ba89af07,1,20001,scattered,0.1,0.1006036217303823,0.509979633401222,0.5290322580645161,False,497,491,2026-08-15T17:46:43
1323,500,500_1,ba89af07,1,20001,scattered,0.15,0.15090543259557343,0.515040650406504,0.5290322580645161,False,497,492,2026-08-15T17:46:43
1324,500,500_1,ba89af07,1,20001,scattered,0.2,0.19919517102615694,0.5205702647657842,0.5290322580645161,False,497,491,2026-08-15T17:46:43
1325,500,500_1,ba89af07,1,20001,scattered,0.25,0.24949698189134809,0.5304703476482617,0.5290322580645161,True,497,489,2026-08-15T17:46:43
1326,500,500_1,ba89af07,1,20001,scattered,0.3,0.29979879275653926,0.5366053169734152,0.5290322580645161,True,497,489,2026-08-15T17:46:43
1327,500,500_1,ba89af07,1,20001,scattered,0.4,0.40040241448692154,0.5547131147540983,0.5290322580645161,True,497,488,2026-08-15T17:46:43
1328,500,500_1,ba89af07,1,20001,scattered,0.5,0.49899396378269617,0.5678278688524591,0.5290322580645161,True,497,488,2026-08-15T17:46:43
1329,500,500_1,ba89af07,1,20002,contiguous,0.05,0.05030181086519115,0.5032520325203252,0.5290322580645161,False,497,492,2026-08-15T17:46:43
1330,500,500_1,ba89af07,1,20002,contiguous,0.1,0.1006036217303823,0.5113821138211382,0.5290322580645161,False,497,492,2026-08-15T17:46:43
1331,500,500_1,ba89af07,1,20002,contiguous,0.15,0.15090543259557343,0.5156057494866529,0.5290322580645161,False,497,487,2026-08-15T17:46:43
1332,500,500_1,ba89af07,1,20002,contiguous,0.2,0.19919517102615694,0.518580375782881,0.5290322580645161,False,497,479,2026-08-15T17:46:43
1333,500,500_1,ba89af07,1,20002,contiguous,0.25,0.24949698189134809,0.5289308176100629,0.5290322580645161,False,497,477,2026-08-15T17:46:43
1334,500,500_1,ba89af07,1,20002,contiguous,0.3,0.29979879275653926,0.5366315789473685,0.5290322580645161,True,497,475,2026-08-15T17:46:43
1335,500,500_1,ba89af07,1,20002,contiguous,0.4,0.40040241448692154,0.5508583690987124,0.5290322580645161,True,497,466,2026-08-15T17:46:43
1336,500,500_1,ba89af07,1,20002,contiguous,0.5,0.49899396378269617,0.5559907834101383,0.5290322580645161,True,497,434,2026-08-15T17:46:43
1337,500,500_1,ba89af07,1,20002,scattered,0.05,0.05030181086519115,0.5024439918533605,0.5290322580645161,False,497,491,2026-08-15T17:46:43
1338,500,500_1,ba89af07,1,20002,scattered,0.1,0.1006036217303823,0.5054989816700611,0.5290322580645161,False,497,491,2026-08-15T17:46:43
1339,500,500_1,ba89af07,1,20002,scattered,0.15,0.15090543259557343,0.5177189409368635,0.5290322580645161,False,497,491,2026-08-15T17:46:43
1340,500,500_1,ba89af07,1,20002,scattered,0.2,0.19919517102615694,0.5207900207900208,0.5290322580645161,False,497,481,2026-08-15T17:46:43
1341,500,500_1,ba89af07,1,20002,scattered,0.25,0.24949698189134809,0.5258474576271186,0.5290322580645161,False,497,472,2026-08-15T17:46:43
1342,500,500_1,ba89af07,1,20002,scattered,0.3,0.29979879275653926,0.5298507462686567,0.5290322580645161,True,497,469,2026-08-15T17:46:43
1343,500,500_1,ba89af07,1,20002,scattered,0.4,0.40040241448692154,0.5429184549356223,0.5290322580645161,True,497,466,2026-08-15T17:46:43
1344,500,500_1,ba89af07,1,20002,scattered,0.5,0.49899396378269617,0.5543429844097996,0.5290322580645161,True,497,449,2026-08-15T17:46:43
1345,500,500_1,ba89af07,1,20003,contiguous,0.05,0.05030181086519115,0.5050813008130082,0.5290322580645161,False,497,492,2026-08-15T17:46:43
1346,500,500_1,ba89af07,1,20003,contiguous,0.1,0.1006036217303823,0.5132382892057027,0.5290322580645161,False,497,491,2026-08-15T17:46:43
1347,500,500_1,ba89af07,1,20003,contiguous,0.15,0.15090543259557343,0.5256619144602851,0.5290322580645161,False,497,491,2026-08-15T17:46:43
1348,500,500_1,ba89af07,1,20003,contiguous,0.2,0.19919517102615694,0.5307535641547861,0.5290322580645161,True,497,491,2026-08-15T17:46:43
1349,500,500_1,ba89af07,1,20003,contiguous,0.25,0.24949698189134809,0.5370901639344262,0.5290322580645161,True,497,488,2026-08-15T17:46:43
1350,500,500_1,ba89af07,1,20003,contiguous,0.3,0.29979879275653926,0.5424180327868853,0.5290322580645161,True,497,488,2026-08-15T17:46:43
1351,500,500_1,ba89af07,1,20003,contiguous,0.4,0.40040241448692154,0.5576763485477179,0.5290322580645161,True,497,482,2026-08-15T17:46:43
1352,500,500_1,ba89af07,1,20003,contiguous,0.5,0.49899396378269617,0.5686070686070686,0.5290322580645161,True,497,481,2026-08-15T17:46:43
1353,500,500_1,ba89af07,1,20003,scattered,0.05,0.05030181086519115,0.5012219959266803,0.5290322580645161,False,497,491,2026-08-15T17:46:43
1354,500,500_1,ba89af07,1,20003,scattered,0.1,0.1006036217303823,0.5026476578411405,0.5290322580645161,False,497,491,2026-08-15T17:46:43
1355,500,500_1,ba89af07,1,20003,scattered,0.15,0.15090543259557343,0.5067209775967414,0.5290322580645161,False,497,491,2026-08-15T17:46:43
1356,500,500_1,ba89af07,1,20003,scattered,0.2,0.19919517102615694,0.5181262729124236,0.5290322580645161,False,497,491,2026-08-15T17:46:43
1357,500,500_1,ba89af07,1,20003,scattered,0.25,0.24949698189134809,0.5219262295081967,0.5290322580645161,False,497,488,2026-08-15T17:46:43
1358,500,500_1,ba89af07,1,20003,scattered,0.3,0.29979879275653926,0.5329918032786886,0.5290322580645161,True,497,488,2026-08-15T17:46:43
1359,500,500_1,ba89af07,1,20003,scattered,0.4,0.40040241448692154,0.5496894409937888,0.5290322580645161,True,497,483,2026-08-15T17:46:43
1360,500,500_1,ba89af07,1,20003,scattered,0.5,0.49899396378269617,0.5663900414937759,0.5290322580645161,True,497,482,2026-08-15T17:46:43
1361,500,500_1,ba89af07,1,20004,contiguous,0.05,0.05030181086519115,0.5054989816700611,0.5290322580645161,False,497,491,2026-08-15T17:46:43
1362,500,500_1,ba89af07,1,20004,contiguous,0.1,0.1006036217303823,0.514344262295082,0.5290322580645161,False,497,488,2026-08-15T17:46:43
1363,500,500_1,ba89af07,1,20004,contiguous,0.15,0.15090543259557343,0.5244306418219462,0.5290322580645161,False,497,483,2026-08-15T17:46:43
1364,500,500_1,ba89af07,1,20004,contiguous,0.2,0.19919517102615694,0.5362318840579711,0.5290322580645161,True,497,483,2026-08-15T17:46:43
1365,500,500_1,ba89af07,1,20004,contiguous,0.25,0.24949698189134809,0.5430641821946169,0.5290322580645161,True,497,483,2026-08-15T17:46:43
1366,500,500_1,ba89af07,1,20004,contiguous,0.3,0.29979879275653926,0.55375,0.5290322580645161,True,497,480,2026-08-15T17:46:43
1367,500,500_1,ba89af07,1,20004,contiguous,0.4,0.40040241448692154,0.5644539614561028,0.5290322580645161,True,497,467,2026-08-15T17:46:43
1368,500,500_1,ba89af07,1,20004,contiguous,0.5,0.49899396378269617,0.5721491228070176,0.5290322580645161,True,497,456,2026-08-15T17:46:43
1369,500,500_1,ba89af07,1,20004,scattered,0.05,0.05030181086519115,0.5004081632653061,0.5290322580645161,False,497,490,2026-08-15T17:46:43
1370,500,500_1,ba89af07,1,20004,scattered,0.1,0.1006036217303823,0.5095918367346939,0.5290322580645161,False,497,490,2026-08-15T17:46:43
1371,500,500_1,ba89af07,1,20004,scattered,0.15,0.15090543259557343,0.5215885947046843,0.5290322580645161,False,497,491,2026-08-15T17:46:43
1372,500,500_1,ba89af07,1,20004,scattered,0.2,0.19919517102615694,0.5301425661914461,0.5290322580645161,True,497,491,2026-08-15T17:46:43
1373,500,500_1,ba89af07,1,20004,scattered,0.25,0.24949698189134809,0.5356415478615071,0.5290322580645161,True,497,491,2026-08-15T17:46:43
1374,500,500_1,ba89af07,1,20004,scattered,0.3,0.29979879275653926,0.5395918367346939,0.5290322580645161,True,497,490,2026-08-15T17:46:43
1375,500,500_1,ba89af07,1,20004,scattered,0.4,0.40040241448692154,0.5575,0.5290322580645161,True,497,480,2026-08-15T17:46:43
1376,500,500_1,ba89af07,1,20004,scattered,0.5,0.49899396378269617,0.573784355179704,0.5290322580645161,True,497,473,2026-08-15T17:46:43
1377,500,500_1,21f80958,2,-1,none,0.0,0.0,0.5134419551934827,0.5230769230769231,False,497,491,2026-08-15T17:46:43
1378,500,500_1,21f80958,2,20000,contiguous,0.05,0.05030181086519115,0.5195121951219512,0.5230769230769231,False,497,492,2026-08-15T17:46:43
1379,500,500_1,21f80958,2,20000,contiguous,0.1,0.1006036217303823,0.5278455284552845,0.5230769230769231,True,497,492,2026-08-15T17:46:43
1380,500,500_1,21f80958,2,20000,contiguous,0.15,0.15090543259557343,0.5335365853658537,0.5230769230769231,True,497,492,2026-08-15T17:46:43
1381,500,500_1,21f80958,2,20000,contiguous,0.2,0.19919517102615694,0.539795918367347,0.5230769230769231,True,497,490,2026-08-15T17:46:43
1382,500,500_1,21f80958,2,20000,contiguous,0.25,0.24949698189134809,0.5436734693877551,0.5230769230769231,True,497,490,2026-08-15T17:46:43
1383,500,500_1,21f80958,2,20000,contiguous,0.3,0.29979879275653926,0.5530612244897959,0.5230769230769231,True,497,490,2026-08-15T17:46:43
1384,500,500_1,21f80958,2,20000,contiguous,0.4,0.40040241448692154,0.5619542619542619,0.5230769230769231,True,497,481,2026-08-15T17:46:43
1385,500,500_1,21f80958,2,20000,contiguous,0.5,0.49899396378269617,0.5707423580786026,0.5230769230769231,True,497,458,2026-08-15T17:46:43
1386,500,500_1,21f80958,2,20000,scattered,0.05,0.05030181086519115,0.515274949083503,0.5230769230769231,False,497,491,2026-08-15T17:46:43
1387,500,500_1,21f80958,2,20000,scattered,0.1,0.1006036217303823,0.5140529531568228,0.5230769230769231,False,497,491,2026-08-15T17:46:43
1388,500,500_1,21f80958,2,20000,scattered,0.15,0.15090543259557343,0.5213414634146342,0.5230769230769231,False,497,492,2026-08-15T17:46:43
1389,500,500_1,21f80958,2,20000,scattered,0.2,0.19919517102615694,0.5298568507157464,0.5230769230769231,True,497,489,2026-08-15T17:46:43
1390,500,500_1,21f80958,2,20000,scattered,0.25,0.24949698189134809,0.5350515463917526,0.5230769230769231,True,497,485,2026-08-15T17:46:43
1391,500,500_1,21f80958,2,20000,scattered,0.3,0.29979879275653926,0.53875,0.5230769230769231,True,497,480,2026-08-15T17:46:43
1392,500,500_1,21f80958,2,20000,scattered,0.4,0.40040241448692154,0.5433189655172413,0.5230769230769231,True,497,464,2026-08-15T17:46:43
1393,500,500_1,21f80958,2,20000,scattered,0.5,0.49899396378269617,0.560183066361556,0.5230769230769231,True,497,437,2026-08-15T17:46:43
1394,500,500_1,21f80958,2,20001,contiguous,0.05,0.05030181086519115,0.5180894308943089,0.5230769230769231,False,497,492,2026-08-15T17:46:43
1395,500,500_1,21f80958,2,20001,contiguous,0.1,0.1006036217303823,0.5240816326530612,0.5230769230769231,True,497,490,2026-08-15T17:46:43
1396,500,500_1,21f80958,2,20001,contiguous,0.15,0.15090543259557343,0.5316326530612245,0.5230769230769231,True,497,490,2026-08-15T17:46:43
1397,500,500_1,21f80958,2,20001,contiguous,0.2,0.19919517102615694,0.5364978902953587,0.5230769230769231,True,497,474,2026-08-15T17:46:43
1398,500,500_1,21f80958,2,20001,contiguous,0.25,0.24949698189134809,0.537012987012987,0.5230769230769231,True,497,462,2026-08-15T17:46:43
1399,500,500_1,21f80958,2,20001,contiguous,0.3,0.29979879275653926,0.5427937915742794,0.5230769230769231,True,497,451,2026-08-15T17:46:43
1400,500,500_1,21f80958,2,20001,contiguous,0.4,0.40040241448692154,0.5536697247706422,0.5230769230769231,True,497,436,2026-08-15T17:46:43
1401,500,500_1,21f80958,2,20001,contiguous,0.5,0.49899396378269617,0.5634844868735084,0.5230769230769231,True,497,419,2026-08-15T17:46:43
1402,500,500_1,21f80958,2,20001,scattered,0.05,0.05030181086519115,0.5148676171079429,0.5230769230769231,False,497,491,2026-08-15T17:46:43
1403,500,500_1,21f80958,2,20001,scattered,0.1,0.1006036217303823,0.5226069246435845,0.5230769230769231,False,497,491,2026-08-15T17:46:43
1404,500,500_1,21f80958,2,20001,scattered,0.15,0.15090543259557343,0.5201629327902241,0.5230769230769231,False,497,491,2026-08-15T17:46:43
1405,500,500_1,21f80958,2,20001,scattered,0.2,0.19919517102615694,0.5298568507157464,0.5230769230769231,True,497,489,2026-08-15T17:46:43
1406,500,500_1,21f80958,2,20001,scattered,0.25,0.24949698189134809,0.5330595482546201,0.5230769230769231,True,497,487,2026-08-15T17:46:43
1407,500,500_1,21f80958,2,20001,scattered,0.3,0.29979879275653926,0.5405010438413361,0.5230769230769231,True,497,479,2026-08-15T17:46:43
1408,500,500_1,21f80958,2,20001,scattered,0.4,0.40040241448692154,0.5511827956989247,0.5230769230769231,True,497,465,2026-08-15T17:46:43
1409,500,500_1,21f80958,2,20001,scattered,0.5,0.49899396378269617,0.5671772428884027,0.5230769230769231,True,497,457,2026-08-15T17:46:43
1410,500,500_1,21f80958,2,20002,contiguous,0.05,0.05030181086519115,0.5197154471544716,0.5230769230769231,False,497,492,2026-08-15T17:46:43
1411,500,500_1,21f80958,2,20002,contiguous,0.1,0.1006036217303823,0.5280487804878049,0.5230769230769231,True,497,492,2026-08-15T17:46:43
1412,500,500_1,21f80958,2,20002,contiguous,0.15,0.15090543259557343,0.5338085539714867,0.5230769230769231,True,497,491,2026-08-15T17:46:43
1413,500,500_1,21f80958,2,20002,contiguous,0.2,0.19919517102615694,0.5431771894093687,0.5230769230769231,True,497,491,2026-08-15T17:46:43
1414,500,500_1,21f80958,2,20002,contiguous,0.25,0.24949698189134809,0.5431492842535788,0.5230769230769231,True,497,489,2026-08-15T17:46:43
1415,500,500_1,21f80958,2,20002,contiguous,0.3,0.29979879275653926,0.5487394957983194,0.5230769230769231,True,497,476,2026-08-15T17:46:43
1416,500,500_1,21f80958,2,20002,contiguous,0.4,0.40040241448692154,0.5539445628997868,0.5230769230769231,True,497,469,2026-08-15T17:46:43
1417,500,500_1,21f80958,2,20002,contiguous,0.5,0.49899396378269617,0.5635371179039301,0.5230769230769231,True,497,458,2026-08-15T17:46:43
1418,500,500_1,21f80958,2,20002,scattered,0.05,0.05030181086519115,0.5146639511201629,0.5230769230769231,False,497,491,2026-08-15T17:46:43
1419,500,500_1,21f80958,2,20002,scattered,0.1,0.1006036217303823,0.5177189409368635,0.5230769230769231,False,497,491,2026-08-15T17:46:43
1420,500,500_1,21f80958,2,20002,scattered,0.15,0.15090543259557343,0.5174180327868853,0.5230769230769231,False,497,488,2026-08-15T17:46:43
1421,500,500_1,21f80958,2,20002,scattered,0.2,0.19919517102615694,0.5279260780287475,0.5230769230769231,True,497,487,2026-08-15T17:46:43
1422,500,500_1,21f80958,2,20002,scattered,0.25,0.24949698189134809,0.5241735537190083,0.5230769230769231,True,497,484,2026-08-15T17:46:43
1423,500,500_1,21f80958,2,20002,scattered,0.3,0.29979879275653926,0.5313929313929314,0.5230769230769231,True,497,481,2026-08-15T17:46:43
1424,500,500_1,21f80958,2,20002,scattered,0.4,0.40040241448692154,0.5442307692307692,0.5230769230769231,True,497,468,2026-08-15T17:46:43
1425,500,500_1,21f80958,2,20002,scattered,0.5,0.49899396378269617,0.5549019607843138,0.5230769230769231,True,497,459,2026-08-15T17:46:43
1426,500,500_1,21f80958,2,20003,contiguous,0.05,0.05030181086519115,0.5138075313807532,0.5230769230769231,False,497,478,2026-08-15T17:46:43
1427,500,500_1,21f80958,2,20003,contiguous,0.1,0.1006036217303823,0.5161147902869757,0.5230769230769231,False,497,453,2026-08-15T17:46:43
1428,500,500_1,21f80958,2,20003,contiguous,0.15,0.15090543259557343,0.5156542056074767,0.5230769230769231,False,497,428,2026-08-15T17:46:43
1429,500,500_1,21f80958,2,20003,contiguous,0.2,0.19919517102615694,0.5187804878048781,0.5230769230769231,False,497,410,2026-08-15T17:46:43
1430,500,500_1,21f80958,2,20003,contiguous,0.25,0.24949698189134809,0.5229828850855746,0.5230769230769231,False,497,409,2026-08-15T17:46:43
1431,500,500_1,21f80958,2,20003,contiguous,0.3,0.29979879275653926,0.5308641975308642,0.5230769230769231,True,497,405,2026-08-15T17:46:43
1432,500,500_1,21f80958,2,20003,contiguous,0.4,0.40040241448692154,0.554320987654321,0.5230769230769231,True,497,405,2026-08-15T17:46:43
1433,500,500_1,21f80958,2,20003,contiguous,0.5,0.49899396378269617,0.569077306733167,0.5230769230769231,True,497,401,2026-08-15T17:46:43
1434,500,500_1,21f80958,2,20003,scattered,0.05,0.05030181086519115,0.5138492871690428,0.5230769230769231,False,497,491,2026-08-15T17:46:43
1435,500,500_1,21f80958,2,20003,scattered,0.1,0.1006036217303823,0.5148676171079429,0.5230769230769231,False,497,491,2026-08-15T17:46:43
1436,500,500_1,21f80958,2,20003,scattered,0.15,0.15090543259557343,0.5209876543209877,0.5230769230769231,False,497,486,2026-08-15T17:46:43
1437,500,500_1,21f80958,2,20003,scattered,0.2,0.19919517102615694,0.530607966457023,0.5230769230769231,True,497,477,2026-08-15T17:46:43
1438,500,500_1,21f80958,2,20003,scattered,0.25,0.24949698189134809,0.5308351177730193,0.5230769230769231,True,497,467,2026-08-15T17:46:43
1439,500,500_1,21f80958,2,20003,scattered,0.3,0.29979879275653926,0.5334792122538293,0.5230769230769231,True,497,457,2026-08-15T17:46:43
1440,500,500_1,21f80958,2,20003,scattered,0.4,0.40040241448692154,0.5443155452436195,0.5230769230769231,True,497,431,2026-08-15T17:46:43
1441,500,500_1,21f80958,2,20003,scattered,0.5,0.49899396378269617,0.55275,0.5230769230769231,True,497,400,2026-08-15T17:46:43
1442,500,500_1,21f80958,2,20004,contiguous,0.05,0.05030181086519115,0.5180894308943089,0.5230769230769231,False,497,492,2026-08-15T17:46:43
1443,500,500_1,21f80958,2,20004,contiguous,0.1,0.1006036217303823,0.5264227642276422,0.5230769230769231,True,497,492,2026-08-15T17:46:43
1444,500,500_1,21f80958,2,20004,contiguous,0.15,0.15090543259557343,0.5358452138492872,0.5230769230769231,True,497,491,2026-08-15T17:46:43
1445,500,500_1,21f80958,2,20004,contiguous,0.2,0.19919517102615694,0.5444897959183673,0.5230769230769231,True,497,490,2026-08-15T17:46:43
1446,500,500_1,21f80958,2,20004,contiguous,0.25,0.24949698189134809,0.5444676409185804,0.5230769230769231,True,497,479,2026-08-15T17:46:43
1447,500,500_1,21f80958,2,20004,contiguous,0.3,0.29979879275653926,0.5530398322851153,0.5230769230769231,True,497,477,2026-08-15T17:46:43
1448,500,500_1,21f80958,2,20004,contiguous,0.4,0.40040241448692154,0.5665961945031712,0.5230769230769231,True,497,473,2026-08-15T17:46:43
1449,500,500_1,21f80958,2,20004,contiguous,0.5,0.49899396378269617,0.5834745762711865,0.5230769230769231,True,497,472,2026-08-15T17:46:43
1450,500,500_1,21f80958,2,20004,scattered,0.05,0.05030181086519115,0.5105906313645621,0.5230769230769231,False,497,491,2026-08-15T17:46:43
1451,500,500_1,21f80958,2,20004,scattered,0.1,0.1006036217303823,0.5201629327902241,0.5230769230769231,False,497,491,2026-08-15T17:46:43
1452,500,500_1,21f80958,2,20004,scattered,0.15,0.15090543259557343,0.5323170731707317,0.5230769230769231,True,497,492,2026-08-15T17:46:43
1453,500,500_1,21f80958,2,20004,scattered,0.2,0.19919517102615694,0.5369918699186992,0.5230769230769231,True,497,492,2026-08-15T17:46:43
1454,500,500_1,21f80958,2,20004,scattered,0.25,0.24949698189134809,0.5485772357723577,0.5230769230769231,True,497,492,2026-08-15T17:46:43
1455,500,500_1,21f80958,2,20004,scattered,0.3,0.29979879275653926,0.5493902439024391,0.5230769230769231,True,497,492,2026-08-15T17:46:43
1456,500,500_1,21f80958,2,20004,scattered,0.4,0.40040241448692154,0.5692464358452138,0.5230769230769231,True,497,491,2026-08-15T17:46:43
1457,500,500_1,21f80958,2,20004,scattered,0.5,0.49899396378269617,0.5835030549898167,0.5230769230769231,True,497,491,2026-08-15T17:46:43
1458,500,500_1,7ae45fec,3,-1,none,0.0,0.0,0.5042769857433809,0.5251655629139073,False,497,491,2026-08-15T17:46:43
1459,500,500_1,7ae45fec,3,20000,contiguous,0.05,0.05030181086519115,0.5134146341463415,0.5251655629139073,False,497,492,2026-08-15T17:46:43
1460,500,500_1,7ae45fec,3,20000,contiguous,0.1,0.1006036217303823,0.519959266802444,0.5251655629139073,False,497,491,2026-08-15T17:46:43
1461,500,500_1,7ae45fec,3,20000,contiguous,0.15,0.15090543259557343,0.5276985743380855,0.5251655629139073,True,497,491,2026-08-15T17:46:43
1462,500,500_1,7ae45fec,3,20000,contiguous,0.2,0.19919517102615694,0.5334012219959267,0.5251655629139073,True,497,491,2026-08-15T17:46:43
1463,500,500_1,7ae45fec,3,20000,contiguous,0.25,0.24949698189134809,0.5442857142857143,0.5251655629139073,True,497,490,2026-08-15T17:46:43
1464,500,500_1,7ae45fec,3,20000,contiguous,0.3,0.29979879275653926,0.5551020408163265,0.5251655629139073,True,497,490,2026-08-15T17:46:43
1465,500,500_1,7ae45fec,3,20000,contiguous,0.4,0.40040241448692154,0.5659183673469388,0.5251655629139073,True,497,490,2026-08-15T17:46:43
1466,500,500_1,7ae45fec,3,20000,contiguous,0.5,0.49899396378269617,0.5761316872427984,0.5251655629139073,True,497,486,2026-08-15T17:46:43
1467,500,500_1,7ae45fec,3,20000,scattered,0.05,0.05030181086519115,0.5054989816700611,0.5251655629139073,False,497,491,2026-08-15T17:46:43
1468,500,500_1,7ae45fec,3,20000,scattered,0.1,0.1006036217303823,0.5107942973523422,0.5251655629139073,False,497,491,2026-08-15T17:46:43
1469,500,500_1,7ae45fec,3,20000,scattered,0.15,0.15090543259557343,0.5172764227642277,0.5251655629139073,False,497,492,2026-08-15T17:46:43
1470,500,500_1,7ae45fec,3,20000,scattered,0.2,0.19919517102615694,0.5246938775510204,0.5251655629139073,False,497,490,2026-08-15T17:46:43
1471,500,500_1,7ae45fec,3,20000,scattered,0.25,0.24949698189134809,0.5330612244897959,0.5251655629139073,True,497,490,2026-08-15T17:46:43
1472,500,500_1,7ae45fec,3,20000,scattered,0.3,0.29979879275653926,0.5431211498973306,0.5251655629139073,True,497,487,2026-08-15T17:46:43
1473,500,500_1,7ae45fec,3,20000,scattered,0.4,0.40040241448692154,0.548024948024948,0.5251655629139073,True,497,481,2026-08-15T17:46:43
1474,500,500_1,7ae45fec,3,20000,scattered,0.5,0.49899396378269617,0.55610278372591,0.5251655629139073,True,497,467,2026-08-15T17:46:43
1475,500,500_1,7ae45fec,3,20001,contiguous,0.05,0.05030181086519115,0.5103658536585366,0.5251655629139073,False,497,492,2026-08-15T17:46:43
1476,500,500_1,7ae45fec,3,20001,contiguous,0.1,0.1006036217303823,0.5164634146341464,0.5251655629139073,False,497,492,2026-08-15T17:46:43
1477,500,500_1,7ae45fec,3,20001,contiguous,0.15,0.15090543259557343,0.5213414634146342,0.5251655629139073,False,497,492,2026-08-15T17:46:43
1478,500,500_1,7ae45fec,3,20001,contiguous,0.2,0.19919517102615694,0.5258130081300812,0.5251655629139073,True,497,492,2026-08-15T17:46:43
1479,500,500_1,7ae45fec,3,20001,contiguous,0.25,0.24949698189134809,0.5384146341463415,0.5251655629139073,True,497,492,2026-08-15T17:46:43
1480,500,500_1,7ae45fec,3,20001,contiguous,0.3,0.29979879275653926,0.5467479674796748,0.5251655629139073,True,497,492,2026-08-15T17:46:43
1481,500,500_1,7ae45fec,3,20001,contiguous,0.4,0.40040241448692154,0.5579918032786885,0.5251655629139073,True,497,488,2026-08-15T17:46:43
1482,500,500_1,7ae45fec,3,20001,contiguous,0.5,0.49899396378269617,0.5676409185803758,0.5251655629139073,True,497,479,2026-08-15T17:46:43
1483,500,500_1,7ae45fec,3,20001,scattered,0.05,0.05030181086519115,0.5071283095723014,0.5251655629139073,False,497,491,2026-08-15T17:46:43
1484,500,500_1,7ae45fec,3,20001,scattered,0.1,0.1006036217303823,0.5120162932790224,0.5251655629139073,False,497,491,2026-08-15T17:46:43
1485,500,500_1,7ae45fec,3,20001,scattered,0.15,0.15090543259557343,0.5203252032520326,0.5251655629139073,False,497,492,2026-08-15T17:46:43
1486,500,500_1,7ae45fec,3,20001,scattered,0.2,0.19919517102615694,0.5233739837398373,0.5251655629139073,False,497,492,2026-08-15T17:46:43
1487,500,500_1,7ae45fec,3,20001,scattered,0.25,0.24949698189134809,0.5339430894308943,0.5251655629139073,True,497,492,2026-08-15T17:46:43
1488,500,500_1,7ae45fec,3,20001,scattered,0.3,0.29979879275653926,0.5430894308943089,0.5251655629139073,True,497,492,2026-08-15T17:46:43
1489,500,500_1,7ae45fec,3,20001,scattered,0.4,0.40040241448692154,0.5550102249488753,0.5251655629139073,True,497,489,2026-08-15T17:46:43
1490,500,500_1,7ae45fec,3,20001,scattered,0.5,0.49899396378269617,0.5625,0.5251655629139073,True,497,488,2026-08-15T17:46:43
1491,500,500_1,7ae45fec,3,20002,contiguous,0.05,0.05030181086519115,0.5119918699186992,0.5251655629139073,False,497,492,2026-08-15T17:46:43
1492,500,500_1,7ae45fec,3,20002,contiguous,0.1,0.1006036217303823,0.517479674796748,0.5251655629139073,False,497,492,2026-08-15T17:46:43
1493,500,500_1,7ae45fec,3,20002,contiguous,0.15,0.15090543259557343,0.5245934959349593,0.5251655629139073,False,497,492,2026-08-15T17:46:43
1494,500,500_1,7ae45fec,3,20002,contiguous,0.2,0.19919517102615694,0.5282520325203252,0.5251655629139073,True,497,492,2026-08-15T17:46:43
1495,500,500_1,7ae45fec,3,20002,contiguous,0.25,0.24949698189134809,0.5402439024390244,0.5251655629139073,True,497,492,2026-08-15T17:46:43
1496,500,500_1,7ae45fec,3,20002,contiguous,0.3,0.29979879275653926,0.5483739837398374,0.5251655629139073,True,497,492,2026-08-15T17:46:43
1497,500,500_1,7ae45fec,3,20002,contiguous,0.4,0.40040241448692154,0.5620408163265306,0.5251655629139073,True,497,490,2026-08-15T17:46:43
1498,500,500_1,7ae45fec,3,20002,contiguous,0.5,0.49899396378269617,0.5751020408163265,0.5251655629139073,True,497,490,2026-08-15T17:46:43
1499,500,500_1,7ae45fec,3,20002,scattered,0.05,0.05030181086519115,0.5014256619144603,0.5251655629139073,False,497,491,2026-08-15T17:46:43
1500,500,500_1,7ae45fec,3,20002,scattered,0.1,0.1006036217303823,0.5077709611451943,0.5251655629139073,False,497,489,2026-08-15T17:46:43
1501,500,500_1,7ae45fec,3,20002,scattered,0.15,0.15090543259557343,0.5116803278688524,0.5251655629139073,False,497,488,2026-08-15T17:46:43
1502,500,500_1,7ae45fec,3,20002,scattered,0.2,0.19919517102615694,0.5225872689938398,0.5251655629139073,False,497,487,2026-08-15T17:46:43
1503,500,500_1,7ae45fec,3,20002,scattered,0.25,0.24949698189134809,0.5277207392197125,0.5251655629139073,True,497,487,2026-08-15T17:46:43
1504,500,500_1,7ae45fec,3,20002,scattered,0.3,0.29979879275653926,0.5347022587268994,0.5251655629139073,True,497,487,2026-08-15T17:46:43
1505,500,500_1,7ae45fec,3,20002,scattered,0.4,0.40040241448692154,0.5426804123711341,0.5251655629139073,True,497,485,2026-08-15T17:46:43
1506,500,500_1,7ae45fec,3,20002,scattered,0.5,0.49899396378269617,0.5602061855670103,0.5251655629139073,True,497,485,2026-08-15T17:46:43
1507,500,500_1,7ae45fec,3,20003,contiguous,0.05,0.05030181086519115,0.5124489795918368,0.5251655629139073,False,497,490,2026-08-15T17:46:43
1508,500,500_1,7ae45fec,3,20003,contiguous,0.1,0.1006036217303823,0.5192229038854805,0.5251655629139073,False,497,489,2026-08-15T17:46:43
1509,500,500_1,7ae45fec,3,20003,contiguous,0.15,0.15090543259557343,0.5252049180327869,0.5251655629139073,True,497,488,2026-08-15T17:46:43
1510,500,500_1,7ae45fec,3,20003,contiguous,0.2,0.19919517102615694,0.5338114754098361,0.5251655629139073,True,497,488,2026-08-15T17:46:43
1511,500,500_1,7ae45fec,3,20003,contiguous,0.25,0.24949698189134809,0.5452868852459016,0.5251655629139073,True,497,488,2026-08-15T17:46:43
1512,500,500_1,7ae45fec,3,20003,contiguous,0.3,0.29979879275653926,0.551129363449692,0.5251655629139073,True,497,487,2026-08-15T17:46:43
1513,500,500_1,7ae45fec,3,20003,contiguous,0.4,0.40040241448692154,0.5640495867768595,0.5251655629139073,True,497,484,2026-08-15T17:46:43
1514,500,500_1,7ae45fec,3,20003,contiguous,0.5,0.49899396378269617,0.5757322175732218,0.5251655629139073,True,497,478,2026-08-15T17:46:43
1515,500,500_1,7ae45fec,3,20003,scattered,0.05,0.05030181086519115,0.5030549898167006,0.5251655629139073,False,497,491,2026-08-15T17:46:43
1516,500,500_1,7ae45fec,3,20003,scattered,0.1,0.1006036217303823,0.509979633401222,0.5251655629139073,False,497,491,2026-08-15T17:46:43
1517,500,500_1,7ae45fec,3,20003,scattered,0.15,0.15090543259557343,0.5158536585365854,0.5251655629139073,False,497,492,2026-08-15T17:46:43
1518,500,500_1,7ae45fec,3,20003,scattered,0.2,0.19919517102615694,0.5260162601626016,0.5251655629139073,True,497,492,2026-08-15T17:46:43
1519,500,500_1,7ae45fec,3,20003,scattered,0.25,0.24949698189134809,0.5368635437881873,0.5251655629139073,True,497,491,2026-08-15T17:46:43
1520,500,500_1,7ae45fec,3,20003,scattered,0.3,0.29979879275653926,0.5391836734693878,0.5251655629139073,True,497,490,2026-08-15T17:46:43
1521,500,500_1,7ae45fec,3,20003,scattered,0.4,0.40040241448692154,0.5508196721311476,0.5251655629139073,True,497,488,2026-08-15T17:46:43
1522,500,500_1,7ae45fec,3,20003,scattered,0.5,0.49899396378269617,0.5679012345679012,0.5251655629139073,True,497,486,2026-08-15T17:46:43
1523,500,500_1,7ae45fec,3,20004,contiguous,0.05,0.05030181086519115,0.5088114754098361,0.5251655629139073,False,497,488,2026-08-15T17:46:43
1524,500,500_1,7ae45fec,3,20004,contiguous,0.1,0.1006036217303823,0.5145790554414784,0.5251655629139073,False,497,487,2026-08-15T17:46:43
1525,500,500_1,7ae45fec,3,20004,contiguous,0.15,0.15090543259557343,0.5172199170124482,0.5251655629139073,False,497,482,2026-08-15T17:46:43
1526,500,500_1,7ae45fec,3,20004,contiguous,0.2,0.19919517102615694,0.5208421052631579,0.5251655629139073,False,497,475,2026-08-15T17:46:43
1527,500,500_1,7ae45fec,3,20004,contiguous,0.25,0.24949698189134809,0.5324210526315789,0.5251655629139073,True,497,475,2026-08-15T17:46:43
1528,500,500_1,7ae45fec,3,20004,contiguous,0.3,0.29979879275653926,0.5385593220338983,0.5251655629139073,True,497,472,2026-08-15T17:46:43
1529,500,500_1,7ae45fec,3,20004,contiguous,0.4,0.40040241448692154,0.5476394849785408,0.5251655629139073,True,497,466,2026-08-15T17:46:43
1530,500,500_1,7ae45fec,3,20004,contiguous,0.5,0.49899396378269617,0.565236051502146,0.5251655629139073,True,497,466,2026-08-15T17:46:43
1531,500,500_1,7ae45fec,3,20004,scattered,0.05,0.05030181086519115,0.5069246435845214,0.5251655629139073,False,497,491,2026-08-15T17:46:43
1532,500,500_1,7ae45fec,3,20004,scattered,0.1,0.1006036217303823,0.5110204081632653,0.5251655629139073,False,497,490,2026-08-15T17:46:43
1533,500,500_1,7ae45fec,3,20004,scattered,0.15,0.15090543259557343,0.5149590163934427,0.5251655629139073,False,497,488,2026-08-15T17:46:43
1534,500,500_1,7ae45fec,3,20004,scattered,0.2,0.19919517102615694,0.5242798353909465,0.5251655629139073,False,497,486,2026-08-15T17:46:43
1535,500,500_1,7ae45fec,3,20004,scattered,0.25,0.24949698189134809,0.528305785123967,0.5251655629139073,True,497,484,2026-08-15T17:46:43
1536,500,500_1,7ae45fec,3,20004,scattered,0.3,0.29979879275653926,0.5368530020703933,0.5251655629139073,True,497,483,2026-08-15T17:46:43
1537,500,500_1,7ae45fec,3,20004,scattered,0.4,0.40040241448692154,0.5413361169102296,0.5251655629139073,True,497,479,2026-08-15T17:46:43
1538,500,500_1,7ae45fec,3,20004,scattered,0.5,0.49899396378269617,0.555672268907563,0.5251655629139073,True,497,476,2026-08-15T17:46:43
1539,500,500_1,d9b174c2,4,-1,none,0.0,0.0,0.4973523421588595,0.5393333333333333,False,497,491,2026-08-15T17:46:43
1540,500,500_1,d9b174c2,4,20000,contiguous,0.05,0.05030181086519115,0.5052845528455284,0.5393333333333333,False,497,492,2026-08-15T17:46:43
1541,500,500_1,d9b174c2,4,20000,contiguous,0.1,0.1006036217303823,0.516260162601626,0.5393333333333333,False,497,492,2026-08-15T17:46:43
1542,500,500_1,d9b174c2,4,20000,contiguous,0.15,0.15090543259557343,0.5220408163265307,0.5393333333333333,False,497,490,2026-08-15T17:46:43
1543,500,500_1,d9b174c2,4,20000,contiguous,0.2,0.19919517102615694,0.5293877551020408,0.5393333333333333,False,497,490,2026-08-15T17:46:43
1544,500,500_1,d9b174c2,4,20000,contiguous,0.25,0.24949698189134809,0.5391836734693878,0.5393333333333333,False,497,490,2026-08-15T17:46:43
1545,500,500_1,d9b174c2,4,20000,contiguous,0.3,0.29979879275653926,0.5483673469387755,0.5393333333333333,True,497,490,2026-08-15T17:46:43
1546,500,500_1,d9b174c2,4,20000,contiguous,0.4,0.40040241448692154,0.5633946830265849,0.5393333333333333,True,497,489,2026-08-15T17:46:43
1547,500,500_1,d9b174c2,4,20000,contiguous,0.5,0.49899396378269617,0.5741935483870968,0.5393333333333333,True,497,465,2026-08-15T17:46:43
1548,500,500_1,d9b174c2,4,20000,scattered,0.05,0.05030181086519115,0.5006109979633401,0.5393333333333333,False,497,491,2026-08-15T17:46:43
1549,500,500_1,d9b174c2,4,20000,scattered,0.1,0.1006036217303823,0.5061224489795918,0.5393333333333333,False,497,490,2026-08-15T17:46:43
1550,500,500_1,d9b174c2,4,20000,scattered,0.15,0.15090543259557343,0.5130346232179226,0.5393333333333333,False,497,491,2026-08-15T17:46:43
1551,500,500_1,d9b174c2,4,20000,scattered,0.2,0.19919517102615694,0.5207739307535642,0.5393333333333333,False,497,491,2026-08-15T17:46:43
1552,500,500_1,d9b174c2,4,20000,scattered,0.25,0.24949698189134809,0.5269387755102041,0.5393333333333333,False,497,490,2026-08-15T17:46:43
1553,500,500_1,d9b174c2,4,20000,scattered,0.3,0.29979879275653926,0.5344897959183673,0.5393333333333333,False,497,490,2026-08-15T17:46:43
1554,500,500_1,d9b174c2,4,20000,scattered,0.4,0.40040241448692154,0.5523517382413088,0.5393333333333333,True,497,489,2026-08-15T17:46:43
1555,500,500_1,d9b174c2,4,20000,scattered,0.5,0.49899396378269617,0.5661190965092402,0.5393333333333333,True,497,487,2026-08-15T17:46:43
1556,500,500_1,d9b174c2,4,20001,contiguous,0.05,0.05030181086519115,0.5044715447154472,0.5393333333333333,False,497,492,2026-08-15T17:46:43
1557,500,500_1,d9b174c2,4,20001,contiguous,0.1,0.1006036217303823,0.5138211382113821,0.5393333333333333,False,497,492,2026-08-15T17:46:43
1558,500,500_1,d9b174c2,4,20001,contiguous,0.15,0.15090543259557343,0.5178794178794178,0.5393333333333333,False,497,481,2026-08-15T17:46:43
1559,500,500_1,d9b174c2,4,20001,contiguous,0.2,0.19919517102615694,0.5255230125523013,0.5393333333333333,False,497,478,2026-08-15T17:46:43
1560,500,500_1,d9b174c2,4,20001,contiguous,0.25,0.24949698189134809,0.5348739495798319,0.5393333333333333,False,497,476,2026-08-15T17:46:43
1561,500,500_1,d9b174c2,4,20001,contiguous,0.3,0.29979879275653926,0.5413502109704641,0.5393333333333333,True,497,474,2026-08-15T17:46:43
1562,500,500_1,d9b174c2,4,20001,contiguous,0.4,0.40040241448692154,0.5518358531317494,0.5393333333333333,True,497,463,2026-08-15T17:46:43
1563,500,500_1,d9b174c2,4,20001,contiguous,0.5,0.49899396378269617,0.5570776255707762,0.5393333333333333,True,497,438,2026-08-15T17:46:43
1564,500,500_1,d9b174c2,4,20001,scattered,0.05,0.05030181086519115,0.49979633401221996,0.5393333333333333,False,497,491,2026-08-15T17:46:43
1565,500,500_1,d9b174c2,4,20001,scattered,0.1,0.1006036217303823,0.503265306122449,0.5393333333333333,False,497,490,2026-08-15T17:46:43
1566,500,500_1,d9b174c2,4,20001,scattered,0.15,0.15090543259557343,0.5145790554414784,0.5393333333333333,False,497,487,2026-08-15T17:46:43
1567,500,500_1,d9b174c2,4,20001,scattered,0.2,0.19919517102615694,0.5201232032854209,0.5393333333333333,False,497,487,2026-08-15T17:46:43
1568,500,500_1,d9b174c2,4,20001,scattered,0.25,0.24949698189134809,0.5266528925619834,0.5393333333333333,False,497,484,2026-08-15T17:46:43
1569,500,500_1,d9b174c2,4,20001,scattered,0.3,0.29979879275653926,0.5288702928870292,0.5393333333333333,False,497,478,2026-08-15T17:46:43
1570,500,500_1,d9b174c2,4,20001,scattered,0.4,0.40040241448692154,0.5475583864118896,0.5393333333333333,True,497,471,2026-08-15T17:46:43
1571,500,500_1,d9b174c2,4,20001,scattered,0.5,0.49899396378269617,0.5602150537634408,0.5393333333333333,True,497,465,2026-08-15T17:46:43
1572,500,500_1,d9b174c2,4,20002,contiguous,0.05,0.05030181086519115,0.49623430962343096,0.5393333333333333,False,497,478,2026-08-15T17:46:43
1573,500,500_1,d9b174c2,4,20002,contiguous,0.1,0.1006036217303823,0.49624724061810155,0.5393333333333333,False,497,453,2026-08-15T17:46:43
1574,500,500_1,d9b174c2,4,20002,contiguous,0.15,0.15090543259557343,0.49398148148148147,0.5393333333333333,False,497,432,2026-08-15T17:46:43
1575,500,500_1,d9b174c2,4,20002,contiguous,0.2,0.19919517102615694,0.4933823529411765,0.5393333333333333,False,497,408,2026-08-15T17:46:43
1576,500,500_1,d9b174c2,4,20002,contiguous,0.25,0.24949698189134809,0.49216710182767626,0.5393333333333333,False,497,383,2026-08-15T17:46:43
1577,500,500_1,d9b174c2,4,20002,contiguous,0.3,0.29979879275653926,0.4918994413407821,0.5393333333333333,False,497,358,2026-08-15T17:46:43
1578,500,500_1,d9b174c2,4,20002,contiguous,0.4,0.40040241448692154,0.506140350877193,0.5393333333333333,False,497,342,2026-08-15T17:46:43
1579,500,500_1,d9b174c2,4,20002,contiguous,0.5,0.49899396378269617,0.5365497076023392,0.5393333333333333,False,497,342,2026-08-15T17:46:43
1580,500,500_1,d9b174c2,4,20002,scattered,0.05,0.05030181086519115,0.4979633401221996,0.5393333333333333,False,497,491,2026-08-15T17:46:43
1581,500,500_1,d9b174c2,4,20002,scattered,0.1,0.1006036217303823,0.49938524590163935,0.5393333333333333,False,497,488,2026-08-15T17:46:43
1582,500,500_1,d9b174c2,4,20002,scattered,0.15,0.15090543259557343,0.5097107438016529,0.5393333333333333,False,497,484,2026-08-15T17:46:43
1583,500,500_1,d9b174c2,4,20002,scattered,0.2,0.19919517102615694,0.5164583333333334,0.5393333333333333,False,497,480,2026-08-15T17:46:43
1584,500,500_1,d9b174c2,4,20002,scattered,0.25,0.24949698189134809,0.5233684210526316,0.5393333333333333,False,497,475,2026-08-15T17:46:43
1585,500,500_1,d9b174c2,4,20002,scattered,0.3,0.29979879275653926,0.526133909287257,0.5393333333333333,False,497,463,2026-08-15T17:46:43
1586,500,500_1,d9b174c2,4,20002,scattered,0.4,0.40040241448692154,0.5470454545454545,0.5393333333333333,True,497,440,2026-08-15T17:46:43
1587,500,500_1,d9b174c2,4,20002,scattered,0.5,0.49899396378269617,0.5584134615384615,0.5393333333333333,True,497,416,2026-08-15T17:46:43
1588,500,500_1,d9b174c2,4,20003,contiguous,0.05,0.05030181086519115,0.5004065040650406,0.5393333333333333,False,497,492,2026-08-15T17:46:43
1589,500,500_1,d9b174c2,4,20003,contiguous,0.1,0.1006036217303823,0.5091463414634146,0.5393333333333333,False,497,492,2026-08-15T17:46:43
1590,500,500_1,d9b174c2,4,20003,contiguous,0.15,0.15090543259557343,0.5140243902439025,0.5393333333333333,False,497,492,2026-08-15T17:46:43
1591,500,500_1,d9b174c2,4,20003,contiguous,0.2,0.19919517102615694,0.521311475409836,0.5393333333333333,False,497,488,2026-08-15T17:46:43
1592,500,500_1,d9b174c2,4,20003,contiguous,0.25,0.24949698189134809,0.524948024948025,0.5393333333333333,False,497,481,2026-08-15T17:46:43
1593,500,500_1,d9b174c2,4,20003,contiguous,0.3,0.29979879275653926,0.5340292275574112,0.5393333333333333,False,497,479,2026-08-15T17:46:43
1594,500,500_1,d9b174c2,4,20003,contiguous,0.4,0.40040241448692154,0.5465408805031446,0.5393333333333333,True,497,477,2026-08-15T17:46:43
1595,500,500_1,d9b174c2,4,20003,contiguous,0.5,0.49899396378269617,0.5536036036036036,0.5393333333333333,True,497,444,2026-08-15T17:46:43
1596,500,500_1,d9b174c2,4,20003,scattered,0.05,0.05030181086519115,0.4995926680244399,0.5393333333333333,False,497,491,2026-08-15T17:46:43
1597,500,500_1,d9b174c2,4,20003,scattered,0.1,0.1006036217303823,0.5049079754601227,0.5393333333333333,False,497,489,2026-08-15T17:46:43
1598,500,500_1,d9b174c2,4,20003,scattered,0.15,0.15090543259557343,0.5107216494845361,0.5393333333333333,False,497,485,2026-08-15T17:46:43
1599,500,500_1,d9b174c2,4,20003,scattered,0.2,0.19919517102615694,0.514375,0.5393333333333333,False,497,480,2026-08-15T17:46:43
1600,500,500_1,d9b174c2,4,20003,scattered,0.25,0.24949698189134809,0.5153684210526316,0.5393333333333333,False,497,475,2026-08-15T17:46:43
1601,500,500_1,d9b174c2,4,20003,scattered,0.3,0.29979879275653926,0.5251063829787234,0.5393333333333333,False,497,470,2026-08-15T17:46:43
1602,500,500_1,d9b174c2,4,20003,scattered,0.4,0.40040241448692154,0.5492341356673961,0.5393333333333333,True,497,457,2026-08-15T17:46:43
1603,500,500_1,d9b174c2,4,20003,scattered,0.5,0.49899396378269617,0.5583710407239819,0.5393333333333333,True,497,442,2026-08-15T17:46:43
1604,500,500_1,d9b174c2,4,20004,contiguous,0.05,0.05030181086519115,0.5060975609756098,0.5393333333333333,False,497,492,2026-08-15T17:46:43
1605,500,500_1,d9b174c2,4,20004,contiguous,0.1,0.1006036217303823,0.5123983739837399,0.5393333333333333,False,497,492,2026-08-15T17:46:43
1606,500,500_1,d9b174c2,4,20004,contiguous,0.15,0.15090543259557343,0.515274949083503,0.5393333333333333,False,497,491,2026-08-15T17:46:43
1607,500,500_1,d9b174c2,4,20004,contiguous,0.2,0.19919517102615694,0.520746887966805,0.5393333333333333,False,497,482,2026-08-15T17:46:43
1608,500,500_1,d9b174c2,4,20004,contiguous,0.25,0.24949698189134809,0.5291666666666667,0.5393333333333333,False,497,480,2026-08-15T17:46:43
1609,500,500_1,d9b174c2,4,20004,contiguous,0.3,0.29979879275653926,0.5346723044397463,0.5393333333333333,False,497,473,2026-08-15T17:46:43
1610,500,500_1,d9b174c2,4,20004,contiguous,0.4,0.40040241448692154,0.5405286343612334,0.5393333333333333,True,497,454,2026-08-15T17:46:43
1611,500,500_1,d9b174c2,4,20004,contiguous,0.5,0.49899396378269617,0.5556561085972851,0.5393333333333333,True,497,442,2026-08-15T17:46:43
1612,500,500_1,d9b174c2,4,20004,scattered,0.05,0.05030181086519115,0.4985743380855397,0.5393333333333333,False,497,491,2026-08-15T17:46:43
1613,500,500_1,d9b174c2,4,20004,scattered,0.1,0.1006036217303823,0.5034623217922607,0.5393333333333333,False,497,491,2026-08-15T17:46:43
1614,500,500_1,d9b174c2,4,20004,scattered,0.15,0.15090543259557343,0.509349593495935,0.5393333333333333,False,497,492,2026-08-15T17:46:43
1615,500,500_1,d9b174c2,4,20004,scattered,0.2,0.19919517102615694,0.5171079429735235,0.5393333333333333,False,497,491,2026-08-15T17:46:43
1616,500,500_1,d9b174c2,4,20004,scattered,0.25,0.24949698189134809,0.523061224489796,0.5393333333333333,False,497,490,2026-08-15T17:46:43
1617,500,500_1,d9b174c2,4,20004,scattered,0.3,0.29979879275653926,0.5329918032786886,0.5393333333333333,False,497,488,2026-08-15T17:46:43
1618,500,500_1,d9b174c2,4,20004,scattered,0.4,0.40040241448692154,0.5464285714285714,0.5393333333333333,True,497,476,2026-08-15T17:46:43
1619,500,500_1,d9b174c2,4,20004,scattered,0.5,0.49899396378269617,0.561853448275862,0.5393333333333333,True,497,464,2026-08-15T17:46:43
1620,900,900_0,075c5cf8,0,-1,none,0.0,0.0,0.49669811320754714,0.5271523178807948,False,855,848,2026-08-15T17:46:43
1621,900,900_0,075c5cf8,0,20000,contiguous,0.05,0.050292397660818715,0.5053066037735849,0.5271523178807948,False,855,848,2026-08-15T17:46:43
1622,900,900_0,075c5cf8,0,20000,contiguous,0.1,0.10058479532163743,0.5127810650887574,0.5271523178807948,False,855,845,2026-08-15T17:46:43
1623,900,900_0,075c5cf8,0,20000,contiguous,0.15,0.1497076023391813,0.5186018957345971,0.5271523178807948,False,855,844,2026-08-15T17:46:43
1624,900,900_0,075c5cf8,0,20000,contiguous,0.2,0.2,0.5257142857142857,0.5271523178807948,False,855,840,2026-08-15T17:46:43
1625,900,900_0,075c5cf8,0,20000,contiguous,0.25,0.25029239766081873,0.5335714285714286,0.5271523178807948,True,855,840,2026-08-15T17:46:43
1626,900,900_0,075c5cf8,0,20000,contiguous,0.3,0.2994152046783626,0.54,0.5271523178807948,True,855,840,2026-08-15T17:46:43
1627,900,900_0,075c5cf8,0,20000,contiguous,0.4,0.4,0.5523186682520809,0.5271523178807948,True,855,841,2026-08-15T17:46:43
1628,900,900_0,075c5cf8,0,20000,contiguous,0.5,0.5005847953216375,0.5633413461538461,0.5271523178807948,True,855,832,2026-08-15T17:46:43
1629,900,900_0,075c5cf8,0,20000,scattered,0.05,0.050292397660818715,0.5011806375442739,0.5271523178807948,False,855,847,2026-08-15T17:46:43
1630,900,900_0,075c5cf8,0,20000,scattered,0.1,0.10058479532163743,0.5079009433962264,0.5271523178807948,False,855,848,2026-08-15T17:46:43
1631,900,900_0,075c5cf8,0,20000,scattered,0.15,0.1497076023391813,0.5126179245283019,0.5271523178807948,False,855,848,2026-08-15T17:46:43
1632,900,900_0,075c5cf8,0,20000,scattered,0.2,0.2,0.5179245283018868,0.5271523178807948,False,855,848,2026-08-15T17:46:43
1633,900,900_0,075c5cf8,0,20000,scattered,0.25,0.25029239766081873,0.5246153846153846,0.5271523178807948,False,855,845,2026-08-15T17:46:43
1634,900,900_0,075c5cf8,0,20000,scattered,0.3,0.2994152046783626,0.5297973778307509,0.5271523178807948,True,855,839,2026-08-15T17:46:43
1635,900,900_0,075c5cf8,0,20000,scattered,0.4,0.4,0.545083932853717,0.5271523178807948,True,855,834,2026-08-15T17:46:43
1636,900,900_0,075c5cf8,0,20000,scattered,0.5,0.5005847953216375,0.5598311218335343,0.5271523178807948,True,855,829,2026-08-15T17:46:43
1637,900,900_0,075c5cf8,0,20001,contiguous,0.05,0.050292397660818715,0.5060141509433962,0.5271523178807948,False,855,848,2026-08-15T17:46:43
1638,900,900_0,075c5cf8,0,20001,contiguous,0.1,0.10058479532163743,0.5128537735849057,0.5271523178807948,False,855,848,2026-08-15T17:46:43
1639,900,900_0,075c5cf8,0,20001,contiguous,0.15,0.1497076023391813,0.5161556603773585,0.5271523178807948,False,855,848,2026-08-15T17:46:43
1640,900,900_0,075c5cf8,0,20001,contiguous,0.2,0.2,0.522668240850059,0.5271523178807948,False,855,847,2026-08-15T17:46:43
1641,900,900_0,075c5cf8,0,20001,contiguous,0.25,0.25029239766081873,0.5321133412042502,0.5271523178807948,True,855,847,2026-08-15T17:46:43
1642,900,900_0,075c5cf8,0,20001,contiguous,0.3,0.2994152046783626,0.5374262101534829,0.5271523178807948,True,855,847,2026-08-15T17:46:43
1643,900,900_0,075c5cf8,0,20001,contiguous,0.4,0.4,0.5504705882352942,0.5271523178807948,True,855,850,2026-08-15T17:46:43
1644,900,900_0,075c5cf8,0,20001,contiguous,0.5,0.5005847953216375,0.5657988165680473,0.5271523178807948,True,855,845,2026-08-15T17:46:43
1645,900,900_0,075c5cf8,0,20001,scattered,0.05,0.050292397660818715,0.4995283018867924,0.5271523178807948,False,855,848,2026-08-15T17:46:43
1646,900,900_0,075c5cf8,0,20001,scattered,0.1,0.10058479532163743,0.5060141509433962,0.5271523178807948,False,855,848,2026-08-15T17:46:43
1647,900,900_0,075c5cf8,0,20001,scattered,0.15,0.1497076023391813,0.5131360946745562,0.5271523178807948,False,855,845,2026-08-15T17:46:43
1648,900,900_0,075c5cf8,0,20001,scattered,0.2,0.2,0.518417945690673,0.5271523178807948,False,855,847,2026-08-15T17:46:43
1649,900,900_0,075c5cf8,0,20001,scattered,0.25,0.25029239766081873,0.5296340023612751,0.5271523178807948,True,855,847,2026-08-15T17:46:43
1650,900,900_0,075c5cf8,0,20001,scattered,0.3,0.2994152046783626,0.5332939787485242,0.5271523178807948,True,855,847,2026-08-15T17:46:43
1651,900,900_0,075c5cf8,0,20001,scattered,0.4,0.4,0.5515366430260047,0.5271523178807948,True,855,846,2026-08-15T17:46:43
1652,900,900_0,075c5cf8,0,20001,scattered,0.5,0.5005847953216375,0.5666666666666667,0.5271523178807948,True,855,840,2026-08-15T17:46:43
1653,900,900_0,075c5cf8,0,20002,contiguous,0.05,0.050292397660818715,0.5056603773584906,0.5271523178807948,False,855,848,2026-08-15T17:46:43
1654,900,900_0,075c5cf8,0,20002,contiguous,0.1,0.10058479532163743,0.5155660377358491,0.5271523178807948,False,855,848,2026-08-15T17:46:43
1655,900,900_0,075c5cf8,0,20002,contiguous,0.15,0.1497076023391813,0.5200471698113207,0.5271523178807948,False,855,848,2026-08-15T17:46:43
1656,900,900_0,075c5cf8,0,20002,contiguous,0.2,0.2,0.5293978748524203,0.5271523178807948,True,855,847,2026-08-15T17:46:43
1657,900,900_0,075c5cf8,0,20002,contiguous,0.25,0.25029239766081873,0.539526627218935,0.5271523178807948,True,855,845,2026-08-15T17:46:43
1658,900,900_0,075c5cf8,0,20002,contiguous,0.3,0.2994152046783626,0.5427725118483412,0.5271523178807948,True,855,844,2026-08-15T17:46:43
1659,900,900_0,075c5cf8,0,20002,contiguous,0.4,0.4,0.5520097442143728,0.5271523178807948,True,855,821,2026-08-15T17:46:43
1660,900,900_0,075c5cf8,0,20002,contiguous,0.5,0.5005847953216375,0.5645371577574967,0.5271523178807948,True,855,767,2026-08-15T17:46:43
1661,900,900_0,075c5cf8,0,20002,scattered,0.05,0.050292397660818715,0.4998819362455726,0.5271523178807948,False,855,847,2026-08-15T17:46:43
1662,900,900_0,075c5cf8,0,20002,scattered,0.1,0.10058479532163743,0.5087470449172576,0.5271523178807948,False,855,846,2026-08-15T17:46:43
1663,900,900_0,075c5cf8,0,20002,scattered,0.15,0.1497076023391813,0.5124113475177305,0.5271523178807948,False,855,846,2026-08-15T17:46:43
1664,900,900_0,075c5cf8,0,20002,scattered,0.2,0.2,0.5155029585798817,0.5271523178807948,False,855,845,2026-08-15T17:46:43
1665,900,900_0,075c5cf8,0,20002,scattered,0.25,0.25029239766081873,0.5227758007117438,0.5271523178807948,False,855,843,2026-08-15T17:46:43
1666,900,900_0,075c5cf8,0,20002,scattered,0.3,0.2994152046783626,0.5258064516129032,0.5271523178807948,False,855,837,2026-08-15T17:46:43
1667,900,900_0,075c5cf8,0,20002,scattered,0.4,0.4,0.5364190012180268,0.5271523178807948,True,855,821,2026-08-15T17:46:43
1668,900,900_0,075c5cf8,0,20002,scattered,0.5,0.5005847953216375,0.5548507462686567,0.5271523178807948,True,855,804,2026-08-15T17:46:43
1669,900,900_0,075c5cf8,0,20003,contiguous,0.05,0.050292397660818715,0.5047169811320755,0.5271523178807948,False,855,848,2026-08-15T17:46:43
1670,900,900_0,075c5cf8,0,20003,contiguous,0.1,0.10058479532163743,0.5127810650887574,0.5271523178807948,False,855,845,2026-08-15T17:46:43
1671,900,900_0,075c5cf8,0,20003,contiguous,0.15,0.1497076023391813,0.5191715976331361,0.5271523178807948,False,855,845,2026-08-15T17:46:43
1672,900,900_0,075c5cf8,0,20003,contiguous,0.2,0.2,0.5270783847980998,0.5271523178807948,False,855,842,2026-08-15T17:46:43
1673,900,900_0,075c5cf8,0,20003,contiguous,0.25,0.25029239766081873,0.5346987951807229,0.5271523178807948,True,855,830,2026-08-15T17:46:43
1674,900,900_0,075c5cf8,0,20003,contiguous,0.3,0.2994152046783626,0.5363970588235294,0.5271523178807948,True,855,816,2026-08-15T17:46:43
1675,900,900_0,075c5cf8,0,20003,contiguous,0.4,0.4,0.545625,0.5271523178807948,True,855,800,2026-08-15T17:46:43
1676,900,900_0,075c5cf8,0,20003,contiguous,0.5,0.5005847953216375,0.5532710280373832,0.5271523178807948,True,855,749,2026-08-15T17:46:43
1677,900,900_0,075c5cf8,0,20003,scattered,0.05,0.050292397660818715,0.4975235849056604,0.5271523178807948,False,855,848,2026-08-15T17:46:43
1678,900,900_0,075c5cf8,0,20003,scattered,0.1,0.10058479532163743,0.5044811320754717,0.5271523178807948,False,855,848,2026-08-15T17:46:43
1679,900,900_0,075c5cf8,0,20003,scattered,0.15,0.1497076023391813,0.5118906064209274,0.5271523178807948,False,855,841,2026-08-15T17:46:43
1680,900,900_0,075c5cf8,0,20003,scattered,0.2,0.2,0.5121980676328503,0.5271523178807948,False,855,828,2026-08-15T17:46:43
1681,900,900_0,075c5cf8,0,20003,scattered,0.25,0.25029239766081873,0.516421568627451,0.5271523178807948,False,855,816,2026-08-15T17:46:43
1682,900,900_0,075c5cf8,0,20003,scattered,0.3,0.2994152046783626,0.5264851485148515,0.5271523178807948,False,855,808,2026-08-15T17:46:43
1683,900,900_0,075c5cf8,0,20003,scattered,0.4,0.4,0.53727959697733,0.5271523178807948,True,855,794,2026-08-15T17:46:43
1684,900,900_0,075c5cf8,0,20003,scattered,0.5,0.5005847953216375,0.551483870967742,0.5271523178807948,True,855,775,2026-08-15T17:46:43
1685,900,900_0,075c5cf8,0,20004,contiguous,0.05,0.050292397660818715,0.5034198113207548,0.5271523178807948,False,855,848,2026-08-15T17:46:43
1686,900,900_0,075c5cf8,0,20004,contiguous,0.1,0.10058479532163743,0.5114928909952606,0.5271523178807948,False,855,844,2026-08-15T17:46:43
1687,900,900_0,075c5cf8,0,20004,contiguous,0.15,0.1497076023391813,0.5163701067615658,0.5271523178807948,False,855,843,2026-08-15T17:46:43
1688,900,900_0,075c5cf8,0,20004,contiguous,0.2,0.2,0.5265717674970344,0.5271523178807948,False,855,843,2026-08-15T17:46:43
1689,900,900_0,075c5cf8,0,20004,contiguous,0.25,0.25029239766081873,0.5360616844602609,0.5271523178807948,True,855,843,2026-08-15T17:46:43
1690,900,900_0,075c5cf8,0,20004,contiguous,0.3,0.2994152046783626,0.5424673784104389,0.5271523178807948,True,855,843,2026-08-15T17:46:43
1691,900,900_0,075c5cf8,0,20004,contiguous,0.4,0.4,0.5539833531510107,0.5271523178807948,True,855,841,2026-08-15T17:46:43
1692,900,900_0,075c5cf8,0,20004,contiguous,0.5,0.5005847953216375,0.5707142857142857,0.5271523178807948,True,855,840,2026-08-15T17:46:43
1693,900,900_0,075c5cf8,0,20004,scattered,0.05,0.050292397660818715,0.5007075471698114,0.5271523178807948,False,855,848,2026-08-15T17:46:43
1694,900,900_0,075c5cf8,0,20004,scattered,0.1,0.10058479532163743,0.5070754716981132,0.5271523178807948,False,855,848,2026-08-15T17:46:43
1695,900,900_0,075c5cf8,0,20004,scattered,0.15,0.1497076023391813,0.5130896226415095,0.5271523178807948,False,855,848,2026-08-15T17:46:43
1696,900,900_0,075c5cf8,0,20004,scattered,0.2,0.2,0.5187058823529411,0.5271523178807948,False,855,850,2026-08-15T17:46:43
1697,900,900_0,075c5cf8,0,20004,scattered,0.25,0.25029239766081873,0.5260306242638398,0.5271523178807948,False,855,849,2026-08-15T17:46:43
1698,900,900_0,075c5cf8,0,20004,scattered,0.3,0.2994152046783626,0.5315976331360946,0.5271523178807948,True,855,845,2026-08-15T17:46:43
1699,900,900_0,075c5cf8,0,20004,scattered,0.4,0.4,0.5446578631452581,0.5271523178807948,True,855,833,2026-08-15T17:46:43
1700,900,900_0,075c5cf8,0,20004,scattered,0.5,0.5005847953216375,0.5622436670687575,0.5271523178807948,True,855,829,2026-08-15T17:46:43
1701,900,900_0,ba89af07,1,-1,none,0.0,0.0,0.5004716981132076,0.5290322580645161,False,855,848,2026-08-15T17:46:43
1702,900,900_0,ba89af07,1,20000,contiguous,0.05,0.050292397660818715,0.5104952830188679,0.5290322580645161,False,855,848,2026-08-15T17:46:43
1703,900,900_0,ba89af07,1,20000,contiguous,0.1,0.10058479532163743,0.5178066037735849,0.5290322580645161,False,855,848,2026-08-15T17:46:43
1704,900,900_0,ba89af07,1,20000,contiguous,0.15,0.1497076023391813,0.5267688679245283,0.5290322580645161,False,855,848,2026-08-15T17:46:43
1705,900,900_0,ba89af07,1,20000,contiguous,0.2,0.2,0.5352594339622642,0.5290322580645161,True,855,848,2026-08-15T17:46:43
1706,900,900_0,ba89af07,1,20000,contiguous,0.25,0.25029239766081873,0.5447990543735225,0.5290322580645161,True,855,846,2026-08-15T17:46:43
1707,900,900_0,ba89af07,1,20000,contiguous,0.3,0.2994152046783626,0.5503554502369669,0.5290322580645161,True,855,844,2026-08-15T17:46:43
1708,900,900_0,ba89af07,1,20000,contiguous,0.4,0.4,0.5645808736717828,0.5290322580645161,True,855,847,2026-08-15T17:46:43
1709,900,900_0,ba89af07,1,20000,contiguous,0.5,0.5005847953216375,0.57705112960761,0.5290322580645161,True,855,841,2026-08-15T17:46:43
1710,900,900_0,ba89af07,1,20000,scattered,0.05,0.050292397660818715,0.5048349056603774,0.5290322580645161,False,855,848,2026-08-15T17:46:43
1711,900,900_0,ba89af07,1,20000,scattered,0.1,0.10058479532163743,0.5066037735849057,0.5290322580645161,False,855,848,2026-08-15T17:46:43
1712,900,900_0,ba89af07,1,20000,scattered,0.15,0.1497076023391813,0.5163915094339623,0.5290322580645161,False,855,848,2026-08-15T17:46:43
1713,900,900_0,ba89af07,1,20000,scattered,0.2,0.2,0.526235294117647,0.5290322580645161,False,855,850,2026-08-15T17:46:43
1714,900,900_0,ba89af07,1,20000,scattered,0.25,0.25029239766081873,0.5325499412455934,0.5290322580645161,True,855,851,2026-08-15T17:46:43
1715,900,900_0,ba89af07,1,20000,scattered,0.3,0.2994152046783626,0.5385428907168037,0.5290322580645161,True,855,851,2026-08-15T17:46:43
1716,900,900_0,ba89af07,1,20000,scattered,0.4,0.4,0.5501770956316411,0.5290322580645161,True,855,847,2026-08-15T17:46:43
1717,900,900_0,ba89af07,1,20000,scattered,0.5,0.5005847953216375,0.5643281807372176,0.5290322580645161,True,855,841,2026-08-15T17:46:43
1718,900,900_0,ba89af07,1,20001,contiguous,0.05,0.050292397660818715,0.5051620648259304,0.5290322580645161,False,855,833,2026-08-15T17:46:43
1719,900,900_0,ba89af07,1,20001,contiguous,0.1,0.10058479532163743,0.5045112781954887,0.5290322580645161,False,855,798,2026-08-15T17:46:43
1720,900,900_0,ba89af07,1,20001,contiguous,0.15,0.1497076023391813,0.5089171974522293,0.5290322580645161,False,855,785,2026-08-15T17:46:43
1721,900,900_0,ba89af07,1,20001,contiguous,0.2,0.2,0.5145994832041344,0.5290322580645161,False,855,774,2026-08-15T17:46:43
1722,900,900_0,ba89af07,1,20001,contiguous,0.25,0.25029239766081873,0.5200527704485488,0.5290322580645161,False,855,758,2026-08-15T17:46:43
1723,900,900_0,ba89af07,1,20001,contiguous,0.3,0.2994152046783626,0.5209302325581395,0.5290322580645161,False,855,731,2026-08-15T17:46:43
1724,900,900_0,ba89af07,1,20001,contiguous,0.4,0.4,0.5208523592085236,0.5290322580645161,False,855,657,2026-08-15T17:46:43
1725,900,900_0,ba89af07,1,20001,contiguous,0.5,0.5005847953216375,0.5232993197278911,0.5290322580645161,False,855,588,2026-08-15T17:46:43
1726,900,900_0,ba89af07,1,20001,scattered,0.05,0.050292397660818715,0.5002369668246446,0.5290322580645161,False,855,844,2026-08-15T17:46:43
1727,900,900_0,ba89af07,1,20001,scattered,0.1,0.10058479532163743,0.5084624553039333,0.5290322580645161,False,855,839,2026-08-15T17:46:43
1728,900,900_0,ba89af07,1,20001,scattered,0.15,0.1497076023391813,0.5092121212121212,0.5290322580645161,False,855,825,2026-08-15T17:46:43
1729,900,900_0,ba89af07,1,20001,scattered,0.2,0.2,0.5132589838909541,0.5290322580645161,False,855,807,2026-08-15T17:46:43
1730,900,900_0,ba89af07,1,20001,scattered,0.25,0.25029239766081873,0.5171717171717172,0.5290322580645161,False,855,792,2026-08-15T17:46:43
1731,900,900_0,ba89af07,1,20001,scattered,0.3,0.2994152046783626,0.521181001283697,0.5290322580645161,False,855,779,2026-08-15T17:46:43
1732,900,900_0,ba89af07,1,20001,scattered,0.4,0.4,0.5339118825100133,0.5290322580645161,True,855,749,2026-08-15T17:46:43
1733,900,900_0,ba89af07,1,20001,scattered,0.5,0.5005847953216375,0.5396825396825397,0.5290322580645161,True,855,693,2026-08-15T17:46:43
1734,900,900_0,ba89af07,1,20002,contiguous,0.05,0.050292397660818715,0.5091981132075472,0.5290322580645161,False,855,848,2026-08-15T17:46:43
1735,900,900_0,ba89af07,1,20002,contiguous,0.1,0.10058479532163743,0.5166273584905661,0.5290322580645161,False,855,848,2026-08-15T17:46:43
1736,900,900_0,ba89af07,1,20002,contiguous,0.15,0.1497076023391813,0.525383707201889,0.5290322580645161,False,855,847,2026-08-15T17:46:43
1737,900,900_0,ba89af07,1,20002,contiguous,0.2,0.2,0.5346335697399527,0.5290322580645161,True,855,846,2026-08-15T17:46:43
1738,900,900_0,ba89af07,1,20002,contiguous,0.25,0.25029239766081873,0.5447337278106509,0.5290322580645161,True,855,845,2026-08-15T17:46:43
1739,900,900_0,ba89af07,1,20002,contiguous,0.3,0.2994152046783626,0.5510688836104513,0.5290322580645161,True,855,842,2026-08-15T17:46:43
1740,900,900_0,ba89af07,1,20002,contiguous,0.4,0.4,0.5645161290322581,0.5290322580645161,True,855,837,2026-08-15T17:46:43
1741,900,900_0,ba89af07,1,20002,contiguous,0.5,0.5005847953216375,0.5762936221419976,0.5290322580645161,True,855,831,2026-08-15T17:46:43
1742,900,900_0,ba89af07,1,20002,scattered,0.05,0.050292397660818715,0.5027122641509434,0.5290322580645161,False,855,848,2026-08-15T17:46:43
1743,900,900_0,ba89af07,1,20002,scattered,0.1,0.10058479532163743,0.508983451536643,0.5290322580645161,False,855,846,2026-08-15T17:46:43
1744,900,900_0,ba89af07,1,20002,scattered,0.15,0.1497076023391813,0.5143026004728133,0.5290322580645161,False,855,846,2026-08-15T17:46:43
1745,900,900_0,ba89af07,1,20002,scattered,0.2,0.2,0.5238207547169811,0.5290322580645161,False,855,848,2026-08-15T17:46:43
1746,900,900_0,ba89af07,1,20002,scattered,0.25,0.25029239766081873,0.5295508274231678,0.5290322580645161,True,855,846,2026-08-15T17:46:43
1747,900,900_0,ba89af07,1,20002,scattered,0.3,0.2994152046783626,0.5397633136094675,0.5290322580645161,True,855,845,2026-08-15T17:46:43
1748,900,900_0,ba89af07,1,20002,scattered,0.4,0.4,0.5503554502369669,0.5290322580645161,True,855,844,2026-08-15T17:46:43
1749,900,900_0,ba89af07,1,20002,scattered,0.5,0.5005847953216375,0.5651658767772512,0.5290322580645161,True,855,844,2026-08-15T17:46:43
1750,900,900_0,ba89af07,1,20003,contiguous,0.05,0.050292397660818715,0.5093160377358491,0.5290322580645161,False,855,848,2026-08-15T17:46:43
1751,900,900_0,ba89af07,1,20003,contiguous,0.1,0.10058479532163743,0.5167848699763593,0.5290322580645161,False,855,846,2026-08-15T17:46:43
1752,900,900_0,ba89af07,1,20003,contiguous,0.15,0.1497076023391813,0.524822695035461,0.5290322580645161,False,855,846,2026-08-15T17:46:43
1753,900,900_0,ba89af07,1,20003,contiguous,0.2,0.2,0.5321090047393365,0.5290322580645161,True,855,844,2026-08-15T17:46:43
1754,900,900_0,ba89af07,1,20003,contiguous,0.25,0.25029239766081873,0.5373063170441001,0.5290322580645161,True,855,839,2026-08-15T17:46:43
1755,900,900_0,ba89af07,1,20003,contiguous,0.3,0.2994152046783626,0.5438323353293413,0.5290322580645161,True,855,835,2026-08-15T17:46:43
1756,900,900_0,ba89af07,1,20003,contiguous,0.4,0.4,0.555808383233533,0.5290322580645161,True,855,835,2026-08-15T17:46:43
1757,900,900_0,ba89af07,1,20003,contiguous,0.5,0.5005847953216375,0.570517448856799,0.5290322580645161,True,855,831,2026-08-15T17:46:43
1758,900,900_0,ba89af07,1,20003,scattered,0.05,0.050292397660818715,0.504245283018868,0.5290322580645161,False,855,848,2026-08-15T17:46:43
1759,900,900_0,ba89af07,1,20003,scattered,0.1,0.10058479532163743,0.5093160377358491,0.5290322580645161,False,855,848,2026-08-15T17:46:43
1760,900,900_0,ba89af07,1,20003,scattered,0.15,0.1497076023391813,0.5159386068476978,0.5290322580645161,False,855,847,2026-08-15T17:46:43
1761,900,900_0,ba89af07,1,20003,scattered,0.2,0.2,0.5231404958677686,0.5290322580645161,False,855,847,2026-08-15T17:46:43
1762,900,900_0,ba89af07,1,20003,scattered,0.25,0.25029239766081873,0.5304863582443654,0.5290322580645161,True,855,843,2026-08-15T17:46:43
1763,900,900_0,ba89af07,1,20003,scattered,0.3,0.2994152046783626,0.5351383874849579,0.5290322580645161,True,855,831,2026-08-15T17:46:43
1764,900,900_0,ba89af07,1,20003,scattered,0.4,0.4,0.5466019417475728,0.5290322580645161,True,855,824,2026-08-15T17:46:43
1765,900,900_0,ba89af07,1,20003,scattered,0.5,0.5005847953216375,0.5598039215686275,0.5290322580645161,True,855,816,2026-08-15T17:46:43
1766,900,900_0,ba89af07,1,20004,contiguous,0.05,0.050292397660818715,0.5107565011820331,0.5290322580645161,False,855,846,2026-08-15T17:46:43
1767,900,900_0,ba89af07,1,20004,contiguous,0.1,0.10058479532163743,0.5196217494089834,0.5290322580645161,False,855,846,2026-08-15T17:46:43
1768,900,900_0,ba89af07,1,20004,contiguous,0.15,0.1497076023391813,0.5255041518386714,0.5290322580645161,False,855,843,2026-08-15T17:46:43
1769,900,900_0,ba89af07,1,20004,contiguous,0.2,0.2,0.533611442193087,0.5290322580645161,True,855,839,2026-08-15T17:46:43
1770,900,900_0,ba89af07,1,20004,contiguous,0.25,0.25029239766081873,0.5441001191895113,0.5290322580645161,True,855,839,2026-08-15T17:46:43
1771,900,900_0,ba89af07,1,20004,contiguous,0.3,0.2994152046783626,0.5511933174224344,0.5290322580645161,True,855,838,2026-08-15T17:46:43
1772,900,900_0,ba89af07,1,20004,contiguous,0.4,0.4,0.563898916967509,0.5290322580645161,True,855,831,2026-08-15T17:46:43
1773,900,900_0,ba89af07,1,20004,contiguous,0.5,0.5005847953216375,0.5760817307692307,0.5290322580645161,True,855,832,2026-08-15T17:46:43
1774,900,900_0,ba89af07,1,20004,scattered,0.05,0.050292397660818715,0.5048349056603774,0.5290322580645161,False,855,848,2026-08-15T17:46:43
1775,900,900_0,ba89af07,1,20004,scattered,0.1,0.10058479532163743,0.5079009433962264,0.5290322580645161,False,855,848,2026-08-15T17:46:43
1776,900,900_0,ba89af07,1,20004,scattered,0.15,0.1497076023391813,0.5149764150943397,0.5290322580645161,False,855,848,2026-08-15T17:46:43
1777,900,900_0,ba89af07,1,20004,scattered,0.2,0.2,0.5244994110718493,0.5290322580645161,False,855,849,2026-08-15T17:46:43
1778,900,900_0,ba89af07,1,20004,scattered,0.25,0.25029239766081873,0.5296470588235294,0.5290322580645161,True,855,850,2026-08-15T17:46:43
1779,900,900_0,ba89af07,1,20004,scattered,0.3,0.2994152046783626,0.5390532544378698,0.5290322580645161,True,855,845,2026-08-15T17:46:43
1780,900,900_0,ba89af07,1,20004,scattered,0.4,0.4,0.5525686977299881,0.5290322580645161,True,855,837,2026-08-15T17:46:43
1781,900,900_0,ba89af07,1,20004,scattered,0.5,0.5005847953216375,0.5666263603385732,0.5290322580645161,True,855,827,2026-08-15T17:46:43
1782,900,900_0,21f80958,2,-1,none,0.0,0.0,0.4910377358490566,0.5230769230769231,False,855,848,2026-08-15T17:46:43
1783,900,900_0,21f80958,2,20000,contiguous,0.05,0.050292397660818715,0.4987028301886792,0.5230769230769231,False,855,848,2026-08-15T17:46:43
1784,900,900_0,21f80958,2,20000,contiguous,0.1,0.10058479532163743,0.5057783018867924,0.5230769230769231,False,855,848,2026-08-15T17:46:43
1785,900,900_0,21f80958,2,20000,contiguous,0.15,0.1497076023391813,0.5129716981132075,0.5230769230769231,False,855,848,2026-08-15T17:46:43
1786,900,900_0,21f80958,2,20000,contiguous,0.2,0.2,0.5204761904761904,0.5230769230769231,False,855,840,2026-08-15T17:46:43
1787,900,900_0,21f80958,2,20000,contiguous,0.25,0.25029239766081873,0.5295238095238095,0.5230769230769231,True,855,840,2026-08-15T17:46:43
1788,900,900_0,21f80958,2,20000,contiguous,0.3,0.2994152046783626,0.5367857142857143,0.5230769230769231,True,855,840,2026-08-15T17:46:43
1789,900,900_0,21f80958,2,20000,contiguous,0.4,0.4,0.5545346062052506,0.5230769230769231,True,855,838,2026-08-15T17:46:43
1790,900,900_0,21f80958,2,20000,contiguous,0.5,0.5005847953216375,0.5673886883273165,0.5230769230769231,True,855,831,2026-08-15T17:46:43
1791,900,900_0,21f80958,2,20000,scattered,0.05,0.050292397660818715,0.49386792452830186,0.5230769230769231,False,855,848,2026-08-15T17:46:43
1792,900,900_0,21f80958,2,20000,scattered,0.1,0.10058479532163743,0.50625,0.5230769230769231,False,855,848,2026-08-15T17:46:43
1793,900,900_0,21f80958,2,20000,scattered,0.15,0.1497076023391813,0.51725768321513,0.5230769230769231,False,855,846,2026-08-15T17:46:43
1794,900,900_0,21f80958,2,20000,scattered,0.2,0.2,0.524113475177305,0.5230769230769231,True,855,846,2026-08-15T17:46:43
1795,900,900_0,21f80958,2,20000,scattered,0.25,0.25029239766081873,0.5307692307692308,0.5230769230769231,True,855,845,2026-08-15T17:46:43
1796,900,900_0,21f80958,2,20000,scattered,0.3,0.2994152046783626,0.5401425178147269,0.5230769230769231,True,855,842,2026-08-15T17:46:43
1797,900,900_0,21f80958,2,20000,scattered,0.4,0.4,0.5562724014336917,0.5230769230769231,True,855,837,2026-08-15T17:46:43
1798,900,900_0,21f80958,2,20000,scattered,0.5,0.5005847953216375,0.571376811594203,0.5230769230769231,True,855,828,2026-08-15T17:46:43
1799,900,900_0,21f80958,2,20001,contiguous,0.05,0.050292397660818715,0.4979952830188679,0.5230769230769231,False,855,848,2026-08-15T17:46:43
1800,900,900_0,21f80958,2,20001,contiguous,0.1,0.10058479532163743,0.5081367924528302,0.5230769230769231,False,855,848,2026-08-15T17:46:43
1801,900,900_0,21f80958,2,20001,contiguous,0.15,0.1497076023391813,0.51357733175915,0.5230769230769231,False,855,847,2026-08-15T17:46:43
1802,900,900_0,21f80958,2,20001,contiguous,0.2,0.2,0.5217237308146399,0.5230769230769231,False,855,847,2026-08-15T17:46:43
1803,900,900_0,21f80958,2,20001,contiguous,0.25,0.25029239766081873,0.5298578199052133,0.5230769230769231,True,855,844,2026-08-15T17:46:43
1804,900,900_0,21f80958,2,20001,contiguous,0.3,0.2994152046783626,0.5402860548271752,0.5230769230769231,True,855,839,2026-08-15T17:46:43
1805,900,900_0,21f80958,2,20001,contiguous,0.4,0.4,0.5546539379474941,0.5230769230769231,True,855,838,2026-08-15T17:46:43
1806,900,900_0,21f80958,2,20001,contiguous,0.5,0.5005847953216375,0.5674251497005988,0.5230769230769231,True,855,835,2026-08-15T17:46:43
1807,900,900_0,21f80958,2,20001,scattered,0.05,0.050292397660818715,0.49304245283018866,0.5230769230769231,False,855,848,2026-08-15T17:46:43
1808,900,900_0,21f80958,2,20001,scattered,0.1,0.10058479532163743,0.5044811320754717,0.5230769230769231,False,855,848,2026-08-15T17:46:43
1809,900,900_0,21f80958,2,20001,scattered,0.15,0.1497076023391813,0.5089622641509434,0.5230769230769231,False,855,848,2026-08-15T17:46:43
1810,900,900_0,21f80958,2,20001,scattered,0.2,0.2,0.5184923439340401,0.5230769230769231,False,855,849,2026-08-15T17:46:43
1811,900,900_0,21f80958,2,20001,scattered,0.25,0.25029239766081873,0.5243529411764706,0.5230769230769231,True,855,850,2026-08-15T17:46:43
1812,900,900_0,21f80958,2,20001,scattered,0.3,0.2994152046783626,0.5349411764705883,0.5230769230769231,True,855,850,2026-08-15T17:46:43
1813,900,900_0,21f80958,2,20001,scattered,0.4,0.4,0.5522405660377359,0.5230769230769231,True,855,848,2026-08-15T17:46:43
1814,900,900_0,21f80958,2,20001,scattered,0.5,0.5005847953216375,0.566824644549763,0.5230769230769231,True,855,844,2026-08-15T17:46:43
1815,900,900_0,21f80958,2,20002,contiguous,0.05,0.050292397660818715,0.49599056603773584,0.5230769230769231,False,855,848,2026-08-15T17:46:43
1816,900,900_0,21f80958,2,20002,contiguous,0.1,0.10058479532163743,0.5020094562647754,0.5230769230769231,False,855,846,2026-08-15T17:46:43
1817,900,900_0,21f80958,2,20002,contiguous,0.15,0.1497076023391813,0.5046428571428572,0.5230769230769231,False,855,840,2026-08-15T17:46:43
1818,900,900_0,21f80958,2,20002,contiguous,0.2,0.2,0.5091456077015644,0.5230769230769231,False,855,831,2026-08-15T17:46:43
1819,900,900_0,21f80958,2,20002,contiguous,0.25,0.25029239766081873,0.5143206854345165,0.5230769230769231,False,855,817,2026-08-15T17:46:43
1820,900,900_0,21f80958,2,20002,contiguous,0.3,0.2994152046783626,0.5201005025125628,0.5230769230769231,False,855,796,2026-08-15T17:46:43
1821,900,900_0,21f80958,2,20002,contiguous,0.4,0.4,0.5278350515463918,0.5230769230769231,True,855,776,2026-08-15T17:46:43
1822,900,900_0,21f80958,2,20002,contiguous,0.5,0.5005847953216375,0.5392572944297083,0.5230769230769231,True,855,754,2026-08-15T17:46:43
1823,900,900_0,21f80958,2,20002,scattered,0.05,0.050292397660818715,0.49161747343565526,0.5230769230769231,False,855,847,2026-08-15T17:46:43
1824,900,900_0,21f80958,2,20002,scattered,0.1,0.10058479532163743,0.4975,0.5230769230769231,False,855,840,2026-08-15T17:46:43
1825,900,900_0,21f80958,2,20002,scattered,0.15,0.1497076023391813,0.5055089820359281,0.5230769230769231,False,855,835,2026-08-15T17:46:43
1826,900,900_0,21f80958,2,20002,scattered,0.2,0.2,0.5107617896009673,0.5230769230769231,False,855,827,2026-08-15T17:46:43
1827,900,900_0,21f80958,2,20002,scattered,0.25,0.25029239766081873,0.5125153374233129,0.5230769230769231,False,855,815,2026-08-15T17:46:43
1828,900,900_0,21f80958,2,20002,scattered,0.3,0.2994152046783626,0.5226485148514851,0.5230769230769231,False,855,808,2026-08-15T17:46:43
1829,900,900_0,21f80958,2,20002,scattered,0.4,0.4,0.5326633165829145,0.5230769230769231,True,855,796,2026-08-15T17:46:43
1830,900,900_0,21f80958,2,20002,scattered,0.5,0.5005847953216375,0.5430989583333333,0.5230769230769231,True,855,768,2026-08-15T17:46:43
1831,900,900_0,21f80958,2,20003,contiguous,0.05,0.050292397660818715,0.4963443396226415,0.5230769230769231,False,855,848,2026-08-15T17:46:43
1832,900,900_0,21f80958,2,20003,contiguous,0.1,0.10058479532163743,0.502491103202847,0.5230769230769231,False,855,843,2026-08-15T17:46:43
1833,900,900_0,21f80958,2,20003,contiguous,0.15,0.1497076023391813,0.5104637336504162,0.5230769230769231,False,855,841,2026-08-15T17:46:43
1834,900,900_0,21f80958,2,20003,contiguous,0.2,0.2,0.5179548156956004,0.5230769230769231,False,855,841,2026-08-15T17:46:43
1835,900,900_0,21f80958,2,20003,contiguous,0.25,0.25029239766081873,0.5234657039711191,0.5230769230769231,True,855,831,2026-08-15T17:46:43
1836,900,900_0,21f80958,2,20003,contiguous,0.3,0.2994152046783626,0.5330917874396135,0.5230769230769231,True,855,828,2026-08-15T17:46:43
1837,900,900_0,21f80958,2,20003,contiguous,0.4,0.4,0.5436893203883495,0.5230769230769231,True,855,824,2026-08-15T17:46:43
1838,900,900_0,21f80958,2,20003,contiguous,0.5,0.5005847953216375,0.5603448275862069,0.5230769230769231,True,855,812,2026-08-15T17:46:43
1839,900,900_0,21f80958,2,20003,scattered,0.05,0.050292397660818715,0.49280660377358493,0.5230769230769231,False,855,848,2026-08-15T17:46:43
1840,900,900_0,21f80958,2,20003,scattered,0.1,0.10058479532163743,0.5015330188679246,0.5230769230769231,False,855,848,2026-08-15T17:46:43
1841,900,900_0,21f80958,2,20003,scattered,0.15,0.1497076023391813,0.5068557919621749,0.5230769230769231,False,855,846,2026-08-15T17:46:43
1842,900,900_0,21f80958,2,20003,scattered,0.2,0.2,0.5191263282172373,0.5230769230769231,False,855,847,2026-08-15T17:46:43
1843,900,900_0,21f80958,2,20003,scattered,0.25,0.25029239766081873,0.5264218009478673,0.5230769230769231,True,855,844,2026-08-15T17:46:43
1844,900,900_0,21f80958,2,20003,scattered,0.3,0.2994152046783626,0.5350898203592814,0.5230769230769231,True,855,835,2026-08-15T17:46:43
1845,900,900_0,21f80958,2,20003,scattered,0.4,0.4,0.5488997555012225,0.5230769230769231,True,855,818,2026-08-15T17:46:43
1846,900,900_0,21f80958,2,20003,scattered,0.5,0.5005847953216375,0.5643734643734644,0.5230769230769231,True,855,814,2026-08-15T17:46:43
1847,900,900_0,21f80958,2,20004,contiguous,0.05,0.050292397660818715,0.49693396226415093,0.5230769230769231,False,855,848,2026-08-15T17:46:43
1848,900,900_0,21f80958,2,20004,contiguous,0.1,0.10058479532163743,0.5068396226415094,0.5230769230769231,False,855,848,2026-08-15T17:46:43
1849,900,900_0,21f80958,2,20004,contiguous,0.15,0.1497076023391813,0.5138625592417062,0.5230769230769231,False,855,844,2026-08-15T17:46:43
1850,900,900_0,21f80958,2,20004,contiguous,0.2,0.2,0.5226303317535546,0.5230769230769231,False,855,844,2026-08-15T17:46:43
1851,900,900_0,21f80958,2,20004,contiguous,0.25,0.25029239766081873,0.526555023923445,0.5230769230769231,True,855,836,2026-08-15T17:46:43
1852,900,900_0,21f80958,2,20004,contiguous,0.3,0.2994152046783626,0.5364294330518697,0.5230769230769231,True,855,829,2026-08-15T17:46:43
1853,900,900_0,21f80958,2,20004,contiguous,0.4,0.4,0.5512665862484921,0.5230769230769231,True,855,829,2026-08-15T17:46:43
1854,900,900_0,21f80958,2,20004,contiguous,0.5,0.5005847953216375,0.5645121951219512,0.5230769230769231,True,855,820,2026-08-15T17:46:43
1855,900,900_0,21f80958,2,20004,scattered,0.05,0.050292397660818715,0.49257075471698114,0.5230769230769231,False,855,848,2026-08-15T17:46:43
1856,900,900_0,21f80958,2,20004,scattered,0.1,0.10058479532163743,0.5066037735849057,0.5230769230769231,False,855,848,2026-08-15T17:46:43
1857,900,900_0,21f80958,2,20004,scattered,0.15,0.1497076023391813,0.5130896226415095,0.5230769230769231,False,855,848,2026-08-15T17:46:43
1858,900,900_0,21f80958,2,20004,scattered,0.2,0.2,0.5243816254416961,0.5230769230769231,True,855,849,2026-08-15T17:46:43
1859,900,900_0,21f80958,2,20004,scattered,0.25,0.25029239766081873,0.5300832342449465,0.5230769230769231,True,855,841,2026-08-15T17:46:43
1860,900,900_0,21f80958,2,20004,scattered,0.3,0.2994152046783626,0.5386634844868735,0.5230769230769231,True,855,838,2026-08-15T17:46:43
1861,900,900_0,21f80958,2,20004,scattered,0.4,0.4,0.5609112709832135,0.5230769230769231,True,855,834,2026-08-15T17:46:43
1862,900,900_0,21f80958,2,20004,scattered,0.5,0.5005847953216375,0.5778177458033573,0.5230769230769231,True,855,834,2026-08-15T17:46:43
1863,900,900_0,7ae45fec,3,-1,none,0.0,0.0,0.488561320754717,0.5251655629139073,False,855,848,2026-08-15T17:46:43
1864,900,900_0,7ae45fec,3,20000,contiguous,0.05,0.050292397660818715,0.4963443396226415,0.5251655629139073,False,855,848,2026-08-15T17:46:43
1865,900,900_0,7ae45fec,3,20000,contiguous,0.1,0.10058479532163743,0.5056670602125147,0.5251655629139073,False,855,847,2026-08-15T17:46:43
1866,900,900_0,7ae45fec,3,20000,contiguous,0.15,0.1497076023391813,0.5132142857142857,0.5251655629139073,False,855,840,2026-08-15T17:46:43
1867,900,900_0,7ae45fec,3,20000,contiguous,0.2,0.2,0.5219047619047619,0.5251655629139073,False,855,840,2026-08-15T17:46:43
1868,900,900_0,7ae45fec,3,20000,contiguous,0.25,0.25029239766081873,0.5288782816229117,0.5251655629139073,True,855,838,2026-08-15T17:46:43
1869,900,900_0,7ae45fec,3,20000,contiguous,0.3,0.2994152046783626,0.5372901678657074,0.5251655629139073,True,855,834,2026-08-15T17:46:43
1870,900,900_0,7ae45fec,3,20000,contiguous,0.4,0.4,0.5489414694894147,0.5251655629139073,True,855,803,2026-08-15T17:46:43
1871,900,900_0,7ae45fec,3,20000,contiguous,0.5,0.5005847953216375,0.5668335419274093,0.5251655629139073,True,855,799,2026-08-15T17:46:43
1872,900,900_0,7ae45fec,3,20000,scattered,0.05,0.050292397660818715,0.48962264150943396,0.5251655629139073,False,855,848,2026-08-15T17:46:43
1873,900,900_0,7ae45fec,3,20000,scattered,0.1,0.10058479532163743,0.49575471698113205,0.5251655629139073,False,855,848,2026-08-15T17:46:43
1874,900,900_0,7ae45fec,3,20000,scattered,0.15,0.1497076023391813,0.503183962264151,0.5251655629139073,False,855,848,2026-08-15T17:46:43
1875,900,900_0,7ae45fec,3,20000,scattered,0.2,0.2,0.5135613207547169,0.5251655629139073,False,855,848,2026-08-15T17:46:43
1876,900,900_0,7ae45fec,3,20000,scattered,0.25,0.25029239766081873,0.5205188679245283,0.5251655629139073,False,855,848,2026-08-15T17:46:43
1877,900,900_0,7ae45fec,3,20000,scattered,0.3,0.2994152046783626,0.5299763033175355,0.5251655629139073,True,855,844,2026-08-15T17:46:43
1878,900,900_0,7ae45fec,3,20000,scattered,0.4,0.4,0.5405832320777643,0.5251655629139073,True,855,823,2026-08-15T17:46:43
1879,900,900_0,7ae45fec,3,20000,scattered,0.5,0.5005847953216375,0.5582200247218788,0.5251655629139073,True,855,809,2026-08-15T17:46:43
1880,900,900_0,7ae45fec,3,20001,contiguous,0.05,0.050292397660818715,0.4975177304964539,0.5251655629139073,False,855,846,2026-08-15T17:46:43
1881,900,900_0,7ae45fec,3,20001,contiguous,0.1,0.10058479532163743,0.5074468085106383,0.5251655629139073,False,855,846,2026-08-15T17:46:43
1882,900,900_0,7ae45fec,3,20001,contiguous,0.15,0.1497076023391813,0.5144208037825059,0.5251655629139073,False,855,846,2026-08-15T17:46:43
1883,900,900_0,7ae45fec,3,20001,contiguous,0.2,0.2,0.5232860520094562,0.5251655629139073,False,855,846,2026-08-15T17:46:43
1884,900,900_0,7ae45fec,3,20001,contiguous,0.25,0.25029239766081873,0.5340425531914894,0.5251655629139073,True,855,846,2026-08-15T17:46:43
1885,900,900_0,7ae45fec,3,20001,contiguous,0.3,0.2994152046783626,0.5446682464454976,0.5251655629139073,True,855,844,2026-08-15T17:46:43
1886,900,900_0,7ae45fec,3,20001,contiguous,0.4,0.4,0.5582338902147972,0.5251655629139073,True,855,838,2026-08-15T17:46:43
1887,900,900_0,7ae45fec,3,20001,contiguous,0.5,0.5005847953216375,0.5699638118214716,0.5251655629139073,True,855,829,2026-08-15T17:46:43
1888,900,900_0,7ae45fec,3,20001,scattered,0.05,0.050292397660818715,0.49233490566037735,0.5251655629139073,False,855,848,2026-08-15T17:46:43
1889,900,900_0,7ae45fec,3,20001,scattered,0.1,0.10058479532163743,0.497877358490566,0.5251655629139073,False,855,848,2026-08-15T17:46:43
1890,900,900_0,7ae45fec,3,20001,scattered,0.15,0.1497076023391813,0.5075471698113208,0.5251655629139073,False,855,848,2026-08-15T17:46:43
1891,900,900_0,7ae45fec,3,20001,scattered,0.2,0.2,0.5180637544273908,0.5251655629139073,False,855,847,2026-08-15T17:46:43
1892,900,900_0,7ae45fec,3,20001,scattered,0.25,0.25029239766081873,0.5262971698113208,0.5251655629139073,True,855,848,2026-08-15T17:46:43
1893,900,900_0,7ae45fec,3,20001,scattered,0.3,0.2994152046783626,0.5306777645659929,0.5251655629139073,True,855,841,2026-08-15T17:46:43
1894,900,900_0,7ae45fec,3,20001,scattered,0.4,0.4,0.5476019184652278,0.5251655629139073,True,855,834,2026-08-15T17:46:43
1895,900,900_0,7ae45fec,3,20001,scattered,0.5,0.5005847953216375,0.5637243047158403,0.5251655629139073,True,855,827,2026-08-15T17:46:43
1896,900,900_0,7ae45fec,3,20002,contiguous,0.05,0.050292397660818715,0.4972877358490566,0.5251655629139073,False,855,848,2026-08-15T17:46:43
1897,900,900_0,7ae45fec,3,20002,contiguous,0.1,0.10058479532163743,0.5076832151300237,0.5251655629139073,False,855,846,2026-08-15T17:46:43
1898,900,900_0,7ae45fec,3,20002,contiguous,0.15,0.1497076023391813,0.514268727705113,0.5251655629139073,False,855,841,2026-08-15T17:46:43
1899,900,900_0,7ae45fec,3,20002,contiguous,0.2,0.2,0.523781212841855,0.5251655629139073,False,855,841,2026-08-15T17:46:43
1900,900,900_0,7ae45fec,3,20002,contiguous,0.25,0.25029239766081873,0.53253873659118,0.5251655629139073,True,855,839,2026-08-15T17:46:43
1901,900,900_0,7ae45fec,3,20002,contiguous,0.3,0.2994152046783626,0.541527446300716,0.5251655629139073,True,855,838,2026-08-15T17:46:43
1902,900,900_0,7ae45fec,3,20002,contiguous,0.4,0.4,0.5576372315035799,0.5251655629139073,True,855,838,2026-08-15T17:46:43
1903,900,900_0,7ae45fec,3,20002,contiguous,0.5,0.5005847953216375,0.5778580024067389,0.5251655629139073,True,855,831,2026-08-15T17:46:43
1904,900,900_0,7ae45fec,3,20002,scattered,0.05,0.050292397660818715,0.48950471698113207,0.5251655629139073,False,855,848,2026-08-15T17:46:43
1905,900,900_0,7ae45fec,3,20002,scattered,0.1,0.10058479532163743,0.4954009433962264,0.5251655629139073,False,855,848,2026-08-15T17:46:43
1906,900,900_0,7ae45fec,3,20002,scattered,0.15,0.1497076023391813,0.5053066037735849,0.5251655629139073,False,855,848,2026-08-15T17:46:43
1907,900,900_0,7ae45fec,3,20002,scattered,0.2,0.2,0.5167058823529411,0.5251655629139073,False,855,850,2026-08-15T17:46:43
1908,900,900_0,7ae45fec,3,20002,scattered,0.25,0.25029239766081873,0.5220259128386336,0.5251655629139073,False,855,849,2026-08-15T17:46:43
1909,900,900_0,7ae45fec,3,20002,scattered,0.3,0.2994152046783626,0.5291962174940898,0.5251655629139073,True,855,846,2026-08-15T17:46:43
1910,900,900_0,7ae45fec,3,20002,scattered,0.4,0.4,0.5446172248803828,0.5251655629139073,True,855,836,2026-08-15T17:46:43
1911,900,900_0,7ae45fec,3,20002,scattered,0.5,0.5005847953216375,0.56,0.5251655629139073,True,855,830,2026-08-15T17:46:43
1912,900,900_0,7ae45fec,3,20003,contiguous,0.05,0.050292397660818715,0.4981132075471698,0.5251655629139073,False,855,848,2026-08-15T17:46:43
1913,900,900_0,7ae45fec,3,20003,contiguous,0.1,0.10058479532163743,0.5079009433962264,0.5251655629139073,False,855,848,2026-08-15T17:46:43
1914,900,900_0,7ae45fec,3,20003,contiguous,0.15,0.1497076023391813,0.5174528301886793,0.5251655629139073,False,855,848,2026-08-15T17:46:43
1915,900,900_0,7ae45fec,3,20003,contiguous,0.2,0.2,0.5268321513002364,0.5251655629139073,True,855,846,2026-08-15T17:46:43
1916,900,900_0,7ae45fec,3,20003,contiguous,0.25,0.25029239766081873,0.5350356294536817,0.5251655629139073,True,855,842,2026-08-15T17:46:43
1917,900,900_0,7ae45fec,3,20003,contiguous,0.3,0.2994152046783626,0.5419239904988123,0.5251655629139073,True,855,842,2026-08-15T17:46:43
1918,900,900_0,7ae45fec,3,20003,contiguous,0.4,0.4,0.5543504171632896,0.5251655629139073,True,855,839,2026-08-15T17:46:43
1919,900,900_0,7ae45fec,3,20003,contiguous,0.5,0.5005847953216375,0.5711722488038278,0.5251655629139073,True,855,836,2026-08-15T17:46:43
1920,900,900_0,7ae45fec,3,20003,scattered,0.05,0.050292397660818715,0.49044811320754716,0.5251655629139073,False,855,848,2026-08-15T17:46:43
1921,900,900_0,7ae45fec,3,20003,scattered,0.1,0.10058479532163743,0.4964622641509434,0.5251655629139073,False,855,848,2026-08-15T17:46:43
1922,900,900_0,7ae45fec,3,20003,scattered,0.15,0.1497076023391813,0.5043735224586289,0.5251655629139073,False,855,846,2026-08-15T17:46:43
1923,900,900_0,7ae45fec,3,20003,scattered,0.2,0.2,0.5154211150652431,0.5251655629139073,False,855,843,2026-08-15T17:46:43
1924,900,900_0,7ae45fec,3,20003,scattered,0.25,0.25029239766081873,0.5229761904761905,0.5251655629139073,False,855,840,2026-08-15T17:46:43
1925,900,900_0,7ae45fec,3,20003,scattered,0.3,0.2994152046783626,0.5288968824940048,0.5251655629139073,True,855,834,2026-08-15T17:46:43
1926,900,900_0,7ae45fec,3,20003,scattered,0.4,0.4,0.5440963855421687,0.5251655629139073,True,855,830,2026-08-15T17:46:43
1927,900,900_0,7ae45fec,3,20003,scattered,0.5,0.5005847953216375,0.5575941676792223,0.5251655629139073,True,855,823,2026-08-15T17:46:43
1928,900,900_0,7ae45fec,3,20004,contiguous,0.05,0.050292397660818715,0.49775943396226413,0.5251655629139073,False,855,848,2026-08-15T17:46:43
1929,900,900_0,7ae45fec,3,20004,contiguous,0.1,0.10058479532163743,0.5072018890200708,0.5251655629139073,False,855,847,2026-08-15T17:46:43
1930,900,900_0,7ae45fec,3,20004,contiguous,0.15,0.1497076023391813,0.5161747343565526,0.5251655629139073,False,855,847,2026-08-15T17:46:43
1931,900,900_0,7ae45fec,3,20004,contiguous,0.2,0.2,0.5236127508854782,0.5251655629139073,False,855,847,2026-08-15T17:46:43
1932,900,900_0,7ae45fec,3,20004,contiguous,0.25,0.25029239766081873,0.5322314049586777,0.5251655629139073,True,855,847,2026-08-15T17:46:43
1933,900,900_0,7ae45fec,3,20004,contiguous,0.3,0.2994152046783626,0.5429752066115703,0.5251655629139073,True,855,847,2026-08-15T17:46:43
1934,900,900_0,7ae45fec,3,20004,contiguous,0.4,0.4,0.5588235294117647,0.5251655629139073,True,855,850,2026-08-15T17:46:43
1935,900,900_0,7ae45fec,3,20004,contiguous,0.5,0.5005847953216375,0.5754716981132075,0.5251655629139073,True,855,848,2026-08-15T17:46:43
1936,900,900_0,7ae45fec,3,20004,scattered,0.05,0.050292397660818715,0.49209905660377357,0.5251655629139073,False,855,848,2026-08-15T17:46:43
1937,900,900_0,7ae45fec,3,20004,scattered,0.1,0.10058479532163743,0.497877358490566,0.5251655629139073,False,855,848,2026-08-15T17:46:43
1938,900,900_0,7ae45fec,3,20004,scattered,0.15,0.1497076023391813,0.5082547169811321,0.5251655629139073,False,855,848,2026-08-15T17:46:43
1939,900,900_0,7ae45fec,3,20004,scattered,0.2,0.2,0.518,0.5251655629139073,False,855,850,2026-08-15T17:46:43
1940,900,900_0,7ae45fec,3,20004,scattered,0.25,0.25029239766081873,0.5254117647058824,0.5251655629139073,True,855,850,2026-08-15T17:46:43
1941,900,900_0,7ae45fec,3,20004,scattered,0.3,0.2994152046783626,0.5316470588235294,0.5251655629139073,True,855,850,2026-08-15T17:46:43
1942,900,900_0,7ae45fec,3,20004,scattered,0.4,0.4,0.5468085106382978,0.5251655629139073,True,855,846,2026-08-15T17:46:43
1943,900,900_0,7ae45fec,3,20004,scattered,0.5,0.5005847953216375,0.5644549763033175,0.5251655629139073,True,855,844,2026-08-15T17:46:43
1944,900,900_0,d9b174c2,4,-1,none,0.0,0.0,0.4975235849056604,0.5393333333333333,False,855,848,2026-08-15T17:46:43
1945,900,900_0,d9b174c2,4,20000,contiguous,0.05,0.050292397660818715,0.505188679245283,0.5393333333333333,False,855,848,2026-08-15T17:46:43
1946,900,900_0,d9b174c2,4,20000,contiguous,0.1,0.10058479532163743,0.5150943396226415,0.5393333333333333,False,855,848,2026-08-15T17:46:43
1947,900,900_0,d9b174c2,4,20000,contiguous,0.15,0.1497076023391813,0.5221698113207547,0.5393333333333333,False,855,848,2026-08-15T17:46:43
1948,900,900_0,d9b174c2,4,20000,contiguous,0.2,0.2,0.5324292452830188,0.5393333333333333,False,855,848,2026-08-15T17:46:43
1949,900,900_0,d9b174c2,4,20000,contiguous,0.25,0.25029239766081873,0.540495867768595,0.5393333333333333,True,855,847,2026-08-15T17:46:43
1950,900,900_0,d9b174c2,4,20000,contiguous,0.3,0.2994152046783626,0.5491145218417945,0.5393333333333333,True,855,847,2026-08-15T17:46:43
1951,900,900_0,d9b174c2,4,20000,contiguous,0.4,0.4,0.5664310954063604,0.5393333333333333,True,855,849,2026-08-15T17:46:43
1952,900,900_0,d9b174c2,4,20000,contiguous,0.5,0.5005847953216375,0.5873820754716981,0.5393333333333333,True,855,848,2026-08-15T17:46:43
1953,900,900_0,d9b174c2,4,20000,scattered,0.05,0.050292397660818715,0.5038915094339622,0.5393333333333333,False,855,848,2026-08-15T17:46:43
1954,900,900_0,d9b174c2,4,20000,scattered,0.1,0.10058479532163743,0.5123820754716981,0.5393333333333333,False,855,848,2026-08-15T17:46:43
1955,900,900_0,d9b174c2,4,20000,scattered,0.15,0.1497076023391813,0.5173349056603773,0.5393333333333333,False,855,848,2026-08-15T17:46:43
1956,900,900_0,d9b174c2,4,20000,scattered,0.2,0.2,0.5272941176470588,0.5393333333333333,False,855,850,2026-08-15T17:46:43
1957,900,900_0,d9b174c2,4,20000,scattered,0.25,0.25029239766081873,0.5314923619271446,0.5393333333333333,False,855,851,2026-08-15T17:46:43
1958,900,900_0,d9b174c2,4,20000,scattered,0.3,0.2994152046783626,0.5399529964747356,0.5393333333333333,True,855,851,2026-08-15T17:46:43
1959,900,900_0,d9b174c2,4,20000,scattered,0.4,0.4,0.5561176470588235,0.5393333333333333,True,855,850,2026-08-15T17:46:43
1960,900,900_0,d9b174c2,4,20000,scattered,0.5,0.5005847953216375,0.5716136631330978,0.5393333333333333,True,855,849,2026-08-15T17:46:43
1961,900,900_0,d9b174c2,4,20001,contiguous,0.05,0.050292397660818715,0.5044864226682408,0.5393333333333333,False,855,847,2026-08-15T17:46:43
1962,900,900_0,d9b174c2,4,20001,contiguous,0.1,0.10058479532163743,0.5125147579693035,0.5393333333333333,False,855,847,2026-08-15T17:46:43
1963,900,900_0,d9b174c2,4,20001,contiguous,0.15,0.1497076023391813,0.519115890083632,0.5393333333333333,False,855,837,2026-08-15T17:46:43
1964,900,900_0,d9b174c2,4,20001,contiguous,0.2,0.2,0.523826714801444,0.5393333333333333,False,855,831,2026-08-15T17:46:43
1965,900,900_0,d9b174c2,4,20001,contiguous,0.25,0.25029239766081873,0.5305084745762711,0.5393333333333333,False,855,826,2026-08-15T17:46:43
1966,900,900_0,d9b174c2,4,20001,contiguous,0.3,0.2994152046783626,0.5351154313487242,0.5393333333333333,False,855,823,2026-08-15T17:46:43
1967,900,900_0,d9b174c2,4,20001,contiguous,0.4,0.4,0.5488916256157635,0.5393333333333333,True,855,812,2026-08-15T17:46:43
1968,900,900_0,d9b174c2,4,20001,contiguous,0.5,0.5005847953216375,0.5669154228855722,0.5393333333333333,True,855,804,2026-08-15T17:46:43
1969,900,900_0,d9b174c2,4,20001,scattered,0.05,0.050292397660818715,0.5025974025974026,0.5393333333333333,False,855,847,2026-08-15T17:46:43
1970,900,900_0,d9b174c2,4,20001,scattered,0.1,0.10058479532163743,0.5085005903187721,0.5393333333333333,False,855,847,2026-08-15T17:46:43
1971,900,900_0,d9b174c2,4,20001,scattered,0.15,0.1497076023391813,0.51301775147929,0.5393333333333333,False,855,845,2026-08-15T17:46:43
1972,900,900_0,d9b174c2,4,20001,scattered,0.2,0.2,0.5240850059031877,0.5393333333333333,False,855,847,2026-08-15T17:46:43
1973,900,900_0,d9b174c2,4,20001,scattered,0.25,0.25029239766081873,0.5285207100591716,0.5393333333333333,False,855,845,2026-08-15T17:46:43
1974,900,900_0,d9b174c2,4,20001,scattered,0.3,0.2994152046783626,0.5361676646706587,0.5393333333333333,False,855,835,2026-08-15T17:46:43
1975,900,900_0,d9b174c2,4,20001,scattered,0.4,0.4,0.551148730350665,0.5393333333333333,True,855,827,2026-08-15T17:46:43
1976,900,900_0,d9b174c2,4,20001,scattered,0.5,0.5005847953216375,0.562807881773399,0.5393333333333333,True,855,812,2026-08-15T17:46:43
1977,900,900_0,d9b174c2,4,20002,contiguous,0.05,0.050292397660818715,0.50543093270366,0.5393333333333333,False,855,847,2026-08-15T17:46:43
1978,900,900_0,d9b174c2,4,20002,contiguous,0.1,0.10058479532163743,0.5140995260663507,0.5393333333333333,False,855,844,2026-08-15T17:46:43
1979,900,900_0,d9b174c2,4,20002,contiguous,0.15,0.1497076023391813,0.5199524940617577,0.5393333333333333,False,855,842,2026-08-15T17:46:43
1980,900,900_0,d9b174c2,4,20002,contiguous,0.2,0.2,0.5281472684085511,0.5393333333333333,False,855,842,2026-08-15T17:46:43
1981,900,900_0,d9b174c2,4,20002,contiguous,0.25,0.25029239766081873,0.5364285714285715,0.5393333333333333,False,855,840,2026-08-15T17:46:43
1982,900,900_0,d9b174c2,4,20002,contiguous,0.3,0.2994152046783626,0.5429594272076372,0.5393333333333333,True,855,838,2026-08-15T17:46:43
1983,900,900_0,d9b174c2,4,20002,contiguous,0.4,0.4,0.5599520383693045,0.5393333333333333,True,855,834,2026-08-15T17:46:43
1984,900,900_0,d9b174c2,4,20002,contiguous,0.5,0.5005847953216375,0.576271186440678,0.5393333333333333,True,855,826,2026-08-15T17:46:43
1985,900,900_0,d9b174c2,4,20002,scattered,0.05,0.050292397660818715,0.5012971698113208,0.5393333333333333,False,855,848,2026-08-15T17:46:43
1986,900,900_0,d9b174c2,4,20002,scattered,0.1,0.10058479532163743,0.5125443786982249,0.5393333333333333,False,855,845,2026-08-15T17:46:43
1987,900,900_0,d9b174c2,4,20002,scattered,0.15,0.1497076023391813,0.5143364928909953,0.5393333333333333,False,855,844,2026-08-15T17:46:43
1988,900,900_0,d9b174c2,4,20002,scattered,0.2,0.2,0.5243786982248521,0.5393333333333333,False,855,845,2026-08-15T17:46:43
1989,900,900_0,d9b174c2,4,20002,scattered,0.25,0.25029239766081873,0.53301775147929,0.5393333333333333,False,855,845,2026-08-15T17:46:43
1990,900,900_0,d9b174c2,4,20002,scattered,0.3,0.2994152046783626,0.5407100591715976,0.5393333333333333,True,855,845,2026-08-15T17:46:43
1991,900,900_0,d9b174c2,4,20002,scattered,0.4,0.4,0.557888493475682,0.5393333333333333,True,855,843,2026-08-15T17:46:43
1992,900,900_0,d9b174c2,4,20002,scattered,0.5,0.5005847953216375,0.5728571428571428,0.5393333333333333,True,855,840,2026-08-15T17:46:43
1993,900,900_0,d9b174c2,4,20003,contiguous,0.05,0.050292397660818715,0.5038915094339622,0.5393333333333333,False,855,848,2026-08-15T17:46:43
1994,900,900_0,d9b174c2,4,20003,contiguous,0.1,0.10058479532163743,0.5106132075471698,0.5393333333333333,False,855,848,2026-08-15T17:46:43
1995,900,900_0,d9b174c2,4,20003,contiguous,0.15,0.1497076023391813,0.5166863905325444,0.5393333333333333,False,855,845,2026-08-15T17:46:43
1996,900,900_0,d9b174c2,4,20003,contiguous,0.2,0.2,0.5208991494532199,0.5393333333333333,False,855,823,2026-08-15T17:46:43
1997,900,900_0,d9b174c2,4,20003,contiguous,0.25,0.25029239766081873,0.524969400244798,0.5393333333333333,False,855,817,2026-08-15T17:46:43
1998,900,900_0,d9b174c2,4,20003,contiguous,0.3,0.2994152046783626,0.5303329223181258,0.5393333333333333,False,855,811,2026-08-15T17:46:43
1999,900,900_0,d9b174c2,4,20003,contiguous,0.4,0.4,0.5426582278481012,0.5393333333333333,True,855,790,2026-08-15T17:46:43
2000,900,900_0,d9b174c2,4,20003,contiguous,0.5,0.5005847953216375,0.556,0.5393333333333333,True,855,750,2026-08-15T17:46:43
2001,900,900_0,d9b174c2,4,20003,scattered,0.05,0.050292397660818715,0.5015330188679246,0.5393333333333333,False,855,848,2026-08-15T17:46:43
2002,900,900_0,d9b174c2,4,20003,scattered,0.1,0.10058479532163743,0.5109929078014185,0.5393333333333333,False,855,846,2026-08-15T17:46:43
2003,900,900_0,d9b174c2,4,20003,scattered,0.15,0.1497076023391813,0.5139120095124852,0.5393333333333333,False,855,841,2026-08-15T17:46:43
2004,900,900_0,d9b174c2,4,20003,scattered,0.2,0.2,0.5211469534050179,0.5393333333333333,False,855,837,2026-08-15T17:46:43
2005,900,900_0,d9b174c2,4,20003,scattered,0.25,0.25029239766081873,0.5249088699878494,0.5393333333333333,False,855,823,2026-08-15T17:46:43
2006,900,900_0,d9b174c2,4,20003,scattered,0.3,0.2994152046783626,0.5301353013530136,0.5393333333333333,False,855,813,2026-08-15T17:46:43
2007,900,900_0,d9b174c2,4,20003,scattered,0.4,0.4,0.5391959798994975,0.5393333333333333,False,855,796,2026-08-15T17:46:43
2008,900,900_0,d9b174c2,4,20003,scattered,0.5,0.5005847953216375,0.5527958387516255,0.5393333333333333,True,855,769,2026-08-15T17:46:43
2009,900,900_0,d9b174c2,4,20004,contiguous,0.05,0.050292397660818715,0.5047169811320755,0.5393333333333333,False,855,848,2026-08-15T17:46:43
2010,900,900_0,d9b174c2,4,20004,contiguous,0.1,0.10058479532163743,0.5141509433962265,0.5393333333333333,False,855,848,2026-08-15T17:46:43
2011,900,900_0,d9b174c2,4,20004,contiguous,0.15,0.1497076023391813,0.5202830188679245,0.5393333333333333,False,855,848,2026-08-15T17:46:43
2012,900,900_0,d9b174c2,4,20004,contiguous,0.2,0.2,0.5258254716981132,0.5393333333333333,False,855,848,2026-08-15T17:46:43
2013,900,900_0,d9b174c2,4,20004,contiguous,0.25,0.25029239766081873,0.5347107438016528,0.5393333333333333,False,855,847,2026-08-15T17:46:43
2014,900,900_0,d9b174c2,4,20004,contiguous,0.3,0.2994152046783626,0.5397810218978102,0.5393333333333333,True,855,822,2026-08-15T17:46:43
2015,900,900_0,d9b174c2,4,20004,contiguous,0.4,0.4,0.5441136671177267,0.5393333333333333,True,855,739,2026-08-15T17:46:43
2016,900,900_0,d9b174c2,4,20004,contiguous,0.5,0.5005847953216375,0.5570402298850575,0.5393333333333333,True,855,696,2026-08-15T17:46:43
2017,900,900_0,d9b174c2,4,20004,scattered,0.05,0.050292397660818715,0.5038915094339622,0.5393333333333333,False,855,848,2026-08-15T17:46:43
2018,900,900_0,d9b174c2,4,20004,scattered,0.1,0.10058479532163743,0.5153301886792453,0.5393333333333333,False,855,848,2026-08-15T17:46:43
2019,900,900_0,d9b174c2,4,20004,scattered,0.15,0.1497076023391813,0.5193396226415095,0.5393333333333333,False,855,848,2026-08-15T17:46:43
2020,900,900_0,d9b174c2,4,20004,scattered,0.2,0.2,0.5261538461538462,0.5393333333333333,False,855,845,2026-08-15T17:46:43
2021,900,900_0,d9b174c2,4,20004,scattered,0.25,0.25029239766081873,0.5313167259786477,0.5393333333333333,False,855,843,2026-08-15T17:46:43
2022,900,900_0,d9b174c2,4,20004,scattered,0.3,0.2994152046783626,0.5372479240806642,0.5393333333333333,False,855,843,2026-08-15T17:46:43
2023,900,900_0,d9b174c2,4,20004,scattered,0.4,0.4,0.5495157384987893,0.5393333333333333,True,855,826,2026-08-15T17:46:43
2024,900,900_0,d9b174c2,4,20004,scattered,0.5,0.5005847953216375,0.5610755441741357,0.5393333333333333,True,855,781,2026-08-15T17:46:43
2025,900,900_1,075c5cf8,0,-1,none,0.0,0.0,0.501046511627907,0.5271523178807948,False,891,860,2026-08-15T17:46:43
2026,900,900_1,075c5cf8,0,20000,contiguous,0.05,0.050505050505050504,0.5123842592592592,0.5271523178807948,False,891,864,2026-08-15T17:46:43
2027,900,900_1,075c5cf8,0,20000,contiguous,0.1,0.09988776655443322,0.51875,0.5271523178807948,False,891,864,2026-08-15T17:46:43
2028,900,900_1,075c5cf8,0,20000,contiguous,0.15,0.15039281705948374,0.524567474048443,0.5271523178807948,False,891,867,2026-08-15T17:46:43
2029,900,900_1,075c5cf8,0,20000,contiguous,0.2,0.19977553310886645,0.5268742791234141,0.5271523178807948,False,891,867,2026-08-15T17:46:43
2030,900,900_1,075c5cf8,0,20000,contiguous,0.25,0.250280583613917,0.5296912114014252,0.5271523178807948,True,891,842,2026-08-15T17:46:43
2031,900,900_1,075c5cf8,0,20000,contiguous,0.3,0.2996632996632997,0.530625,0.5271523178807948,True,891,800,2026-08-15T17:46:43
2032,900,900_1,075c5cf8,0,20000,contiguous,0.4,0.3995510662177329,0.5404947916666667,0.5271523178807948,True,891,768,2026-08-15T17:46:43
2033,900,900_1,075c5cf8,0,20000,contiguous,0.5,0.500561167227834,0.5514685314685315,0.5271523178807948,True,891,715,2026-08-15T17:46:43
2034,900,900_1,075c5cf8,0,20000,scattered,0.05,0.050505050505050504,0.5054651162790698,0.5271523178807948,False,891,860,2026-08-15T17:46:43
2035,900,900_1,075c5cf8,0,20000,scattered,0.1,0.09988776655443322,0.5095127610208817,0.5271523178807948,False,891,862,2026-08-15T17:46:43
2036,900,900_1,075c5cf8,0,20000,scattered,0.15,0.15039281705948374,0.5174216027874564,0.5271523178807948,False,891,861,2026-08-15T17:46:43
2037,900,900_1,075c5cf8,0,20000,scattered,0.2,0.19977553310886645,0.5264705882352941,0.5271523178807948,False,891,850,2026-08-15T17:46:43
2038,900,900_1,075c5cf8,0,20000,scattered,0.25,0.250280583613917,0.5248201438848921,0.5271523178807948,False,891,834,2026-08-15T17:46:43
2039,900,900_1,075c5cf8,0,20000,scattered,0.3,0.2996632996632997,0.530694275274056,0.5271523178807948,True,891,821,2026-08-15T17:46:43
2040,900,900_1,075c5cf8,0,20000,scattered,0.4,0.3995510662177329,0.5387261146496816,0.5271523178807948,True,891,785,2026-08-15T17:46:43
2041,900,900_1,075c5cf8,0,20000,scattered,0.5,0.500561167227834,0.5487870619946091,0.5271523178807948,True,891,742,2026-08-15T17:46:43
2042,900,900_1,075c5cf8,0,20001,contiguous,0.05,0.050505050505050504,0.5107638888888889,0.5271523178807948,False,891,864,2026-08-15T17:46:43
2043,900,900_1,075c5cf8,0,20001,contiguous,0.1,0.09988776655443322,0.5199074074074074,0.5271523178807948,False,891,864,2026-08-15T17:46:43
2044,900,900_1,075c5cf8,0,20001,contiguous,0.15,0.15039281705948374,0.526905311778291,0.5271523178807948,False,891,866,2026-08-15T17:46:43
2045,900,900_1,075c5cf8,0,20001,contiguous,0.2,0.19977553310886645,0.5346727898966704,0.5271523178807948,True,891,871,2026-08-15T17:46:43
2046,900,900_1,075c5cf8,0,20001,contiguous,0.25,0.250280583613917,0.5384349827387802,0.5271523178807948,True,891,869,2026-08-15T17:46:43
2047,900,900_1,075c5cf8,0,20001,contiguous,0.3,0.2996632996632997,0.5482163406214039,0.5271523178807948,True,891,869,2026-08-15T17:46:43
2048,900,900_1,075c5cf8,0,20001,contiguous,0.4,0.3995510662177329,0.5619377162629757,0.5271523178807948,True,891,867,2026-08-15T17:46:43
2049,900,900_1,075c5cf8,0,20001,contiguous,0.5,0.500561167227834,0.5816608996539793,0.5271523178807948,True,891,867,2026-08-15T17:46:43
2050,900,900_1,075c5cf8,0,20001,scattered,0.05,0.050505050505050504,0.5049008168028004,0.5271523178807948,False,891,857,2026-08-15T17:46:43
2051,900,900_1,075c5cf8,0,20001,scattered,0.1,0.09988776655443322,0.5128235294117647,0.5271523178807948,False,891,850,2026-08-15T17:46:43
2052,900,900_1,075c5cf8,0,20001,scattered,0.15,0.15039281705948374,0.5205917159763314,0.5271523178807948,False,891,845,2026-08-15T17:46:43
2053,900,900_1,075c5cf8,0,20001,scattered,0.2,0.19977553310886645,0.5251789976133652,0.5271523178807948,False,891,838,2026-08-15T17:46:43
2054,900,900_1,075c5cf8,0,20001,scattered,0.25,0.250280583613917,0.5296875,0.5271523178807948,True,891,832,2026-08-15T17:46:43
2055,900,900_1,075c5cf8,0,20001,scattered,0.3,0.2996632996632997,0.5371221281741233,0.5271523178807948,True,891,827,2026-08-15T17:46:43
2056,900,900_1,075c5cf8,0,20001,scattered,0.4,0.3995510662177329,0.5496277915632755,0.5271523178807948,True,891,806,2026-08-15T17:46:43
2057,900,900_1,075c5cf8,0,20001,scattered,0.5,0.500561167227834,0.5634738186462325,0.5271523178807948,True,891,783,2026-08-15T17:46:43
2058,900,900_1,075c5cf8,0,20002,contiguous,0.05,0.050505050505050504,0.5111111111111111,0.5271523178807948,False,891,864,2026-08-15T17:46:43
2059,900,900_1,075c5cf8,0,20002,contiguous,0.1,0.09988776655443322,0.5187935034802784,0.5271523178807948,False,891,862,2026-08-15T17:46:43
2060,900,900_1,075c5cf8,0,20002,contiguous,0.15,0.15039281705948374,0.5239306358381502,0.5271523178807948,False,891,865,2026-08-15T17:46:43
2061,900,900_1,075c5cf8,0,20002,contiguous,0.2,0.19977553310886645,0.5293103448275862,0.5271523178807948,True,891,870,2026-08-15T17:46:43
2062,900,900_1,075c5cf8,0,20002,contiguous,0.25,0.250280583613917,0.5357142857142857,0.5271523178807948,True,891,868,2026-08-15T17:46:43
2063,900,900_1,075c5cf8,0,20002,contiguous,0.3,0.2996632996632997,0.5396751740139211,0.5271523178807948,True,891,862,2026-08-15T17:46:43
2064,900,900_1,075c5cf8,0,20002,contiguous,0.4,0.3995510662177329,0.543573264781491,0.5271523178807948,True,891,778,2026-08-15T17:46:43
2065,900,900_1,075c5cf8,0,20002,contiguous,0.5,0.500561167227834,0.551233671988389,0.5271523178807948,True,891,689,2026-08-15T17:46:43
2066,900,900_1,075c5cf8,0,20002,scattered,0.05,0.050505050505050504,0.5027090694935218,0.5271523178807948,False,891,849,2026-08-15T17:46:43
2067,900,900_1,075c5cf8,0,20002,scattered,0.1,0.09988776655443322,0.5092548076923077,0.5271523178807948,False,891,832,2026-08-15T17:46:43
2068,900,900_1,075c5cf8,0,20002,scattered,0.15,0.15039281705948374,0.5127633209417596,0.5271523178807948,False,891,807,2026-08-15T17:46:43
2069,900,900_1,075c5cf8,0,20002,scattered,0.2,0.19977553310886645,0.5173299101412067,0.5271523178807948,False,891,779,2026-08-15T17:46:43
2070,900,900_1,075c5cf8,0,20002,scattered,0.25,0.250280583613917,0.5170634920634921,0.5271523178807948,False,891,756,2026-08-15T17:46:43
2071,900,900_1,075c5cf8,0,20002,scattered,0.3,0.2996632996632997,0.5228882833787466,0.5271523178807948,False,891,734,2026-08-15T17:46:43
2072,900,900_1,075c5cf8,0,20002,scattered,0.4,0.3995510662177329,0.5257777777777778,0.5271523178807948,False,891,675,2026-08-15T17:46:43
2073,900,900_1,075c5cf8,0,20002,scattered,0.5,0.500561167227834,0.5328455284552845,0.5271523178807948,True,891,615,2026-08-15T17:46:43
2074,900,900_1,075c5cf8,0,20003,contiguous,0.05,0.050505050505050504,0.5115740740740741,0.5271523178807948,False,891,864,2026-08-15T17:46:43
2075,900,900_1,075c5cf8,0,20003,contiguous,0.1,0.09988776655443322,0.5207175925925925,0.5271523178807948,False,891,864,2026-08-15T17:46:43
2076,900,900_1,075c5cf8,0,20003,contiguous,0.15,0.15039281705948374,0.5290322580645161,0.5271523178807948,True,891,868,2026-08-15T17:46:43
2077,900,900_1,075c5cf8,0,20003,contiguous,0.2,0.19977553310886645,0.5366552119129439,0.5271523178807948,True,891,873,2026-08-15T17:46:43
2078,900,900_1,075c5cf8,0,20003,contiguous,0.25,0.250280583613917,0.5435280641466208,0.5271523178807948,True,891,873,2026-08-15T17:46:43
2079,900,900_1,075c5cf8,0,20003,contiguous,0.3,0.2996632996632997,0.5490285714285714,0.5271523178807948,True,891,875,2026-08-15T17:46:43
2080,900,900_1,075c5cf8,0,20003,contiguous,0.4,0.3995510662177329,0.5673142857142857,0.5271523178807948,True,891,875,2026-08-15T17:46:43
2081,900,900_1,075c5cf8,0,20003,contiguous,0.5,0.500561167227834,0.5823798627002288,0.5271523178807948,True,891,874,2026-08-15T17:46:43
2082,900,900_1,075c5cf8,0,20003,scattered,0.05,0.050505050505050504,0.5061627906976744,0.5271523178807948,False,891,860,2026-08-15T17:46:43
2083,900,900_1,075c5cf8,0,20003,scattered,0.1,0.09988776655443322,0.5154292343387471,0.5271523178807948,False,891,862,2026-08-15T17:46:43
2084,900,900_1,075c5cf8,0,20003,scattered,0.15,0.15039281705948374,0.5262124711316397,0.5271523178807948,False,891,866,2026-08-15T17:46:43
2085,900,900_1,075c5cf8,0,20003,scattered,0.2,0.19977553310886645,0.5315668202764977,0.5271523178807948,True,891,868,2026-08-15T17:46:43
2086,900,900_1,075c5cf8,0,20003,scattered,0.25,0.250280583613917,0.5383467278989668,0.5271523178807948,True,891,871,2026-08-15T17:46:43
2087,900,900_1,075c5cf8,0,20003,scattered,0.3,0.2996632996632997,0.5457142857142857,0.5271523178807948,True,891,875,2026-08-15T17:46:43
2088,900,900_1,075c5cf8,0,20003,scattered,0.4,0.3995510662177329,0.5594965675057209,0.5271523178807948,True,891,874,2026-08-15T17:46:43
2089,900,900_1,075c5cf8,0,20003,scattered,0.5,0.500561167227834,0.5765446224256293,0.5271523178807948,True,891,874,2026-08-15T17:46:43
2090,900,900_1,075c5cf8,0,20004,contiguous,0.05,0.050505050505050504,0.5079861111111111,0.5271523178807948,False,891,864,2026-08-15T17:46:43
2091,900,900_1,075c5cf8,0,20004,contiguous,0.1,0.09988776655443322,0.5159673659673659,0.5271523178807948,False,891,858,2026-08-15T17:46:43
2092,900,900_1,075c5cf8,0,20004,contiguous,0.15,0.15039281705948374,0.5160822249093108,0.5271523178807948,False,891,827,2026-08-15T17:46:43
2093,900,900_1,075c5cf8,0,20004,contiguous,0.2,0.19977553310886645,0.5158948685857322,0.5271523178807948,False,891,799,2026-08-15T17:46:43
2094,900,900_1,075c5cf8,0,20004,contiguous,0.25,0.250280583613917,0.5151193633952255,0.5271523178807948,False,891,754,2026-08-15T17:46:43
2095,900,900_1,075c5cf8,0,20004,contiguous,0.3,0.2996632996632997,0.5148876404494382,0.5271523178807948,False,891,712,2026-08-15T17:46:43
2096,900,900_1,075c5cf8,0,20004,contiguous,0.4,0.3995510662177329,0.5165605095541401,0.5271523178807948,False,891,628,2026-08-15T17:46:43
2097,900,900_1,075c5cf8,0,20004,contiguous,0.5,0.500561167227834,0.5208103130755064,0.5271523178807948,False,891,543,2026-08-15T17:46:43
2098,900,900_1,075c5cf8,0,20004,scattered,0.05,0.050505050505050504,0.5023337222870479,0.5271523178807948,False,891,857,2026-08-15T17:46:43
2099,900,900_1,075c5cf8,0,20004,scattered,0.1,0.09988776655443322,0.5070405727923628,0.5271523178807948,False,891,838,2026-08-15T17:46:43
2100,900,900_1,075c5cf8,0,20004,scattered,0.15,0.15039281705948374,0.5127139364303178,0.5271523178807948,False,891,818,2026-08-15T17:46:43
2101,900,900_1,075c5cf8,0,20004,scattered,0.2,0.19977553310886645,0.5136420525657072,0.5271523178807948,False,891,799,2026-08-15T17:46:43
2102,900,900_1,075c5cf8,0,20004,scattered,0.25,0.250280583613917,0.5170700636942676,0.5271523178807948,False,891,785,2026-08-15T17:46:43
2103,900,900_1,075c5cf8,0,20004,scattered,0.3,0.2996632996632997,0.5202099737532808,0.5271523178807948,False,891,762,2026-08-15T17:46:43
2104,900,900_1,075c5cf8,0,20004,scattered,0.4,0.3995510662177329,0.5259103641456583,0.5271523178807948,False,891,714,2026-08-15T17:46:43
2105,900,900_1,075c5cf8,0,20004,scattered,0.5,0.500561167227834,0.5389473684210526,0.5271523178807948,True,891,665,2026-08-15T17:46:43
2106,900,900_1,ba89af07,1,-1,none,0.0,0.0,0.4990697674418605,0.5290322580645161,False,891,860,2026-08-15T17:46:43
2107,900,900_1,ba89af07,1,20000,contiguous,0.05,0.050505050505050504,0.5070011668611435,0.5290322580645161,False,891,857,2026-08-15T17:46:43
2108,900,900_1,ba89af07,1,20000,contiguous,0.1,0.09988776655443322,0.5154205607476635,0.5290322580645161,False,891,856,2026-08-15T17:46:43
2109,900,900_1,ba89af07,1,20000,contiguous,0.15,0.15039281705948374,0.518957345971564,0.5290322580645161,False,891,844,2026-08-15T17:46:43
2110,900,900_1,ba89af07,1,20000,contiguous,0.2,0.19977553310886645,0.5241092636579573,0.5290322580645161,False,891,842,2026-08-15T17:46:43
2111,900,900_1,ba89af07,1,20000,contiguous,0.25,0.250280583613917,0.5265997490589711,0.5290322580645161,False,891,797,2026-08-15T17:46:43
2112,900,900_1,ba89af07,1,20000,contiguous,0.3,0.2996632996632997,0.5280794701986755,0.5290322580645161,False,891,755,2026-08-15T17:46:43
2113,900,900_1,ba89af07,1,20000,contiguous,0.4,0.3995510662177329,0.5295352323838081,0.5290322580645161,True,891,667,2026-08-15T17:46:43
2114,900,900_1,ba89af07,1,20000,contiguous,0.5,0.500561167227834,0.5366782006920415,0.5290322580645161,True,891,578,2026-08-15T17:46:43
2115,900,900_1,ba89af07,1,20000,scattered,0.05,0.050505050505050504,0.4985798816568047,0.5290322580645161,False,891,845,2026-08-15T17:46:43
2116,900,900_1,ba89af07,1,20000,scattered,0.1,0.09988776655443322,0.5036540803897686,0.5290322580645161,False,891,821,2026-08-15T17:46:43
2117,900,900_1,ba89af07,1,20000,scattered,0.15,0.15039281705948374,0.5016434892541087,0.5290322580645161,False,891,791,2026-08-15T17:46:43
2118,900,900_1,ba89af07,1,20000,scattered,0.2,0.19977553310886645,0.5040735873850197,0.5290322580645161,False,891,761,2026-08-15T17:46:43
2119,900,900_1,ba89af07,1,20000,scattered,0.25,0.250280583613917,0.5044959128065395,0.5290322580645161,False,891,734,2026-08-15T17:46:43
2120,900,900_1,ba89af07,1,20000,scattered,0.3,0.2996632996632997,0.5096638655462185,0.5290322580645161,False,891,714,2026-08-15T17:46:43
2121,900,900_1,ba89af07,1,20000,scattered,0.4,0.3995510662177329,0.5224085365853659,0.5290322580645161,False,891,656,2026-08-15T17:46:43
2122,900,900_1,ba89af07,1,20000,scattered,0.5,0.500561167227834,0.5327242524916943,0.5290322580645161,True,891,602,2026-08-15T17:46:43
2123,900,900_1,ba89af07,1,20001,contiguous,0.05,0.050505050505050504,0.5061342592592593,0.5290322580645161,False,891,864,2026-08-15T17:46:43
2124,900,900_1,ba89af07,1,20001,contiguous,0.1,0.09988776655443322,0.5071933962264151,0.5290322580645161,False,891,848,2026-08-15T17:46:43
2125,900,900_1,ba89af07,1,20001,contiguous,0.15,0.15039281705948374,0.5147405660377359,0.5290322580645161,False,891,848,2026-08-15T17:46:43
2126,900,900_1,ba89af07,1,20001,contiguous,0.2,0.19977553310886645,0.5216312056737589,0.5290322580645161,False,891,846,2026-08-15T17:46:43
2127,900,900_1,ba89af07,1,20001,contiguous,0.25,0.250280583613917,0.5312056737588653,0.5290322580645161,True,891,846,2026-08-15T17:46:43
2128,900,900_1,ba89af07,1,20001,contiguous,0.3,0.2996632996632997,0.5375886524822695,0.5290322580645161,True,891,846,2026-08-15T17:46:43
2129,900,900_1,ba89af07,1,20001,contiguous,0.4,0.3995510662177329,0.5491525423728814,0.5290322580645161,True,891,826,2026-08-15T17:46:43
2130,900,900_1,ba89af07,1,20001,contiguous,0.5,0.500561167227834,0.5669491525423729,0.5290322580645161,True,891,826,2026-08-15T17:46:43
2131,900,900_1,ba89af07,1,20001,scattered,0.05,0.050505050505050504,0.5009302325581395,0.5290322580645161,False,891,860,2026-08-15T17:46:43
2132,900,900_1,ba89af07,1,20001,scattered,0.1,0.09988776655443322,0.5090803259604191,0.5290322580645161,False,891,859,2026-08-15T17:46:43
2133,900,900_1,ba89af07,1,20001,scattered,0.15,0.15039281705948374,0.5129779837775202,0.5290322580645161,False,891,863,2026-08-15T17:46:43
2134,900,900_1,ba89af07,1,20001,scattered,0.2,0.19977553310886645,0.5180764774044032,0.5290322580645161,False,891,863,2026-08-15T17:46:43
2135,900,900_1,ba89af07,1,20001,scattered,0.25,0.250280583613917,0.5233294255568581,0.5290322580645161,False,891,853,2026-08-15T17:46:43
2136,900,900_1,ba89af07,1,20001,scattered,0.3,0.2996632996632997,0.5320710059171597,0.5290322580645161,True,891,845,2026-08-15T17:46:43
2137,900,900_1,ba89af07,1,20001,scattered,0.4,0.3995510662177329,0.5457177322074789,0.5290322580645161,True,891,829,2026-08-15T17:46:43
2138,900,900_1,ba89af07,1,20001,scattered,0.5,0.500561167227834,0.5648351648351648,0.5290322580645161,True,891,819,2026-08-15T17:46:43
2139,900,900_1,ba89af07,1,20002,contiguous,0.05,0.050505050505050504,0.5056712962962963,0.5290322580645161,False,891,864,2026-08-15T17:46:43
2140,900,900_1,ba89af07,1,20002,contiguous,0.1,0.09988776655443322,0.5109048723897912,0.5290322580645161,False,891,862,2026-08-15T17:46:43
2141,900,900_1,ba89af07,1,20002,contiguous,0.15,0.15039281705948374,0.5142523364485981,0.5290322580645161,False,891,856,2026-08-15T17:46:43
2142,900,900_1,ba89af07,1,20002,contiguous,0.2,0.19977553310886645,0.5244186046511627,0.5290322580645161,False,891,860,2026-08-15T17:46:43
2143,900,900_1,ba89af07,1,20002,contiguous,0.25,0.250280583613917,0.5337616822429907,0.5290322580645161,True,891,856,2026-08-15T17:46:43
2144,900,900_1,ba89af07,1,20002,contiguous,0.3,0.2996632996632997,0.5407710280373832,0.5290322580645161,True,891,856,2026-08-15T17:46:43
2145,900,900_1,ba89af07,1,20002,contiguous,0.4,0.3995510662177329,0.5530516431924882,0.5290322580645161,True,891,852,2026-08-15T17:46:43
2146,900,900_1,ba89af07,1,20002,contiguous,0.5,0.500561167227834,0.5714117647058824,0.5290322580645161,True,891,850,2026-08-15T17:46:43
2147,900,900_1,ba89af07,1,20002,scattered,0.05,0.050505050505050504,0.5017441860465116,0.5290322580645161,False,891,860,2026-08-15T17:46:43
2148,900,900_1,ba89af07,1,20002,scattered,0.1,0.09988776655443322,0.5089327146171694,0.5290322580645161,False,891,862,2026-08-15T17:46:43
2149,900,900_1,ba89af07,1,20002,scattered,0.15,0.15039281705948374,0.515625,0.5290322580645161,False,891,864,2026-08-15T17:46:43
2150,900,900_1,ba89af07,1,20002,scattered,0.2,0.19977553310886645,0.5180974477958237,0.5290322580645161,False,891,862,2026-08-15T17:46:43
2151,900,900_1,ba89af07,1,20002,scattered,0.25,0.250280583613917,0.5252900232018561,0.5290322580645161,False,891,862,2026-08-15T17:46:43
2152,900,900_1,ba89af07,1,20002,scattered,0.3,0.2996632996632997,0.5323665893271462,0.5290322580645161,True,891,862,2026-08-15T17:46:43
2153,900,900_1,ba89af07,1,20002,scattered,0.4,0.3995510662177329,0.5502937720329024,0.5290322580645161,True,891,851,2026-08-15T17:46:43
2154,900,900_1,ba89af07,1,20002,scattered,0.5,0.500561167227834,0.5697041420118343,0.5290322580645161,True,891,845,2026-08-15T17:46:43
2155,900,900_1,ba89af07,1,20003,contiguous,0.05,0.050505050505050504,0.5065972222222223,0.5290322580645161,False,891,864,2026-08-15T17:46:43
2156,900,900_1,ba89af07,1,20003,contiguous,0.1,0.09988776655443322,0.5120370370370371,0.5290322580645161,False,891,864,2026-08-15T17:46:43
2157,900,900_1,ba89af07,1,20003,contiguous,0.15,0.15039281705948374,0.5173010380622838,0.5290322580645161,False,891,867,2026-08-15T17:46:43
2158,900,900_1,ba89af07,1,20003,contiguous,0.2,0.19977553310886645,0.5253731343283582,0.5290322580645161,False,891,871,2026-08-15T17:46:43
2159,900,900_1,ba89af07,1,20003,contiguous,0.25,0.250280583613917,0.5334098737083812,0.5290322580645161,True,891,871,2026-08-15T17:46:43
2160,900,900_1,ba89af07,1,20003,contiguous,0.3,0.2996632996632997,0.5415807560137457,0.5290322580645161,True,891,873,2026-08-15T17:46:43
2161,900,900_1,ba89af07,1,20003,contiguous,0.4,0.3995510662177329,0.5575688073394496,0.5290322580645161,True,891,872,2026-08-15T17:46:43
2162,900,900_1,ba89af07,1,20003,contiguous,0.5,0.500561167227834,0.5745412844036697,0.5290322580645161,True,891,872,2026-08-15T17:46:43
2163,900,900_1,ba89af07,1,20003,scattered,0.05,0.050505050505050504,0.5026744186046511,0.5290322580645161,False,891,860,2026-08-15T17:46:43
2164,900,900_1,ba89af07,1,20003,scattered,0.1,0.09988776655443322,0.5120789779326365,0.5290322580645161,False,891,861,2026-08-15T17:46:43
2165,900,900_1,ba89af07,1,20003,scattered,0.15,0.15039281705948374,0.5186127167630058,0.5290322580645161,False,891,865,2026-08-15T17:46:43
2166,900,900_1,ba89af07,1,20003,scattered,0.2,0.19977553310886645,0.52479815455594,0.5290322580645161,False,891,867,2026-08-15T17:46:43
2167,900,900_1,ba89af07,1,20003,scattered,0.25,0.250280583613917,0.532528735632184,0.5290322580645161,True,891,870,2026-08-15T17:46:43
2168,900,900_1,ba89af07,1,20003,scattered,0.3,0.2996632996632997,0.5372997711670481,0.5290322580645161,True,891,874,2026-08-15T17:46:43
2169,900,900_1,ba89af07,1,20003,scattered,0.4,0.3995510662177329,0.5562068965517242,0.5290322580645161,True,891,870,2026-08-15T17:46:43
2170,900,900_1,ba89af07,1,20003,scattered,0.5,0.500561167227834,0.5733256351039261,0.5290322580645161,True,891,866,2026-08-15T17:46:43
2171,900,900_1,ba89af07,1,20004,contiguous,0.05,0.050505050505050504,0.5070765661252901,0.5290322580645161,False,891,862,2026-08-15T17:46:43
2172,900,900_1,ba89af07,1,20004,contiguous,0.1,0.09988776655443322,0.5119628339140534,0.5290322580645161,False,891,861,2026-08-15T17:46:43
2173,900,900_1,ba89af07,1,20004,contiguous,0.15,0.15039281705948374,0.521271676300578,0.5290322580645161,False,891,865,2026-08-15T17:46:43
2174,900,900_1,ba89af07,1,20004,contiguous,0.2,0.19977553310886645,0.527816091954023,0.5290322580645161,False,891,870,2026-08-15T17:46:43
2175,900,900_1,ba89af07,1,20004,contiguous,0.25,0.250280583613917,0.5355247981545559,0.5290322580645161,True,891,867,2026-08-15T17:46:43
2176,900,900_1,ba89af07,1,20004,contiguous,0.3,0.2996632996632997,0.541705069124424,0.5290322580645161,True,891,868,2026-08-15T17:46:43
2177,900,900_1,ba89af07,1,20004,contiguous,0.4,0.3995510662177329,0.5567129629629629,0.5290322580645161,True,891,864,2026-08-15T17:46:43
2178,900,900_1,ba89af07,1,20004,contiguous,0.5,0.500561167227834,0.5728009259259259,0.5290322580645161,True,891,864,2026-08-15T17:46:43
2179,900,900_1,ba89af07,1,20004,scattered,0.05,0.050505050505050504,0.5024418604651163,0.5290322580645161,False,891,860,2026-08-15T17:46:43
2180,900,900_1,ba89af07,1,20004,scattered,0.1,0.09988776655443322,0.511600928074246,0.5290322580645161,False,891,862,2026-08-15T17:46:43
2181,900,900_1,ba89af07,1,20004,scattered,0.15,0.15039281705948374,0.5202312138728323,0.5290322580645161,False,891,865,2026-08-15T17:46:43
2182,900,900_1,ba89af07,1,20004,scattered,0.2,0.19977553310886645,0.5244803695150115,0.5290322580645161,False,891,866,2026-08-15T17:46:43
2183,900,900_1,ba89af07,1,20004,scattered,0.25,0.250280583613917,0.5359447004608295,0.5290322580645161,True,891,868,2026-08-15T17:46:43
2184,900,900_1,ba89af07,1,20004,scattered,0.3,0.2996632996632997,0.5420389461626575,0.5290322580645161,True,891,873,2026-08-15T17:46:43
2185,900,900_1,ba89af07,1,20004,scattered,0.4,0.3995510662177329,0.5588505747126437,0.5290322580645161,True,891,870,2026-08-15T17:46:43
2186,900,900_1,ba89af07,1,20004,scattered,0.5,0.500561167227834,0.5799768518518519,0.5290322580645161,True,891,864,2026-08-15T17:46:43
2187,900,900_1,21f80958,2,-1,none,0.0,0.0,0.4991860465116279,0.5230769230769231,False,891,860,2026-08-15T17:46:43
2188,900,900_1,21f80958,2,20000,contiguous,0.05,0.050505050505050504,0.5092592592592593,0.5230769230769231,False,891,864,2026-08-15T17:46:43
2189,900,900_1,21f80958,2,20000,contiguous,0.1,0.09988776655443322,0.517824074074074,0.5230769230769231,False,891,864,2026-08-15T17:46:43
2190,900,900_1,21f80958,2,20000,contiguous,0.15,0.15039281705948374,0.5252607184241019,0.5230769230769231,True,891,863,2026-08-15T17:46:43
2191,900,900_1,21f80958,2,20000,contiguous,0.2,0.19977553310886645,0.5331026528258362,0.5230769230769231,True,891,867,2026-08-15T17:46:43
2192,900,900_1,21f80958,2,20000,contiguous,0.25,0.250280583613917,0.5381062355658198,0.5230769230769231,True,891,866,2026-08-15T17:46:43
2193,900,900_1,21f80958,2,20000,contiguous,0.3,0.2996632996632997,0.5459677419354839,0.5230769230769231,True,891,868,2026-08-15T17:46:43
2194,900,900_1,21f80958,2,20000,contiguous,0.4,0.3995510662177329,0.5606936416184971,0.5230769230769231,True,891,865,2026-08-15T17:46:43
2195,900,900_1,21f80958,2,20000,contiguous,0.5,0.500561167227834,0.5792584009269989,0.5230769230769231,True,891,863,2026-08-15T17:46:43
2196,900,900_1,21f80958,2,20000,scattered,0.05,0.050505050505050504,0.5063953488372093,0.5230769230769231,False,891,860,2026-08-15T17:46:43
2197,900,900_1,21f80958,2,20000,scattered,0.1,0.09988776655443322,0.5148491879350348,0.5230769230769231,False,891,862,2026-08-15T17:46:43
2198,900,900_1,21f80958,2,20000,scattered,0.15,0.15039281705948374,0.5206697459584295,0.5230769230769231,False,891,866,2026-08-15T17:46:43
2199,900,900_1,21f80958,2,20000,scattered,0.2,0.19977553310886645,0.5297235023041474,0.5230769230769231,True,891,868,2026-08-15T17:46:43
2200,900,900_1,21f80958,2,20000,scattered,0.25,0.250280583613917,0.5388059701492537,0.5230769230769231,True,891,871,2026-08-15T17:46:43
2201,900,900_1,21f80958,2,20000,scattered,0.3,0.2996632996632997,0.5441142857142857,0.5230769230769231,True,891,875,2026-08-15T17:46:43
2202,900,900_1,21f80958,2,20000,scattered,0.4,0.3995510662177329,0.5576174112256587,0.5230769230769231,True,891,873,2026-08-15T17:46:43
2203,900,900_1,21f80958,2,20000,scattered,0.5,0.500561167227834,0.5736238532110092,0.5230769230769231,True,891,872,2026-08-15T17:46:43
2204,900,900_1,21f80958,2,20001,contiguous,0.05,0.050505050505050504,0.5052083333333334,0.5230769230769231,False,891,864,2026-08-15T17:46:43
2205,900,900_1,21f80958,2,20001,contiguous,0.1,0.09988776655443322,0.5114716106604866,0.5230769230769231,False,891,863,2026-08-15T17:46:43
2206,900,900_1,21f80958,2,20001,contiguous,0.15,0.15039281705948374,0.5184579439252337,0.5230769230769231,False,891,856,2026-08-15T17:46:43
2207,900,900_1,21f80958,2,20001,contiguous,0.2,0.19977553310886645,0.5197604790419161,0.5230769230769231,False,891,835,2026-08-15T17:46:43
2208,900,900_1,21f80958,2,20001,contiguous,0.25,0.250280583613917,0.522029702970297,0.5230769230769231,False,891,808,2026-08-15T17:46:43
2209,900,900_1,21f80958,2,20001,contiguous,0.3,0.2996632996632997,0.5287688442211055,0.5230769230769231,True,891,796,2026-08-15T17:46:43
2210,900,900_1,21f80958,2,20001,contiguous,0.4,0.3995510662177329,0.5432534678436318,0.5230769230769231,True,891,793,2026-08-15T17:46:43
2211,900,900_1,21f80958,2,20001,contiguous,0.5,0.500561167227834,0.5606060606060606,0.5230769230769231,True,891,792,2026-08-15T17:46:43
2212,900,900_1,21f80958,2,20001,scattered,0.05,0.050505050505050504,0.5019767441860465,0.5230769230769231,False,891,860,2026-08-15T17:46:43
2213,900,900_1,21f80958,2,20001,scattered,0.1,0.09988776655443322,0.5093967517401392,0.5230769230769231,False,891,862,2026-08-15T17:46:43
2214,900,900_1,21f80958,2,20001,scattered,0.15,0.15039281705948374,0.5176674364896073,0.5230769230769231,False,891,866,2026-08-15T17:46:43
2215,900,900_1,21f80958,2,20001,scattered,0.2,0.19977553310886645,0.5244803695150115,0.5230769230769231,True,891,866,2026-08-15T17:46:43
2216,900,900_1,21f80958,2,20001,scattered,0.25,0.250280583613917,0.5328341013824884,0.5230769230769231,True,891,868,2026-08-15T17:46:43
2217,900,900_1,21f80958,2,20001,scattered,0.3,0.2996632996632997,0.5361334867663982,0.5230769230769231,True,891,869,2026-08-15T17:46:43
2218,900,900_1,21f80958,2,20001,scattered,0.4,0.3995510662177329,0.5504662004662004,0.5230769230769231,True,891,858,2026-08-15T17:46:43
2219,900,900_1,21f80958,2,20001,scattered,0.5,0.500561167227834,0.5654028436018957,0.5230769230769231,True,891,844,2026-08-15T17:46:43
2220,900,900_1,21f80958,2,20002,contiguous,0.05,0.050505050505050504,0.5074074074074074,0.5230769230769231,False,891,864,2026-08-15T17:46:43
2221,900,900_1,21f80958,2,20002,contiguous,0.1,0.09988776655443322,0.5135040745052386,0.5230769230769231,False,891,859,2026-08-15T17:46:43
2222,900,900_1,21f80958,2,20002,contiguous,0.15,0.15039281705948374,0.516547619047619,0.5230769230769231,False,891,840,2026-08-15T17:46:43
2223,900,900_1,21f80958,2,20002,contiguous,0.2,0.19977553310886645,0.5174447174447174,0.5230769230769231,False,891,814,2026-08-15T17:46:43
2224,900,900_1,21f80958,2,20002,contiguous,0.25,0.250280583613917,0.5191461836998706,0.5230769230769231,False,891,773,2026-08-15T17:46:43
2225,900,900_1,21f80958,2,20002,contiguous,0.3,0.2996632996632997,0.5205405405405406,0.5230769230769231,False,891,740,2026-08-15T17:46:43
2226,900,900_1,21f80958,2,20002,contiguous,0.4,0.3995510662177329,0.5210122699386504,0.5230769230769231,False,891,652,2026-08-15T17:46:43
2227,900,900_1,21f80958,2,20002,contiguous,0.5,0.500561167227834,0.5253996447602132,0.5230769230769231,True,891,563,2026-08-15T17:46:43
2228,900,900_1,21f80958,2,20002,scattered,0.05,0.050505050505050504,0.5029620853080569,0.5230769230769231,False,891,844,2026-08-15T17:46:43
2229,900,900_1,21f80958,2,20002,scattered,0.1,0.09988776655443322,0.5010922330097087,0.5230769230769231,False,891,824,2026-08-15T17:46:43
2230,900,900_1,21f80958,2,20002,scattered,0.15,0.15039281705948374,0.5087829360100377,0.5230769230769231,False,891,797,2026-08-15T17:46:43
2231,900,900_1,21f80958,2,20002,scattered,0.2,0.19977553310886645,0.5082460732984293,0.5230769230769231,False,891,764,2026-08-15T17:46:43
2232,900,900_1,21f80958,2,20002,scattered,0.25,0.250280583613917,0.511716621253406,0.5230769230769231,False,891,734,2026-08-15T17:46:43
2233,900,900_1,21f80958,2,20002,scattered,0.3,0.2996632996632997,0.5151558073654391,0.5230769230769231,False,891,706,2026-08-15T17:46:43
2234,900,900_1,21f80958,2,20002,scattered,0.4,0.3995510662177329,0.5168730650154799,0.5230769230769231,False,891,646,2026-08-15T17:46:43
2235,900,900_1,21f80958,2,20002,scattered,0.5,0.500561167227834,0.5250865051903114,0.5230769230769231,True,891,578,2026-08-15T17:46:43
2236,900,900_1,21f80958,2,20003,contiguous,0.05,0.050505050505050504,0.5072916666666667,0.5230769230769231,False,891,864,2026-08-15T17:46:43
2237,900,900_1,21f80958,2,20003,contiguous,0.1,0.09988776655443322,0.5171494785631517,0.5230769230769231,False,891,863,2026-08-15T17:46:43
2238,900,900_1,21f80958,2,20003,contiguous,0.15,0.15039281705948374,0.5283737024221453,0.5230769230769231,True,891,867,2026-08-15T17:46:43
2239,900,900_1,21f80958,2,20003,contiguous,0.2,0.19977553310886645,0.5363636363636364,0.5230769230769231,True,891,869,2026-08-15T17:46:43
2240,900,900_1,21f80958,2,20003,contiguous,0.25,0.250280583613917,0.5467741935483871,0.5230769230769231,True,891,868,2026-08-15T17:46:43
2241,900,900_1,21f80958,2,20003,contiguous,0.3,0.2996632996632997,0.5549425287356322,0.5230769230769231,True,891,870,2026-08-15T17:46:43
2242,900,900_1,21f80958,2,20003,contiguous,0.4,0.3995510662177329,0.5708045977011494,0.5230769230769231,True,891,870,2026-08-15T17:46:43
2243,900,900_1,21f80958,2,20003,contiguous,0.5,0.500561167227834,0.5865051903114187,0.5230769230769231,True,891,867,2026-08-15T17:46:43
2244,900,900_1,21f80958,2,20003,scattered,0.05,0.050505050505050504,0.502906976744186,0.5230769230769231,False,891,860,2026-08-15T17:46:43
2245,900,900_1,21f80958,2,20003,scattered,0.1,0.09988776655443322,0.5088681446907818,0.5230769230769231,False,891,857,2026-08-15T17:46:43
2246,900,900_1,21f80958,2,20003,scattered,0.15,0.15039281705948374,0.5226480836236934,0.5230769230769231,False,891,861,2026-08-15T17:46:43
2247,900,900_1,21f80958,2,20003,scattered,0.2,0.19977553310886645,0.5274623406720742,0.5230769230769231,True,891,863,2026-08-15T17:46:43
2248,900,900_1,21f80958,2,20003,scattered,0.25,0.250280583613917,0.5359537572254335,0.5230769230769231,True,891,865,2026-08-15T17:46:43
2249,900,900_1,21f80958,2,20003,scattered,0.3,0.2996632996632997,0.5442906574394464,0.5230769230769231,True,891,867,2026-08-15T17:46:43
2250,900,900_1,21f80958,2,20003,scattered,0.4,0.3995510662177329,0.559186046511628,0.5230769230769231,True,891,860,2026-08-15T17:46:43
2251,900,900_1,21f80958,2,20003,scattered,0.5,0.500561167227834,0.5771662763466042,0.5230769230769231,True,891,854,2026-08-15T17:46:43
2252,900,900_1,21f80958,2,20004,contiguous,0.05,0.050505050505050504,0.5031063321385902,0.5230769230769231,False,891,837,2026-08-15T17:46:43
2253,900,900_1,21f80958,2,20004,contiguous,0.1,0.09988776655443322,0.507673568818514,0.5230769230769231,False,891,821,2026-08-15T17:46:43
2254,900,900_1,21f80958,2,20004,contiguous,0.15,0.15039281705948374,0.515347137637028,0.5230769230769231,False,891,821,2026-08-15T17:46:43
2255,900,900_1,21f80958,2,20004,contiguous,0.2,0.19977553310886645,0.5256658595641647,0.5230769230769231,True,891,826,2026-08-15T17:46:43
2256,900,900_1,21f80958,2,20004,contiguous,0.25,0.250280583613917,0.529625,0.5230769230769231,True,891,800,2026-08-15T17:46:43
2257,900,900_1,21f80958,2,20004,contiguous,0.3,0.2996632996632997,0.5320730117340287,0.5230769230769231,True,891,767,2026-08-15T17:46:43
2258,900,900_1,21f80958,2,20004,contiguous,0.4,0.3995510662177329,0.5432065217391304,0.5230769230769231,True,891,736,2026-08-15T17:46:43
2259,900,900_1,21f80958,2,20004,contiguous,0.5,0.500561167227834,0.5541176470588235,0.5230769230769231,True,891,680,2026-08-15T17:46:43
2260,900,900_1,21f80958,2,20004,scattered,0.05,0.050505050505050504,0.5032558139534884,0.5230769230769231,False,891,860,2026-08-15T17:46:43
2261,900,900_1,21f80958,2,20004,scattered,0.1,0.09988776655443322,0.5097447795823666,0.5230769230769231,False,891,862,2026-08-15T17:46:43
2262,900,900_1,21f80958,2,20004,scattered,0.15,0.15039281705948374,0.5205098493626883,0.5230769230769231,False,891,863,2026-08-15T17:46:43
2263,900,900_1,21f80958,2,20004,scattered,0.2,0.19977553310886645,0.5282229965156794,0.5230769230769231,True,891,861,2026-08-15T17:46:43
2264,900,900_1,21f80958,2,20004,scattered,0.25,0.250280583613917,0.5311111111111111,0.5230769230769231,True,891,855,2026-08-15T17:46:43
2265,900,900_1,21f80958,2,20004,scattered,0.3,0.2996632996632997,0.5383529411764706,0.5230769230769231,True,891,850,2026-08-15T17:46:43
2266,900,900_1,21f80958,2,20004,scattered,0.4,0.3995510662177329,0.5512135922330097,0.5230769230769231,True,891,824,2026-08-15T17:46:43
2267,900,900_1,21f80958,2,20004,scattered,0.5,0.500561167227834,0.5610608020698576,0.5230769230769231,True,891,773,2026-08-15T17:46:43
2268,900,900_1,7ae45fec,3,-1,none,0.0,0.0,0.4941860465116279,0.5251655629139073,False,891,860,2026-08-15T17:46:43
2269,900,900_1,7ae45fec,3,20000,contiguous,0.05,0.050505050505050504,0.5038194444444445,0.5251655629139073,False,891,864,2026-08-15T17:46:43
2270,900,900_1,7ae45fec,3,20000,contiguous,0.1,0.09988776655443322,0.5103009259259259,0.5251655629139073,False,891,864,2026-08-15T17:46:43
2271,900,900_1,7ae45fec,3,20000,contiguous,0.15,0.15039281705948374,0.5200460829493088,0.5251655629139073,False,891,868,2026-08-15T17:46:43
2272,900,900_1,7ae45fec,3,20000,contiguous,0.2,0.19977553310886645,0.5289805269186713,0.5251655629139073,True,891,873,2026-08-15T17:46:43
2273,900,900_1,7ae45fec,3,20000,contiguous,0.25,0.250280583613917,0.5432989690721649,0.5251655629139073,True,891,873,2026-08-15T17:46:43
2274,900,900_1,7ae45fec,3,20000,contiguous,0.3,0.2996632996632997,0.5490846681922197,0.5251655629139073,True,891,874,2026-08-15T17:46:43
2275,900,900_1,7ae45fec,3,20000,contiguous,0.4,0.3995510662177329,0.5676267281105991,0.5251655629139073,True,891,868,2026-08-15T17:46:43
2276,900,900_1,7ae45fec,3,20000,contiguous,0.5,0.500561167227834,0.5750293083235639,0.5251655629139073,True,891,853,2026-08-15T17:46:43
2277,900,900_1,7ae45fec,3,20000,scattered,0.05,0.050505050505050504,0.5009302325581395,0.5251655629139073,False,891,860,2026-08-15T17:46:43
2278,900,900_1,7ae45fec,3,20000,scattered,0.1,0.09988776655443322,0.5081206496519721,0.5251655629139073,False,891,862,2026-08-15T17:46:43
2279,900,900_1,7ae45fec,3,20000,scattered,0.15,0.15039281705948374,0.5138568129330254,0.5251655629139073,False,891,866,2026-08-15T17:46:43
2280,900,900_1,7ae45fec,3,20000,scattered,0.2,0.19977553310886645,0.5225173210161663,0.5251655629139073,False,891,866,2026-08-15T17:46:43
2281,900,900_1,7ae45fec,3,20000,scattered,0.25,0.250280583613917,0.5306098964326812,0.5251655629139073,True,891,869,2026-08-15T17:46:43
2282,900,900_1,7ae45fec,3,20000,scattered,0.3,0.2996632996632997,0.5391752577319587,0.5251655629139073,True,891,873,2026-08-15T17:46:43
2283,900,900_1,7ae45fec,3,20000,scattered,0.4,0.3995510662177329,0.5529276693455798,0.5251655629139073,True,891,871,2026-08-15T17:46:43
2284,900,900_1,7ae45fec,3,20000,scattered,0.5,0.500561167227834,0.5725490196078431,0.5251655629139073,True,891,867,2026-08-15T17:46:43
2285,900,900_1,7ae45fec,3,20001,contiguous,0.05,0.050505050505050504,0.5040509259259259,0.5251655629139073,False,891,864,2026-08-15T17:46:43
2286,900,900_1,7ae45fec,3,20001,contiguous,0.1,0.09988776655443322,0.5112268518518519,0.5251655629139073,False,891,864,2026-08-15T17:46:43
2287,900,900_1,7ae45fec,3,20001,contiguous,0.15,0.15039281705948374,0.5223502304147466,0.5251655629139073,False,891,868,2026-08-15T17:46:43
2288,900,900_1,7ae45fec,3,20001,contiguous,0.2,0.19977553310886645,0.5295871559633027,0.5251655629139073,True,891,872,2026-08-15T17:46:43
2289,900,900_1,7ae45fec,3,20001,contiguous,0.25,0.250280583613917,0.5402985074626866,0.5251655629139073,True,891,871,2026-08-15T17:46:43
2290,900,900_1,7ae45fec,3,20001,contiguous,0.3,0.2996632996632997,0.5502870264064293,0.5251655629139073,True,891,871,2026-08-15T17:46:43
2291,900,900_1,7ae45fec,3,20001,contiguous,0.4,0.3995510662177329,0.5662068965517242,0.5251655629139073,True,891,870,2026-08-15T17:46:43
2292,900,900_1,7ae45fec,3,20001,contiguous,0.5,0.500561167227834,0.5801377726750861,0.5251655629139073,True,891,871,2026-08-15T17:46:43
2293,900,900_1,7ae45fec,3,20001,scattered,0.05,0.050505050505050504,0.4983720930232558,0.5251655629139073,False,891,860,2026-08-15T17:46:43
2294,900,900_1,7ae45fec,3,20001,scattered,0.1,0.09988776655443322,0.5051103368176539,0.5251655629139073,False,891,861,2026-08-15T17:46:43
2295,900,900_1,7ae45fec,3,20001,scattered,0.15,0.15039281705948374,0.5110465116279069,0.5251655629139073,False,891,860,2026-08-15T17:46:43
2296,900,900_1,7ae45fec,3,20001,scattered,0.2,0.19977553310886645,0.5179814385150812,0.5251655629139073,False,891,862,2026-08-15T17:46:43
2297,900,900_1,7ae45fec,3,20001,scattered,0.25,0.250280583613917,0.5225581395348837,0.5251655629139073,False,891,860,2026-08-15T17:46:43
2298,900,900_1,7ae45fec,3,20001,scattered,0.3,0.2996632996632997,0.5298245614035088,0.5251655629139073,True,891,855,2026-08-15T17:46:43
2299,900,900_1,7ae45fec,3,20001,scattered,0.4,0.3995510662177329,0.5441666666666667,0.5251655629139073,True,891,840,2026-08-15T17:46:43
2300,900,900_1,7ae45fec,3,20001,scattered,0.5,0.500561167227834,0.5592057761732852,0.5251655629139073,True,891,831,2026-08-15T17:46:43
2301,900,900_1,7ae45fec,3,20002,contiguous,0.05,0.050505050505050504,0.50023282887078,0.5251655629139073,False,891,859,2026-08-15T17:46:43
2302,900,900_1,7ae45fec,3,20002,contiguous,0.1,0.09988776655443322,0.5003676470588235,0.5251655629139073,False,891,816,2026-08-15T17:46:43
2303,900,900_1,7ae45fec,3,20002,contiguous,0.15,0.15039281705948374,0.5020645161290322,0.5251655629139073,False,891,775,2026-08-15T17:46:43
2304,900,900_1,7ae45fec,3,20002,contiguous,0.2,0.19977553310886645,0.5027173913043478,0.5251655629139073,False,891,736,2026-08-15T17:46:43
2305,900,900_1,7ae45fec,3,20002,contiguous,0.25,0.250280583613917,0.5072358900144718,0.5251655629139073,False,891,691,2026-08-15T17:46:43
2306,900,900_1,7ae45fec,3,20002,contiguous,0.3,0.2996632996632997,0.5064714946070878,0.5251655629139073,False,891,649,2026-08-15T17:46:43
2307,900,900_1,7ae45fec,3,20002,contiguous,0.4,0.3995510662177329,0.5083778966131908,0.5251655629139073,False,891,561,2026-08-15T17:46:43
2308,900,900_1,7ae45fec,3,20002,contiguous,0.5,0.500561167227834,0.5125,0.5251655629139073,False,891,472,2026-08-15T17:46:43
2309,900,900_1,7ae45fec,3,20002,scattered,0.05,0.050505050505050504,0.4937129300118624,0.5251655629139073,False,891,843,2026-08-15T17:46:43
2310,900,900_1,7ae45fec,3,20002,scattered,0.1,0.09988776655443322,0.4967940813810111,0.5251655629139073,False,891,811,2026-08-15T17:46:43
2311,900,900_1,7ae45fec,3,20002,scattered,0.15,0.15039281705948374,0.49883570504527813,0.5251655629139073,False,891,773,2026-08-15T17:46:43
2312,900,900_1,7ae45fec,3,20002,scattered,0.2,0.19977553310886645,0.4989174560216509,0.5251655629139073,False,891,739,2026-08-15T17:46:43
2313,900,900_1,7ae45fec,3,20002,scattered,0.25,0.250280583613917,0.49857954545454547,0.5251655629139073,False,891,704,2026-08-15T17:46:43
2314,900,900_1,7ae45fec,3,20002,scattered,0.3,0.2996632996632997,0.504,0.5251655629139073,False,891,675,2026-08-15T17:46:43
2315,900,900_1,7ae45fec,3,20002,scattered,0.4,0.3995510662177329,0.5077814569536424,0.5251655629139073,False,891,604,2026-08-15T17:46:43
2316,900,900_1,7ae45fec,3,20002,scattered,0.5,0.500561167227834,0.5152830188679245,0.5251655629139073,False,891,530,2026-08-15T17:46:43
2317,900,900_1,7ae45fec,3,20003,contiguous,0.05,0.050505050505050504,0.5024305555555556,0.5251655629139073,False,891,864,2026-08-15T17:46:43
2318,900,900_1,7ae45fec,3,20003,contiguous,0.1,0.09988776655443322,0.5090277777777777,0.5251655629139073,False,891,864,2026-08-15T17:46:43
2319,900,900_1,7ae45fec,3,20003,contiguous,0.15,0.15039281705948374,0.5183179723502304,0.5251655629139073,False,891,868,2026-08-15T17:46:43
2320,900,900_1,7ae45fec,3,20003,contiguous,0.2,0.19977553310886645,0.5270332187857961,0.5251655629139073,True,891,873,2026-08-15T17:46:43
2321,900,900_1,7ae45fec,3,20003,contiguous,0.25,0.250280583613917,0.5405498281786941,0.5251655629139073,True,891,873,2026-08-15T17:46:43
2322,900,900_1,7ae45fec,3,20003,contiguous,0.3,0.2996632996632997,0.55,0.5251655629139073,True,891,874,2026-08-15T17:46:43
2323,900,900_1,7ae45fec,3,20003,contiguous,0.4,0.3995510662177329,0.5655926352128884,0.5251655629139073,True,891,869,2026-08-15T17:46:43
2324,900,900_1,7ae45fec,3,20003,contiguous,0.5,0.500561167227834,0.5847126436781609,0.5251655629139073,True,891,870,2026-08-15T17:46:43
2325,900,900_1,7ae45fec,3,20003,scattered,0.05,0.050505050505050504,0.4990697674418605,0.5251655629139073,False,891,860,2026-08-15T17:46:43
2326,900,900_1,7ae45fec,3,20003,scattered,0.1,0.09988776655443322,0.5104529616724739,0.5251655629139073,False,891,861,2026-08-15T17:46:43
2327,900,900_1,7ae45fec,3,20003,scattered,0.15,0.15039281705948374,0.5197687861271676,0.5251655629139073,False,891,865,2026-08-15T17:46:43
2328,900,900_1,7ae45fec,3,20003,scattered,0.2,0.19977553310886645,0.5230590961761298,0.5251655629139073,False,891,863,2026-08-15T17:46:43
2329,900,900_1,7ae45fec,3,20003,scattered,0.25,0.250280583613917,0.5337182448036951,0.5251655629139073,True,891,866,2026-08-15T17:46:43
2330,900,900_1,7ae45fec,3,20003,scattered,0.3,0.2996632996632997,0.5418390804597701,0.5251655629139073,True,891,870,2026-08-15T17:46:43
2331,900,900_1,7ae45fec,3,20003,scattered,0.4,0.3995510662177329,0.5572748267898383,0.5251655629139073,True,891,866,2026-08-15T17:46:43
2332,900,900_1,7ae45fec,3,20003,scattered,0.5,0.500561167227834,0.5732558139534883,0.5251655629139073,True,891,860,2026-08-15T17:46:43
2333,900,900_1,7ae45fec,3,20004,contiguous,0.05,0.050505050505050504,0.5027777777777778,0.5251655629139073,False,891,864,2026-08-15T17:46:43
2334,900,900_1,7ae45fec,3,20004,contiguous,0.1,0.09988776655443322,0.5114583333333333,0.5251655629139073,False,891,864,2026-08-15T17:46:43
2335,900,900_1,7ae45fec,3,20004,contiguous,0.15,0.15039281705948374,0.5215437788018433,0.5251655629139073,False,891,868,2026-08-15T17:46:43
2336,900,900_1,7ae45fec,3,20004,contiguous,0.2,0.19977553310886645,0.5284077892325315,0.5251655629139073,True,891,873,2026-08-15T17:46:43
2337,900,900_1,7ae45fec,3,20004,contiguous,0.25,0.250280583613917,0.538594470046083,0.5251655629139073,True,891,868,2026-08-15T17:46:43
2338,900,900_1,7ae45fec,3,20004,contiguous,0.3,0.2996632996632997,0.5406139315230224,0.5251655629139073,True,891,847,2026-08-15T17:46:43
2339,900,900_1,7ae45fec,3,20004,contiguous,0.4,0.3995510662177329,0.5576331360946746,0.5251655629139073,True,891,845,2026-08-15T17:46:43
2340,900,900_1,7ae45fec,3,20004,contiguous,0.5,0.500561167227834,0.5719277108433735,0.5251655629139073,True,891,830,2026-08-15T17:46:43
2341,900,900_1,7ae45fec,3,20004,scattered,0.05,0.050505050505050504,0.49616279069767444,0.5251655629139073,False,891,860,2026-08-15T17:46:43
2342,900,900_1,7ae45fec,3,20004,scattered,0.1,0.09988776655443322,0.5023228803716608,0.5251655629139073,False,891,861,2026-08-15T17:46:43
2343,900,900_1,7ae45fec,3,20004,scattered,0.15,0.15039281705948374,0.5130484988452656,0.5251655629139073,False,891,866,2026-08-15T17:46:43
2344,900,900_1,7ae45fec,3,20004,scattered,0.2,0.19977553310886645,0.5200923787528868,0.5251655629139073,False,891,866,2026-08-15T17:46:43
2345,900,900_1,7ae45fec,3,20004,scattered,0.25,0.250280583613917,0.5264434180138569,0.5251655629139073,True,891,866,2026-08-15T17:46:43
2346,900,900_1,7ae45fec,3,20004,scattered,0.3,0.2996632996632997,0.534367816091954,0.5251655629139073,True,891,870,2026-08-15T17:46:43
2347,900,900_1,7ae45fec,3,20004,scattered,0.4,0.3995510662177329,0.5498261877172653,0.5251655629139073,True,891,863,2026-08-15T17:46:43
2348,900,900_1,7ae45fec,3,20004,scattered,0.5,0.500561167227834,0.5652680652680653,0.5251655629139073,True,891,858,2026-08-15T17:46:43
2349,900,900_1,d9b174c2,4,-1,none,0.0,0.0,0.5009302325581395,0.5393333333333333,False,891,860,2026-08-15T17:46:43
2350,900,900_1,d9b174c2,4,20000,contiguous,0.05,0.050505050505050504,0.5052083333333334,0.5393333333333333,False,891,864,2026-08-15T17:46:43
2351,900,900_1,d9b174c2,4,20000,contiguous,0.1,0.09988776655443322,0.515162037037037,0.5393333333333333,False,891,864,2026-08-15T17:46:43
2352,900,900_1,d9b174c2,4,20000,contiguous,0.15,0.15039281705948374,0.5227745664739885,0.5393333333333333,False,891,865,2026-08-15T17:46:43
2353,900,900_1,d9b174c2,4,20000,contiguous,0.2,0.19977553310886645,0.5337931034482759,0.5393333333333333,False,891,870,2026-08-15T17:46:43
2354,900,900_1,d9b174c2,4,20000,contiguous,0.25,0.250280583613917,0.5386836027713626,0.5393333333333333,False,891,866,2026-08-15T17:46:43
2355,900,900_1,d9b174c2,4,20000,contiguous,0.3,0.2996632996632997,0.5466589861751152,0.5393333333333333,True,891,868,2026-08-15T17:46:43
2356,900,900_1,d9b174c2,4,20000,contiguous,0.4,0.3995510662177329,0.5610404624277456,0.5393333333333333,True,891,865,2026-08-15T17:46:43
2357,900,900_1,d9b174c2,4,20000,contiguous,0.5,0.500561167227834,0.5733490566037736,0.5393333333333333,True,891,848,2026-08-15T17:46:43
2358,900,900_1,d9b174c2,4,20000,scattered,0.05,0.050505050505050504,0.5051162790697674,0.5393333333333333,False,891,860,2026-08-15T17:46:43
2359,900,900_1,d9b174c2,4,20000,scattered,0.1,0.09988776655443322,0.5109048723897912,0.5393333333333333,False,891,862,2026-08-15T17:46:43
2360,900,900_1,d9b174c2,4,20000,scattered,0.15,0.15039281705948374,0.517824074074074,0.5393333333333333,False,891,864,2026-08-15T17:46:43
2361,900,900_1,d9b174c2,4,20000,scattered,0.2,0.19977553310886645,0.5259815242494227,0.5393333333333333,False,891,866,2026-08-15T17:46:43
2362,900,900_1,d9b174c2,4,20000,scattered,0.25,0.250280583613917,0.532641291810842,0.5393333333333333,False,891,867,2026-08-15T17:46:43
2363,900,900_1,d9b174c2,4,20000,scattered,0.3,0.2996632996632997,0.5405281285878301,0.5393333333333333,True,891,871,2026-08-15T17:46:43
2364,900,900_1,d9b174c2,4,20000,scattered,0.4,0.3995510662177329,0.5579676674364896,0.5393333333333333,True,891,866,2026-08-15T17:46:43
2365,900,900_1,d9b174c2,4,20000,scattered,0.5,0.500561167227834,0.5740697674418604,0.5393333333333333,True,891,860,2026-08-15T17:46:43
2366,900,900_1,d9b174c2,4,20001,contiguous,0.05,0.050505050505050504,0.5065972222222223,0.5393333333333333,False,891,864,2026-08-15T17:46:43
2367,900,900_1,d9b174c2,4,20001,contiguous,0.1,0.09988776655443322,0.5158564814814814,0.5393333333333333,False,891,864,2026-08-15T17:46:43
2368,900,900_1,d9b174c2,4,20001,contiguous,0.15,0.15039281705948374,0.5241898148148149,0.5393333333333333,False,891,864,2026-08-15T17:46:43
2369,900,900_1,d9b174c2,4,20001,contiguous,0.2,0.19977553310886645,0.5336018411967779,0.5393333333333333,False,891,869,2026-08-15T17:46:43
2370,900,900_1,d9b174c2,4,20001,contiguous,0.25,0.250280583613917,0.5413118527042577,0.5393333333333333,True,891,869,2026-08-15T17:46:43
2371,900,900_1,d9b174c2,4,20001,contiguous,0.3,0.2996632996632997,0.5497695852534562,0.5393333333333333,True,891,868,2026-08-15T17:46:43
2372,900,900_1,d9b174c2,4,20001,contiguous,0.4,0.3995510662177329,0.5645905420991926,0.5393333333333333,True,891,867,2026-08-15T17:46:43
2373,900,900_1,d9b174c2,4,20001,contiguous,0.5,0.500561167227834,0.5697080291970803,0.5393333333333333,True,891,822,2026-08-15T17:46:43
2374,900,900_1,d9b174c2,4,20001,scattered,0.05,0.050505050505050504,0.5072176949941792,0.5393333333333333,False,891,859,2026-08-15T17:46:43
2375,900,900_1,d9b174c2,4,20001,scattered,0.1,0.09988776655443322,0.510801393728223,0.5393333333333333,False,891,861,2026-08-15T17:46:43
2376,900,900_1,d9b174c2,4,20001,scattered,0.15,0.15039281705948374,0.5196759259259259,0.5393333333333333,False,891,864,2026-08-15T17:46:43
2377,900,900_1,d9b174c2,4,20001,scattered,0.2,0.19977553310886645,0.5243589743589744,0.5393333333333333,False,891,858,2026-08-15T17:46:43
2378,900,900_1,d9b174c2,4,20001,scattered,0.25,0.250280583613917,0.5315911730545877,0.5393333333333333,False,891,861,2026-08-15T17:46:43
2379,900,900_1,d9b174c2,4,20001,scattered,0.3,0.2996632996632997,0.5369942196531792,0.5393333333333333,False,891,865,2026-08-15T17:46:43
2380,900,900_1,d9b174c2,4,20001,scattered,0.4,0.3995510662177329,0.5477351916376306,0.5393333333333333,True,891,861,2026-08-15T17:46:43
2381,900,900_1,d9b174c2,4,20001,scattered,0.5,0.500561167227834,0.564018691588785,0.5393333333333333,True,891,856,2026-08-15T17:46:43
2382,900,900_1,d9b174c2,4,20002,contiguous,0.05,0.050505050505050504,0.5053302433371958,0.5393333333333333,False,891,863,2026-08-15T17:46:43
2383,900,900_1,d9b174c2,4,20002,contiguous,0.1,0.09988776655443322,0.5151796060254925,0.5393333333333333,False,891,863,2026-08-15T17:46:43
2384,900,900_1,d9b174c2,4,20002,contiguous,0.15,0.15039281705948374,0.5242214532871973,0.5393333333333333,False,891,867,2026-08-15T17:46:43
2385,900,900_1,d9b174c2,4,20002,contiguous,0.2,0.19977553310886645,0.5323394495412844,0.5393333333333333,False,891,872,2026-08-15T17:46:43
2386,900,900_1,d9b174c2,4,20002,contiguous,0.25,0.250280583613917,0.5430045871559633,0.5393333333333333,True,891,872,2026-08-15T17:46:43
2387,900,900_1,d9b174c2,4,20002,contiguous,0.3,0.2996632996632997,0.5506864988558352,0.5393333333333333,True,891,874,2026-08-15T17:46:43
2388,900,900_1,d9b174c2,4,20002,contiguous,0.4,0.3995510662177329,0.5666666666666667,0.5393333333333333,True,891,873,2026-08-15T17:46:43
2389,900,900_1,d9b174c2,4,20002,contiguous,0.5,0.500561167227834,0.5780068728522336,0.5393333333333333,True,891,873,2026-08-15T17:46:43
2390,900,900_1,d9b174c2,4,20002,scattered,0.05,0.050505050505050504,0.5044186046511628,0.5393333333333333,False,891,860,2026-08-15T17:46:43
2391,900,900_1,d9b174c2,4,20002,scattered,0.1,0.09988776655443322,0.5087006960556845,0.5393333333333333,False,891,862,2026-08-15T17:46:43
2392,900,900_1,d9b174c2,4,20002,scattered,0.15,0.15039281705948374,0.5195601851851852,0.5393333333333333,False,891,864,2026-08-15T17:46:43
2393,900,900_1,d9b174c2,4,20002,scattered,0.2,0.19977553310886645,0.5280558789289872,0.5393333333333333,False,891,859,2026-08-15T17:46:43
2394,900,900_1,d9b174c2,4,20002,scattered,0.25,0.250280583613917,0.5350348027842228,0.5393333333333333,False,891,862,2026-08-15T17:46:43
2395,900,900_1,d9b174c2,4,20002,scattered,0.3,0.2996632996632997,0.5448036951501155,0.5393333333333333,True,891,866,2026-08-15T17:46:43
2396,900,900_1,d9b174c2,4,20002,scattered,0.4,0.3995510662177329,0.5602312138728324,0.5393333333333333,True,891,865,2026-08-15T17:46:43
2397,900,900_1,d9b174c2,4,20002,scattered,0.5,0.500561167227834,0.5768507638072855,0.5393333333333333,True,891,851,2026-08-15T17:46:43
2398,900,900_1,d9b174c2,4,20003,contiguous,0.05,0.050505050505050504,0.5049768518518518,0.5393333333333333,False,891,864,2026-08-15T17:46:43
2399,900,900_1,d9b174c2,4,20003,contiguous,0.1,0.09988776655443322,0.5127610208816705,0.5393333333333333,False,891,862,2026-08-15T17:46:43
2400,900,900_1,d9b174c2,4,20003,contiguous,0.15,0.15039281705948374,0.5197916666666667,0.5393333333333333,False,891,864,2026-08-15T17:46:43
2401,900,900_1,d9b174c2,4,20003,contiguous,0.2,0.19977553310886645,0.5282583621683967,0.5393333333333333,False,891,867,2026-08-15T17:46:43
2402,900,900_1,d9b174c2,4,20003,contiguous,0.25,0.250280583613917,0.5349884526558891,0.5393333333333333,False,891,866,2026-08-15T17:46:43
2403,900,900_1,d9b174c2,4,20003,contiguous,0.3,0.2996632996632997,0.5422632794457275,0.5393333333333333,True,891,866,2026-08-15T17:46:43
2404,900,900_1,d9b174c2,4,20003,contiguous,0.4,0.3995510662177329,0.5525087514585765,0.5393333333333333,True,891,857,2026-08-15T17:46:43
2405,900,900_1,d9b174c2,4,20003,contiguous,0.5,0.500561167227834,0.5615925058548009,0.5393333333333333,True,891,854,2026-08-15T17:46:43
2406,900,900_1,d9b174c2,4,20003,scattered,0.05,0.050505050505050504,0.501860465116279,0.5393333333333333,False,891,860,2026-08-15T17:46:43
2407,900,900_1,d9b174c2,4,20003,scattered,0.1,0.09988776655443322,0.5091860465116279,0.5393333333333333,False,891,860,2026-08-15T17:46:43
2408,900,900_1,d9b174c2,4,20003,scattered,0.15,0.15039281705948374,0.5174768518518519,0.5393333333333333,False,891,864,2026-08-15T17:46:43
2409,900,900_1,d9b174c2,4,20003,scattered,0.2,0.19977553310886645,0.5199074074074074,0.5393333333333333,False,891,864,2026-08-15T17:46:43
2410,900,900_1,d9b174c2,4,20003,scattered,0.25,0.250280583613917,0.5278099652375434,0.5393333333333333,False,891,863,2026-08-15T17:46:43
2411,900,900_1,d9b174c2,4,20003,scattered,0.3,0.2996632996632997,0.5329873125720876,0.5393333333333333,False,891,867,2026-08-15T17:46:43
2412,900,900_1,d9b174c2,4,20003,scattered,0.4,0.3995510662177329,0.5448435689455389,0.5393333333333333,True,891,863,2026-08-15T17:46:43
2413,900,900_1,d9b174c2,4,20003,scattered,0.5,0.500561167227834,0.5633294528521536,0.5393333333333333,True,891,859,2026-08-15T17:46:43
2414,900,900_1,d9b174c2,4,20004,contiguous,0.05,0.050505050505050504,0.5,0.5393333333333333,False,891,846,2026-08-15T17:46:43
2415,900,900_1,d9b174c2,4,20004,contiguous,0.1,0.09988776655443322,0.5019950124688279,0.5393333333333333,False,891,802,2026-08-15T17:46:43
2416,900,900_1,d9b174c2,4,20004,contiguous,0.15,0.15039281705948374,0.502233902759527,0.5393333333333333,False,891,761,2026-08-15T17:46:43
2417,900,900_1,d9b174c2,4,20004,contiguous,0.2,0.19977553310886645,0.5042936288088643,0.5393333333333333,False,891,722,2026-08-15T17:46:43
2418,900,900_1,d9b174c2,4,20004,contiguous,0.25,0.250280583613917,0.5050221565731167,0.5393333333333333,False,891,677,2026-08-15T17:46:43
2419,900,900_1,d9b174c2,4,20004,contiguous,0.3,0.2996632996632997,0.5059842519685039,0.5393333333333333,False,891,635,2026-08-15T17:46:43
2420,900,900_1,d9b174c2,4,20004,contiguous,0.4,0.3995510662177329,0.5077757685352622,0.5393333333333333,False,891,553,2026-08-15T17:46:43
2421,900,900_1,d9b174c2,4,20004,contiguous,0.5,0.500561167227834,0.5043103448275862,0.5393333333333333,False,891,464,2026-08-15T17:46:43
2422,900,900_1,d9b174c2,4,20004,scattered,0.05,0.050505050505050504,0.5033838973162194,0.5393333333333333,False,891,857,2026-08-15T17:46:43
2423,900,900_1,d9b174c2,4,20004,scattered,0.1,0.09988776655443322,0.5088862559241706,0.5393333333333333,False,891,844,2026-08-15T17:46:43
2424,900,900_1,d9b174c2,4,20004,scattered,0.15,0.15039281705948374,0.5112980769230769,0.5393333333333333,False,891,832,2026-08-15T17:46:43
2425,900,900_1,d9b174c2,4,20004,scattered,0.2,0.19977553310886645,0.5179361179361179,0.5393333333333333,False,891,814,2026-08-15T17:46:43
2426,900,900_1,d9b174c2,4,20004,scattered,0.25,0.250280583613917,0.5248737373737373,0.5393333333333333,False,891,792,2026-08-15T17:46:43
2427,900,900_1,d9b174c2,4,20004,scattered,0.3,0.2996632996632997,0.5305699481865285,0.5393333333333333,False,891,772,2026-08-15T17:46:43
2428,900,900_1,d9b174c2,4,20004,scattered,0.4,0.3995510662177329,0.5374309392265193,0.5393333333333333,False,891,724,2026-08-15T17:46:43
2429,900,900_1,d9b174c2,4,20004,scattered,0.5,0.500561167227834,0.5576296296296296,0.5393333333333333,True,891,675,2026-08-15T17:46:43
