experiment_id,axis,condition,nominal_fraction,sample_id,work_id,seed,key_id,language,n_tokens,n_chars,ai_generated_tokens,ai_generated_fraction,retained_human_fraction,detector_score,threshold,detected,n_scored_positions,semantic_sim_vs_original,edit_distance_vs_original,timestamp
0,baseline,human,0.0,1342_0,1342,12345,075c5cf8,en,256,1167,0,0.0,1.0,0.4710843373493976,0.5278688524590164,False,249,1.0,0,2026-08-15T16:28:55
1,fraction_geometry,contiguous,0.02,1342_0,1342,12345,075c5cf8,en,256,1169,5,0.01953125,0.98046875,0.4756,0.5278688524590164,False,250,0.9999726338941445,5,2026-08-15T16:28:55
2,fraction_geometry,contiguous,0.05,1342_0,1342,12345,075c5cf8,en,256,1149,13,0.05078125,0.94921875,0.4844,0.5278688524590164,False,250,0.9999632037906683,13,2026-08-15T16:28:55
3,fraction_geometry,contiguous,0.1,1342_0,1342,12345,075c5cf8,en,256,1161,26,0.1015625,0.8984375,0.4948,0.5278688524590164,False,250,0.9999401270677285,26,2026-08-15T16:28:55
4,fraction_geometry,contiguous,0.15,1342_0,1342,12345,075c5cf8,en,256,1163,38,0.1484375,0.8515625,0.5048,0.5278688524590164,False,250,0.9998944924381824,38,2026-08-15T16:28:55
5,fraction_geometry,contiguous,0.2,1342_0,1342,12345,075c5cf8,en,256,1146,51,0.19921875,0.80078125,0.508,0.5278688524590164,False,250,0.9998467074485181,50,2026-08-15T16:28:55
6,fraction_geometry,contiguous,0.25,1342_0,1342,12345,075c5cf8,en,256,1142,64,0.25,0.75,0.5196,0.5278688524590164,False,250,0.9998012341027666,63,2026-08-15T16:28:55
7,fraction_geometry,contiguous,0.3,1342_0,1342,12345,075c5cf8,en,256,1123,77,0.30078125,0.69921875,0.526,0.5278688524590164,False,250,0.9997778931135719,75,2026-08-15T16:28:55
8,fraction_geometry,contiguous,0.5,1342_0,1342,12345,075c5cf8,en,256,1088,128,0.5,0.5,0.5549800796812749,0.5278688524590164,True,251,0.9997016264000501,125,2026-08-15T16:28:55
9,fraction_geometry,contiguous,0.75,1342_0,1342,12345,075c5cf8,en,256,1093,192,0.75,0.25,0.5987394957983193,0.5278688524590164,True,238,0.999256189621149,186,2026-08-15T16:28:55
10,fraction_geometry,contiguous,1.0,1342_0,1342,12345,075c5cf8,en,256,1052,256,1.0,0.0,0.6592436974789916,0.5278688524590164,True,238,0.9987936048331493,247,2026-08-15T16:28:55
11,fraction_geometry,scattered,0.02,1342_0,1342,12345,075c5cf8,en,256,1175,5,0.01953125,0.98046875,0.4734939759036145,0.5278688524590164,False,249,0.9999685739763363,5,2026-08-15T16:28:55
12,fraction_geometry,scattered,0.05,1342_0,1342,12345,075c5cf8,en,256,1176,13,0.05078125,0.94921875,0.47630522088353416,0.5278688524590164,False,249,0.9999325644158025,13,2026-08-15T16:28:55
13,fraction_geometry,scattered,0.1,1342_0,1342,12345,075c5cf8,en,256,1192,26,0.1015625,0.8984375,0.4771084337349398,0.5278688524590164,False,249,0.9996287282620714,25,2026-08-15T16:28:55
14,fraction_geometry,scattered,0.15,1342_0,1342,12345,075c5cf8,en,256,1204,38,0.1484375,0.8515625,0.4911646586345382,0.5278688524590164,False,249,0.9998919758483604,37,2026-08-15T16:28:55
15,fraction_geometry,scattered,0.2,1342_0,1342,12345,075c5cf8,en,256,1182,51,0.19921875,0.80078125,0.4967871485943775,0.5278688524590164,False,249,0.9998488569407242,50,2026-08-15T16:28:55
16,fraction_geometry,scattered,0.25,1342_0,1342,12345,075c5cf8,en,256,1184,64,0.25,0.75,0.5112,0.5278688524590164,False,250,0.9998337716249598,62,2026-08-15T16:28:55
17,fraction_geometry,scattered,0.3,1342_0,1342,12345,075c5cf8,en,256,1189,77,0.30078125,0.69921875,0.5272,0.5278688524590164,False,250,0.9997214876617766,75,2026-08-15T16:28:55
18,fraction_geometry,scattered,0.5,1342_0,1342,12345,075c5cf8,en,256,1175,128,0.5,0.5,0.5516,0.5278688524590164,True,250,0.999663930628557,124,2026-08-15T16:28:55
19,fraction_geometry,scattered,0.75,1342_0,1342,12345,075c5cf8,en,256,1131,192,0.75,0.25,0.6048192771084338,0.5278688524590164,True,249,0.9993750528620043,187,2026-08-15T16:28:55
20,fraction_geometry,scattered,1.0,1342_0,1342,12345,075c5cf8,en,256,1059,255,0.99609375,0.00390625,0.66125,0.5278688524590164,True,240,0.9987968225231506,247,2026-08-15T16:28:55
21,fraction_geometry,sentence,0.02,1342_0,1342,12345,075c5cf8,en,256,1172,6,0.0234375,0.9765625,0.47309236947791167,0.5278688524590164,False,249,0.9996047557890775,6,2026-08-15T16:28:55
22,fraction_geometry,sentence,0.05,1342_0,1342,12345,075c5cf8,en,256,1141,38,0.1484375,0.8515625,0.5047808764940239,0.5278688524590164,False,251,0.9995875888983368,37,2026-08-15T16:28:55
23,fraction_geometry,sentence,0.1,1342_0,1342,12345,075c5cf8,en,256,1141,38,0.1484375,0.8515625,0.5047808764940239,0.5278688524590164,False,251,0.9995875888983368,37,2026-08-15T16:28:55
24,fraction_geometry,sentence,0.15,1342_0,1342,12345,075c5cf8,en,256,1141,38,0.1484375,0.8515625,0.5047808764940239,0.5278688524590164,False,251,0.9995875888983368,37,2026-08-15T16:28:55
25,fraction_geometry,sentence,0.2,1342_0,1342,12345,075c5cf8,en,256,1124,94,0.3671875,0.6328125,0.5450199203187251,0.5278688524590164,True,251,0.9994415225596354,92,2026-08-15T16:28:55
26,fraction_geometry,sentence,0.25,1342_0,1342,12345,075c5cf8,en,256,1124,94,0.3671875,0.6328125,0.5450199203187251,0.5278688524590164,True,251,0.9994415225596354,92,2026-08-15T16:28:55
27,fraction_geometry,sentence,0.3,1342_0,1342,12345,075c5cf8,en,256,1124,94,0.3671875,0.6328125,0.5450199203187251,0.5278688524590164,True,251,0.9994415225596354,92,2026-08-15T16:28:55
28,fraction_geometry,sentence,0.5,1342_0,1342,12345,075c5cf8,en,256,1087,139,0.54296875,0.45703125,0.5749003984063745,0.5278688524590164,True,251,0.9991401565941144,134,2026-08-15T16:28:55
29,fraction_geometry,sentence,0.75,1342_0,1342,12345,075c5cf8,en,256,1100,206,0.8046875,0.1953125,0.6156626506024097,0.5278688524590164,True,249,0.9988842244225741,200,2026-08-15T16:28:55
30,fraction_geometry,sentence,1.0,1342_0,1342,12345,075c5cf8,en,256,1052,256,1.0,0.0,0.6592436974789916,0.5278688524590164,True,238,0.9987936048331493,247,2026-08-15T16:28:55
31,fraction_geometry,paragraph,0.02,1342_0,1342,12345,075c5cf8,en,256,1061,176,0.6875,0.3125,0.5928571428571429,0.5278688524590164,True,252,0.9991181063388733,171,2026-08-15T16:28:55
32,fraction_geometry,paragraph,0.05,1342_0,1342,12345,075c5cf8,en,256,1061,176,0.6875,0.3125,0.5928571428571429,0.5278688524590164,True,252,0.9991181063388733,171,2026-08-15T16:28:55
33,fraction_geometry,paragraph,0.1,1342_0,1342,12345,075c5cf8,en,256,1061,176,0.6875,0.3125,0.5928571428571429,0.5278688524590164,True,252,0.9991181063388733,171,2026-08-15T16:28:55
34,fraction_geometry,paragraph,0.15,1342_0,1342,12345,075c5cf8,en,256,1061,176,0.6875,0.3125,0.5928571428571429,0.5278688524590164,True,252,0.9991181063388733,171,2026-08-15T16:28:55
35,fraction_geometry,paragraph,0.2,1342_0,1342,12345,075c5cf8,en,256,1061,176,0.6875,0.3125,0.5928571428571429,0.5278688524590164,True,252,0.9991181063388733,171,2026-08-15T16:28:55
36,fraction_geometry,paragraph,0.25,1342_0,1342,12345,075c5cf8,en,256,1061,176,0.6875,0.3125,0.5928571428571429,0.5278688524590164,True,252,0.9991181063388733,171,2026-08-15T16:28:55
37,fraction_geometry,paragraph,0.3,1342_0,1342,12345,075c5cf8,en,256,1061,176,0.6875,0.3125,0.5928571428571429,0.5278688524590164,True,252,0.9991181063388733,171,2026-08-15T16:28:55
38,fraction_geometry,paragraph,0.5,1342_0,1342,12345,075c5cf8,en,256,1061,176,0.6875,0.3125,0.5928571428571429,0.5278688524590164,True,252,0.9991181063388733,171,2026-08-15T16:28:55
39,fraction_geometry,paragraph,0.75,1342_0,1342,12345,075c5cf8,en,256,1052,256,1.0,0.0,0.6592436974789916,0.5278688524590164,True,238,0.9987936048331493,247,2026-08-15T16:28:55
40,fraction_geometry,paragraph,1.0,1342_0,1342,12345,075c5cf8,en,256,1052,256,1.0,0.0,0.6592436974789916,0.5278688524590164,True,238,0.9987936048331493,247,2026-08-15T16:28:55
41,edit_mode,spelling,0.01953125,1342_0,1342,12345,075c5cf8,en,256,1175,5,0.01953125,0.98046875,0.4734939759036145,0.5278688524590164,False,249,0.9999685739763363,5,2026-08-15T16:28:55
42,edit_mode,grammar,0.0390625,1342_0,1342,12345,075c5cf8,en,256,1170,10,0.0390625,0.9609375,0.47630522088353416,0.5278688524590164,False,249,0.9999473851600211,10,2026-08-15T16:28:55
43,edit_mode,punctuation,0.01953125,1342_0,1342,12345,075c5cf8,en,256,1175,5,0.01953125,0.98046875,0.4734939759036145,0.5278688524590164,False,249,0.9999685739763363,5,2026-08-15T16:28:55
44,edit_mode,light_copyedit,0.078125,1342_0,1342,12345,075c5cf8,en,256,1153,20,0.078125,0.921875,0.478714859437751,0.5278688524590164,False,249,0.9998392368219453,20,2026-08-15T16:28:55
45,edit_mode,sentence_rewrite,0.0234375,1342_0,1342,12345,075c5cf8,en,256,1164,6,0.0234375,0.9765625,0.4746987951807229,0.5278688524590164,False,249,0.9999913387723287,6,2026-08-15T16:28:55
46,edit_mode,paragraph_rewrite,0.3125,1342_0,1342,12345,075c5cf8,en,256,1158,80,0.3125,0.6875,0.5276859504132232,0.5278688524590164,False,242,0.9999266554046115,78,2026-08-15T16:28:55
47,edit_mode,added_paragraph,0.16339869281045752,1342_0,1342,12345,075c5cf8,en,306,1430,50,0.16339869281045752,0.8366013071895425,0.503030303030303,0.5278688524590164,False,297,0.9999374217665354,50,2026-08-15T16:28:55
48,edit_mode,ai_intro_conclusion,0.189873417721519,1342_0,1342,12345,075c5cf8,en,316,1447,60,0.189873417721519,0.810126582278481,0.510032362459547,0.5278688524590164,False,309,0.999285501233245,60,2026-08-15T16:28:55
49,baseline,human,0.0,1342_1,1342,13345,075c5cf8,en,256,1158,0,0.0,1.0,0.5170634920634921,0.5278688524590164,False,252,1.0,0,2026-08-15T16:28:55
50,fraction_geometry,contiguous,0.02,1342_1,1342,13345,075c5cf8,en,256,1163,5,0.01953125,0.98046875,0.5170634920634921,0.5278688524590164,False,252,0.9999707914675289,5,2026-08-15T16:28:55
51,fraction_geometry,contiguous,0.05,1342_1,1342,13345,075c5cf8,en,256,1136,13,0.05078125,0.94921875,0.5246031746031746,0.5278688524590164,False,252,0.99995660713033,13,2026-08-15T16:28:55
52,fraction_geometry,contiguous,0.1,1342_1,1342,13345,075c5cf8,en,256,1130,26,0.1015625,0.8984375,0.5301587301587302,0.5278688524590164,True,252,0.9999212000394595,26,2026-08-15T16:28:55
53,fraction_geometry,contiguous,0.15,1342_1,1342,13345,075c5cf8,en,256,1113,38,0.1484375,0.8515625,0.5349397590361445,0.5278688524590164,True,249,0.9998736762778384,37,2026-08-15T16:28:55
54,fraction_geometry,contiguous,0.2,1342_1,1342,13345,075c5cf8,en,256,1097,51,0.19921875,0.80078125,0.5337398373983739,0.5278688524590164,True,246,0.9998592114135089,50,2026-08-15T16:28:55
55,fraction_geometry,contiguous,0.25,1342_1,1342,13345,075c5cf8,en,256,1090,64,0.25,0.75,0.5389344262295082,0.5278688524590164,True,244,0.9997626278660753,63,2026-08-15T16:28:55
56,fraction_geometry,contiguous,0.3,1342_1,1342,13345,075c5cf8,en,256,1071,77,0.30078125,0.69921875,0.5427385892116182,0.5278688524590164,True,241,0.9996754274771965,76,2026-08-15T16:28:55
57,fraction_geometry,contiguous,0.5,1342_1,1342,13345,075c5cf8,en,256,990,128,0.5,0.5,0.5780172413793103,0.5278688524590164,True,232,0.9992431815159918,127,2026-08-15T16:28:55
58,fraction_geometry,contiguous,0.75,1342_1,1342,13345,075c5cf8,en,256,900,192,0.75,0.25,0.6038095238095238,0.5278688524590164,True,210,0.9986168844040468,189,2026-08-15T16:28:55
59,fraction_geometry,contiguous,1.0,1342_1,1342,13345,075c5cf8,en,256,863,256,1.0,0.0,0.6560975609756098,0.5278688524590164,True,205,0.9975310504297082,252,2026-08-15T16:28:55
60,fraction_geometry,scattered,0.02,1342_1,1342,13345,075c5cf8,en,256,1145,5,0.01953125,0.98046875,0.5119047619047619,0.5278688524590164,False,252,0.99994711812607,4,2026-08-15T16:28:55
61,fraction_geometry,scattered,0.05,1342_1,1342,13345,075c5cf8,en,256,1149,13,0.05078125,0.94921875,0.5218253968253969,0.5278688524590164,False,252,0.9999225005471905,12,2026-08-15T16:28:55
62,fraction_geometry,scattered,0.1,1342_1,1342,13345,075c5cf8,en,256,1136,26,0.1015625,0.8984375,0.5182539682539683,0.5278688524590164,False,252,0.9999113788280892,25,2026-08-15T16:28:55
63,fraction_geometry,scattered,0.15,1342_1,1342,13345,075c5cf8,en,256,1120,38,0.1484375,0.8515625,0.5215139442231076,0.5278688524590164,False,251,0.9999182413478759,36,2026-08-15T16:28:55
64,fraction_geometry,scattered,0.2,1342_1,1342,13345,075c5cf8,en,256,1087,51,0.19921875,0.80078125,0.5221774193548387,0.5278688524590164,False,248,0.9996332097562574,49,2026-08-15T16:28:55
65,fraction_geometry,scattered,0.25,1342_1,1342,13345,075c5cf8,en,256,1061,64,0.25,0.75,0.5477732793522267,0.5278688524590164,True,247,0.999692490347618,62,2026-08-15T16:28:55
66,fraction_geometry,scattered,0.3,1342_1,1342,13345,075c5cf8,en,256,1055,77,0.30078125,0.69921875,0.5510121457489878,0.5278688524590164,True,247,0.9995746519522627,75,2026-08-15T16:28:55
67,fraction_geometry,scattered,0.5,1342_1,1342,13345,075c5cf8,en,256,1045,128,0.5,0.5,0.5640495867768595,0.5278688524590164,True,242,0.9991563246925218,125,2026-08-15T16:28:55
68,fraction_geometry,scattered,0.75,1342_1,1342,13345,075c5cf8,en,256,954,192,0.75,0.25,0.5964757709251102,0.5278688524590164,True,227,0.9977484944179238,188,2026-08-15T16:28:55
69,fraction_geometry,scattered,1.0,1342_1,1342,13345,075c5cf8,en,256,856,255,0.99609375,0.00390625,0.6492682926829269,0.5278688524590164,True,205,0.9973139838233079,251,2026-08-15T16:28:55
70,fraction_geometry,sentence,0.02,1342_1,1342,13345,075c5cf8,en,256,1157,33,0.12890625,0.87109375,0.5384920634920635,0.5278688524590164,True,252,0.9996893139676559,32,2026-08-15T16:28:55
71,fraction_geometry,sentence,0.05,1342_1,1342,13345,075c5cf8,en,256,1157,33,0.12890625,0.87109375,0.5384920634920635,0.5278688524590164,True,252,0.9996893139676559,32,2026-08-15T16:28:55
72,fraction_geometry,sentence,0.1,1342_1,1342,13345,075c5cf8,en,256,1157,33,0.12890625,0.87109375,0.5384920634920635,0.5278688524590164,True,252,0.9996893139676559,32,2026-08-15T16:28:55
73,fraction_geometry,sentence,0.15,1342_1,1342,13345,075c5cf8,en,256,1107,73,0.28515625,0.71484375,0.5592741935483871,0.5278688524590164,True,248,0.9996665467135271,71,2026-08-15T16:28:55
74,fraction_geometry,sentence,0.2,1342_1,1342,13345,075c5cf8,en,256,1107,73,0.28515625,0.71484375,0.5592741935483871,0.5278688524590164,True,248,0.9996665467135271,71,2026-08-15T16:28:55
75,fraction_geometry,sentence,0.25,1342_1,1342,13345,075c5cf8,en,256,1107,73,0.28515625,0.71484375,0.5592741935483871,0.5278688524590164,True,248,0.9996665467135271,71,2026-08-15T16:28:55
76,fraction_geometry,sentence,0.3,1342_1,1342,13345,075c5cf8,en,256,1061,107,0.41796875,0.58203125,0.5666666666666667,0.5278688524590164,True,240,0.9992926708896566,105,2026-08-15T16:28:55
77,fraction_geometry,sentence,0.5,1342_1,1342,13345,075c5cf8,en,256,863,256,1.0,0.0,0.6560975609756098,0.5278688524590164,True,205,0.9975310504297082,252,2026-08-15T16:28:55
78,fraction_geometry,sentence,0.75,1342_1,1342,13345,075c5cf8,en,256,863,256,1.0,0.0,0.6560975609756098,0.5278688524590164,True,205,0.9975310504297082,252,2026-08-15T16:28:55
79,fraction_geometry,sentence,1.0,1342_1,1342,13345,075c5cf8,en,256,863,256,1.0,0.0,0.6560975609756098,0.5278688524590164,True,205,0.9975310504297082,252,2026-08-15T16:28:55
80,fraction_geometry,paragraph,0.02,1342_1,1342,13345,075c5cf8,en,256,863,256,1.0,0.0,0.6560975609756098,0.5278688524590164,True,205,0.9975310504297082,252,2026-08-15T16:28:55
81,fraction_geometry,paragraph,0.05,1342_1,1342,13345,075c5cf8,en,256,863,256,1.0,0.0,0.6560975609756098,0.5278688524590164,True,205,0.9975310504297082,252,2026-08-15T16:28:55
82,fraction_geometry,paragraph,0.1,1342_1,1342,13345,075c5cf8,en,256,863,256,1.0,0.0,0.6560975609756098,0.5278688524590164,True,205,0.9975310504297082,252,2026-08-15T16:28:55
83,fraction_geometry,paragraph,0.15,1342_1,1342,13345,075c5cf8,en,256,863,256,1.0,0.0,0.6560975609756098,0.5278688524590164,True,205,0.9975310504297082,252,2026-08-15T16:28:55
84,fraction_geometry,paragraph,0.2,1342_1,1342,13345,075c5cf8,en,256,863,256,1.0,0.0,0.6560975609756098,0.5278688524590164,True,205,0.9975310504297082,252,2026-08-15T16:28:55
85,fraction_geometry,paragraph,0.25,1342_1,1342,13345,075c5cf8,en,256,863,256,1.0,0.0,0.6560975609756098,0.5278688524590164,True,205,0.9975310504297082,252,2026-08-15T16:28:55
86,fraction_geometry,paragraph,0.3,1342_1,1342,13345,075c5cf8,en,256,863,256,1.0,0.0,0.6560975609756098,0.5278688524590164,True,205,0.9975310504297082,252,2026-08-15T16:28:55
87,fraction_geometry,paragraph,0.5,1342_1,1342,13345,075c5cf8,en,256,863,256,1.0,0.0,0.6560975609756098,0.5278688524590164,True,205,0.9975310504297082,252,2026-08-15T16:28:55
88,fraction_geometry,paragraph,0.75,1342_1,1342,13345,075c5cf8,en,256,863,256,1.0,0.0,0.6560975609756098,0.5278688524590164,True,205,0.9975310504297082,252,2026-08-15T16:28:55
89,fraction_geometry,paragraph,1.0,1342_1,1342,13345,075c5cf8,en,256,863,256,1.0,0.0,0.6560975609756098,0.5278688524590164,True,205,0.9975310504297082,252,2026-08-15T16:28:55
90,edit_mode,spelling,0.01953125,1342_1,1342,13345,075c5cf8,en,256,1145,5,0.01953125,0.98046875,0.5119047619047619,0.5278688524590164,False,252,0.99994711812607,4,2026-08-15T16:28:55
91,edit_mode,grammar,0.0390625,1342_1,1342,13345,075c5cf8,en,256,1145,10,0.0390625,0.9609375,0.5111111111111111,0.5278688524590164,False,252,0.9996309720504938,10,2026-08-15T16:28:55
92,edit_mode,punctuation,0.01953125,1342_1,1342,13345,075c5cf8,en,256,1145,5,0.01953125,0.98046875,0.5119047619047619,0.5278688524590164,False,252,0.99994711812607,4,2026-08-15T16:28:55
93,edit_mode,light_copyedit,0.078125,1342_1,1342,13345,075c5cf8,en,256,1133,20,0.078125,0.921875,0.5138888888888888,0.5278688524590164,False,252,0.9998478613434595,20,2026-08-15T16:28:55
94,edit_mode,sentence_rewrite,0.1328125,1342_1,1342,13345,075c5cf8,en,256,1112,34,0.1328125,0.8671875,0.5193548387096775,0.5278688524590164,False,248,0.9998520930660704,34,2026-08-15T16:28:55
95,edit_mode,paragraph_rewrite,1.0,1342_1,1342,13345,075c5cf8,en,256,863,256,1.0,0.0,0.6560975609756098,0.5278688524590164,True,205,0.9975310504297082,252,2026-08-15T16:28:55
96,edit_mode,added_paragraph,0.16339869281045752,1342_1,1342,13345,075c5cf8,en,306,1365,50,0.16339869281045752,0.8366013071895425,0.543728813559322,0.5278688524590164,True,295,0.9999709702280974,50,2026-08-15T16:28:55
97,edit_mode,ai_intro_conclusion,0.189873417721519,1342_1,1342,13345,075c5cf8,en,316,1408,60,0.189873417721519,0.810126582278481,0.5503205128205129,0.5278688524590164,True,312,0.9996440939074713,60,2026-08-15T16:28:55
98,baseline,human,0.0,1342_2,1342,14345,075c5cf8,en,256,1218,0,0.0,1.0,0.49482071713147413,0.5278688524590164,False,251,1.0,0,2026-08-15T16:28:55
99,fraction_geometry,contiguous,0.02,1342_2,1342,14345,075c5cf8,en,256,1228,5,0.01953125,0.98046875,0.499601593625498,0.5278688524590164,False,251,0.9999311757508319,5,2026-08-15T16:28:55
100,fraction_geometry,contiguous,0.05,1342_2,1342,14345,075c5cf8,en,256,1227,13,0.05078125,0.94921875,0.5067729083665339,0.5278688524590164,False,251,0.9998741750318751,13,2026-08-15T16:28:55
101,fraction_geometry,contiguous,0.1,1342_2,1342,14345,075c5cf8,en,256,1232,26,0.1015625,0.8984375,0.5123015873015873,0.5278688524590164,False,252,0.999763903708494,26,2026-08-15T16:28:55
102,fraction_geometry,contiguous,0.15,1342_2,1342,14345,075c5cf8,en,256,1222,38,0.1484375,0.8515625,0.5194444444444445,0.5278688524590164,False,252,0.9997495637136087,37,2026-08-15T16:28:55
103,fraction_geometry,contiguous,0.2,1342_2,1342,14345,075c5cf8,en,256,1231,51,0.19921875,0.80078125,0.5257936507936508,0.5278688524590164,False,252,0.9995973548022616,49,2026-08-15T16:28:55
104,fraction_geometry,contiguous,0.25,1342_2,1342,14345,075c5cf8,en,256,1231,64,0.25,0.75,0.5408730158730158,0.5278688524590164,True,252,0.9995603007213689,61,2026-08-15T16:28:55
105,fraction_geometry,contiguous,0.3,1342_2,1342,14345,075c5cf8,en,256,1222,77,0.30078125,0.69921875,0.5456349206349206,0.5278688524590164,True,252,0.9995115470472047,74,2026-08-15T16:28:55
106,fraction_geometry,contiguous,0.5,1342_2,1342,14345,075c5cf8,en,256,1184,128,0.5,0.5,0.5784,0.5278688524590164,True,250,0.9989120889551896,124,2026-08-15T16:28:55
107,fraction_geometry,contiguous,0.75,1342_2,1342,14345,075c5cf8,en,256,1166,192,0.75,0.25,0.6208,0.5278688524590164,True,250,0.9981043820242228,183,2026-08-15T16:28:55
108,fraction_geometry,contiguous,1.0,1342_2,1342,14345,075c5cf8,en,256,1136,256,1.0,0.0,0.653469387755102,0.5278688524590164,True,245,0.9974553202780764,246,2026-08-15T16:28:55
109,fraction_geometry,scattered,0.02,1342_2,1342,14345,075c5cf8,en,256,1217,5,0.01953125,0.98046875,0.49482071713147413,0.5278688524590164,False,251,0.9999326150908097,5,2026-08-15T16:28:55
110,fraction_geometry,scattered,0.05,1342_2,1342,14345,075c5cf8,en,256,1219,13,0.05078125,0.94921875,0.4853174603174603,0.5278688524590164,False,252,0.9999303279097422,13,2026-08-15T16:28:55
111,fraction_geometry,scattered,0.1,1342_2,1342,14345,075c5cf8,en,256,1208,26,0.1015625,0.8984375,0.4932539682539683,0.5278688524590164,False,252,0.9998652046217545,26,2026-08-15T16:28:55
112,fraction_geometry,scattered,0.15,1342_2,1342,14345,075c5cf8,en,256,1193,38,0.1484375,0.8515625,0.5011904761904762,0.5278688524590164,False,252,0.9998183711077949,38,2026-08-15T16:28:55
113,fraction_geometry,scattered,0.2,1342_2,1342,14345,075c5cf8,en,256,1176,51,0.19921875,0.80078125,0.5067460317460317,0.5278688524590164,False,252,0.9996944590802015,51,2026-08-15T16:28:55
114,fraction_geometry,scattered,0.25,1342_2,1342,14345,075c5cf8,en,256,1187,64,0.25,0.75,0.5126984126984127,0.5278688524590164,False,252,0.9996243594005082,64,2026-08-15T16:28:55
115,fraction_geometry,scattered,0.3,1342_2,1342,14345,075c5cf8,en,256,1164,77,0.30078125,0.69921875,0.5202380952380953,0.5278688524590164,False,252,0.9995445556520497,77,2026-08-15T16:28:55
116,fraction_geometry,scattered,0.5,1342_2,1342,14345,075c5cf8,en,256,1160,128,0.5,0.5,0.5496,0.5278688524590164,True,250,0.9985736654593225,127,2026-08-15T16:28:55
117,fraction_geometry,scattered,0.75,1342_2,1342,14345,075c5cf8,en,256,1120,192,0.75,0.25,0.5931174089068826,0.5278688524590164,True,247,0.9984740570960526,190,2026-08-15T16:28:55
118,fraction_geometry,scattered,1.0,1342_2,1342,14345,075c5cf8,en,256,1132,255,0.99609375,0.00390625,0.6522448979591837,0.5278688524590164,True,245,0.9974449634867864,246,2026-08-15T16:28:55
119,fraction_geometry,sentence,0.02,1342_2,1342,14345,075c5cf8,en,256,1185,27,0.10546875,0.89453125,0.5,0.5278688524590164,False,249,0.9997959478417437,27,2026-08-15T16:28:55
120,fraction_geometry,sentence,0.05,1342_2,1342,14345,075c5cf8,en,256,1185,27,0.10546875,0.89453125,0.5,0.5278688524590164,False,249,0.9997959478417437,27,2026-08-15T16:28:55
121,fraction_geometry,sentence,0.1,1342_2,1342,14345,075c5cf8,en,256,1185,27,0.10546875,0.89453125,0.5,0.5278688524590164,False,249,0.9997959478417437,27,2026-08-15T16:28:55
122,fraction_geometry,sentence,0.15,1342_2,1342,14345,075c5cf8,en,256,1192,46,0.1796875,0.8203125,0.5156626506024097,0.5278688524590164,False,249,0.9995030773490753,46,2026-08-15T16:28:55
123,fraction_geometry,sentence,0.2,1342_2,1342,14345,075c5cf8,en,256,1188,85,0.33203125,0.66796875,0.5376,0.5278688524590164,True,250,0.9992025195813018,83,2026-08-15T16:28:55
124,fraction_geometry,sentence,0.25,1342_2,1342,14345,075c5cf8,en,256,1188,85,0.33203125,0.66796875,0.5376,0.5278688524590164,True,250,0.9992025195813018,83,2026-08-15T16:28:55
125,fraction_geometry,sentence,0.3,1342_2,1342,14345,075c5cf8,en,256,1188,85,0.33203125,0.66796875,0.5376,0.5278688524590164,True,250,0.9992025195813018,83,2026-08-15T16:28:55
126,fraction_geometry,sentence,0.5,1342_2,1342,14345,075c5cf8,en,256,1145,167,0.65234375,0.34765625,0.5923387096774193,0.5278688524590164,True,248,0.9985662660998007,163,2026-08-15T16:28:55
127,fraction_geometry,sentence,0.75,1342_2,1342,14345,075c5cf8,en,256,1119,210,0.8203125,0.1796875,0.6245967741935484,0.5278688524590164,True,248,0.9977761788143461,203,2026-08-15T16:28:55
128,fraction_geometry,sentence,1.0,1342_2,1342,14345,075c5cf8,en,256,1136,256,1.0,0.0,0.653469387755102,0.5278688524590164,True,245,0.9974553202780764,246,2026-08-15T16:28:55
129,fraction_geometry,paragraph,0.02,1342_2,1342,14345,075c5cf8,en,256,1136,256,1.0,0.0,0.653469387755102,0.5278688524590164,True,245,0.9974553202780764,246,2026-08-15T16:28:55
130,fraction_geometry,paragraph,0.05,1342_2,1342,14345,075c5cf8,en,256,1136,256,1.0,0.0,0.653469387755102,0.5278688524590164,True,245,0.9974553202780764,246,2026-08-15T16:28:55
131,fraction_geometry,paragraph,0.1,1342_2,1342,14345,075c5cf8,en,256,1136,256,1.0,0.0,0.653469387755102,0.5278688524590164,True,245,0.9974553202780764,246,2026-08-15T16:28:55
132,fraction_geometry,paragraph,0.15,1342_2,1342,14345,075c5cf8,en,256,1136,256,1.0,0.0,0.653469387755102,0.5278688524590164,True,245,0.9974553202780764,246,2026-08-15T16:28:55
133,fraction_geometry,paragraph,0.2,1342_2,1342,14345,075c5cf8,en,256,1136,256,1.0,0.0,0.653469387755102,0.5278688524590164,True,245,0.9974553202780764,246,2026-08-15T16:28:55
134,fraction_geometry,paragraph,0.25,1342_2,1342,14345,075c5cf8,en,256,1136,256,1.0,0.0,0.653469387755102,0.5278688524590164,True,245,0.9974553202780764,246,2026-08-15T16:28:55
135,fraction_geometry,paragraph,0.3,1342_2,1342,14345,075c5cf8,en,256,1136,256,1.0,0.0,0.653469387755102,0.5278688524590164,True,245,0.9974553202780764,246,2026-08-15T16:28:55
136,fraction_geometry,paragraph,0.5,1342_2,1342,14345,075c5cf8,en,256,1136,256,1.0,0.0,0.653469387755102,0.5278688524590164,True,245,0.9974553202780764,246,2026-08-15T16:28:55
137,fraction_geometry,paragraph,0.75,1342_2,1342,14345,075c5cf8,en,256,1136,256,1.0,0.0,0.653469387755102,0.5278688524590164,True,245,0.9974553202780764,246,2026-08-15T16:28:55
138,fraction_geometry,paragraph,1.0,1342_2,1342,14345,075c5cf8,en,256,1136,256,1.0,0.0,0.653469387755102,0.5278688524590164,True,245,0.9974553202780764,246,2026-08-15T16:28:55
139,edit_mode,spelling,0.01953125,1342_2,1342,14345,075c5cf8,en,256,1217,5,0.01953125,0.98046875,0.49482071713147413,0.5278688524590164,False,251,0.9999326150908097,5,2026-08-15T16:28:55
140,edit_mode,grammar,0.0390625,1342_2,1342,14345,075c5cf8,en,256,1232,10,0.0390625,0.9609375,0.49243027888446217,0.5278688524590164,False,251,0.9995433549038597,10,2026-08-15T16:28:55
141,edit_mode,punctuation,0.01953125,1342_2,1342,14345,075c5cf8,en,256,1217,5,0.01953125,0.98046875,0.49482071713147413,0.5278688524590164,False,251,0.9999326150908097,5,2026-08-15T16:28:55
142,edit_mode,light_copyedit,0.078125,1342_2,1342,14345,075c5cf8,en,256,1238,20,0.078125,0.921875,0.4956175298804781,0.5278688524590164,False,251,0.9998561551689822,20,2026-08-15T16:28:55
143,edit_mode,sentence_rewrite,0.30859375,1342_2,1342,14345,075c5cf8,en,256,1170,79,0.30859375,0.69140625,0.5446215139442231,0.5278688524590164,True,251,0.9996907855519314,77,2026-08-15T16:28:55
144,edit_mode,paragraph_rewrite,1.0,1342_2,1342,14345,075c5cf8,en,256,1136,256,1.0,0.0,0.653469387755102,0.5278688524590164,True,245,0.9974553202780764,246,2026-08-15T16:28:55
145,edit_mode,added_paragraph,0.16339869281045752,1342_2,1342,14345,075c5cf8,en,306,1426,50,0.16339869281045752,0.8366013071895425,0.5203333333333333,0.5278688524590164,False,300,0.9999740395133565,50,2026-08-15T16:28:55
146,edit_mode,ai_intro_conclusion,0.189873417721519,1342_2,1342,14345,075c5cf8,en,316,1442,60,0.189873417721519,0.810126582278481,0.5249190938511327,0.5278688524590164,False,309,0.9994335081868876,60,2026-08-15T16:28:55
147,baseline,human,0.0,1342_3,1342,15345,075c5cf8,en,256,1163,0,0.0,1.0,0.4976190476190476,0.5278688524590164,False,252,1.0,0,2026-08-15T16:28:55
148,fraction_geometry,contiguous,0.02,1342_3,1342,15345,075c5cf8,en,256,1160,5,0.01953125,0.98046875,0.5003968253968254,0.5278688524590164,False,252,0.9999599260392126,5,2026-08-15T16:28:55
149,fraction_geometry,contiguous,0.05,1342_3,1342,15345,075c5cf8,en,256,1146,13,0.05078125,0.94921875,0.5011904761904762,0.5278688524590164,False,252,0.9999032075688656,13,2026-08-15T16:28:55
150,fraction_geometry,contiguous,0.1,1342_3,1342,15345,075c5cf8,en,256,1146,26,0.1015625,0.8984375,0.5138888888888888,0.5278688524590164,False,252,0.9995811993248553,26,2026-08-15T16:28:55
151,fraction_geometry,contiguous,0.15,1342_3,1342,15345,075c5cf8,en,256,1156,38,0.1484375,0.8515625,0.5210317460317461,0.5278688524590164,False,252,0.9997231967547442,38,2026-08-15T16:28:55
152,fraction_geometry,contiguous,0.2,1342_3,1342,15345,075c5cf8,en,256,1149,51,0.19921875,0.80078125,0.5317460317460317,0.5278688524590164,True,252,0.999650076365855,50,2026-08-15T16:28:55
153,fraction_geometry,contiguous,0.25,1342_3,1342,15345,075c5cf8,en,256,1145,64,0.25,0.75,0.5412698412698412,0.5278688524590164,True,252,0.9996088979223091,63,2026-08-15T16:28:55
154,fraction_geometry,contiguous,0.3,1342_3,1342,15345,075c5cf8,en,256,1145,77,0.30078125,0.69921875,0.5531746031746032,0.5278688524590164,True,252,0.999482400855869,75,2026-08-15T16:28:55
155,fraction_geometry,contiguous,0.5,1342_3,1342,15345,075c5cf8,en,256,1156,128,0.5,0.5,0.5884,0.5278688524590164,True,250,0.999005691481212,126,2026-08-15T16:28:55
156,fraction_geometry,contiguous,0.75,1342_3,1342,15345,075c5cf8,en,256,1127,192,0.75,0.25,0.6410358565737052,0.5278688524590164,True,251,0.9987246312394584,185,2026-08-15T16:28:55
157,fraction_geometry,contiguous,1.0,1342_3,1342,15345,075c5cf8,en,256,1136,256,1.0,0.0,0.6784860557768925,0.5278688524590164,True,251,0.9977341913908028,246,2026-08-15T16:28:55
158,fraction_geometry,scattered,0.02,1342_3,1342,15345,075c5cf8,en,256,1164,5,0.01953125,0.98046875,0.49404761904761907,0.5278688524590164,False,252,0.9999534735168973,5,2026-08-15T16:28:55
159,fraction_geometry,scattered,0.05,1342_3,1342,15345,075c5cf8,en,256,1168,13,0.05078125,0.94921875,0.49126984126984125,0.5278688524590164,False,252,0.9998829008585903,13,2026-08-15T16:28:55
160,fraction_geometry,scattered,0.1,1342_3,1342,15345,075c5cf8,en,256,1176,26,0.1015625,0.8984375,0.49722222222222223,0.5278688524590164,False,252,0.9998165058872013,26,2026-08-15T16:28:55
161,fraction_geometry,scattered,0.15,1342_3,1342,15345,075c5cf8,en,256,1177,38,0.1484375,0.8515625,0.5075396825396825,0.5278688524590164,False,252,0.9997620043484458,37,2026-08-15T16:28:55
162,fraction_geometry,scattered,0.2,1342_3,1342,15345,075c5cf8,en,256,1163,51,0.19921875,0.80078125,0.5194444444444445,0.5278688524590164,False,252,0.9997043771246522,50,2026-08-15T16:28:55
163,fraction_geometry,scattered,0.25,1342_3,1342,15345,075c5cf8,en,256,1173,64,0.25,0.75,0.5317460317460317,0.5278688524590164,True,252,0.9997074859880023,63,2026-08-15T16:28:55
164,fraction_geometry,scattered,0.3,1342_3,1342,15345,075c5cf8,en,256,1143,77,0.30078125,0.69921875,0.5313492063492063,0.5278688524590164,True,252,0.9995681295610296,76,2026-08-15T16:28:55
165,fraction_geometry,scattered,0.5,1342_3,1342,15345,075c5cf8,en,256,1150,128,0.5,0.5,0.5678571428571428,0.5278688524590164,True,252,0.9991823604724935,125,2026-08-15T16:28:55
166,fraction_geometry,scattered,0.75,1342_3,1342,15345,075c5cf8,en,256,1166,192,0.75,0.25,0.6196,0.5278688524590164,True,250,0.9982646886719116,187,2026-08-15T16:28:55
167,fraction_geometry,scattered,1.0,1342_3,1342,15345,075c5cf8,en,256,1138,255,0.99609375,0.00390625,0.6796812749003984,0.5278688524590164,True,251,0.9977457122957429,246,2026-08-15T16:28:55
168,fraction_geometry,sentence,0.02,1342_3,1342,15345,075c5cf8,en,256,1167,50,0.1953125,0.8046875,0.5238095238095238,0.5278688524590164,False,252,0.9998005024913565,47,2026-08-15T16:28:55
169,fraction_geometry,sentence,0.05,1342_3,1342,15345,075c5cf8,en,256,1167,50,0.1953125,0.8046875,0.5238095238095238,0.5278688524590164,False,252,0.9998005024913565,47,2026-08-15T16:28:55
170,fraction_geometry,sentence,0.1,1342_3,1342,15345,075c5cf8,en,256,1167,50,0.1953125,0.8046875,0.5238095238095238,0.5278688524590164,False,252,0.9998005024913565,47,2026-08-15T16:28:55
171,fraction_geometry,sentence,0.15,1342_3,1342,15345,075c5cf8,en,256,1167,50,0.1953125,0.8046875,0.5238095238095238,0.5278688524590164,False,252,0.9998005024913565,47,2026-08-15T16:28:55
172,fraction_geometry,sentence,0.2,1342_3,1342,15345,075c5cf8,en,256,1174,60,0.234375,0.765625,0.5353174603174603,0.5278688524590164,True,252,0.999691907505534,57,2026-08-15T16:28:55
173,fraction_geometry,sentence,0.25,1342_3,1342,15345,075c5cf8,en,256,1160,101,0.39453125,0.60546875,0.5623015873015873,0.5278688524590164,True,252,0.9992352777708345,97,2026-08-15T16:28:55
174,fraction_geometry,sentence,0.3,1342_3,1342,15345,075c5cf8,en,256,1160,101,0.39453125,0.60546875,0.5623015873015873,0.5278688524590164,True,252,0.9992352777708345,97,2026-08-15T16:28:55
175,fraction_geometry,sentence,0.5,1342_3,1342,15345,075c5cf8,en,256,1197,147,0.57421875,0.42578125,0.5984,0.5278688524590164,True,250,0.9982466685237259,142,2026-08-15T16:28:55
176,fraction_geometry,sentence,0.75,1342_3,1342,15345,075c5cf8,en,256,1136,220,0.859375,0.140625,0.6525896414342629,0.5278688524590164,True,251,0.9980453960114494,210,2026-08-15T16:28:55
177,fraction_geometry,sentence,1.0,1342_3,1342,15345,075c5cf8,en,256,1136,256,1.0,0.0,0.6784860557768925,0.5278688524590164,True,251,0.9977341913908028,246,2026-08-15T16:28:55
178,fraction_geometry,paragraph,0.02,1342_3,1342,15345,075c5cf8,en,256,1136,256,1.0,0.0,0.6784860557768925,0.5278688524590164,True,251,0.9977341913908028,246,2026-08-15T16:28:55
179,fraction_geometry,paragraph,0.05,1342_3,1342,15345,075c5cf8,en,256,1136,256,1.0,0.0,0.6784860557768925,0.5278688524590164,True,251,0.9977341913908028,246,2026-08-15T16:28:55
180,fraction_geometry,paragraph,0.1,1342_3,1342,15345,075c5cf8,en,256,1136,256,1.0,0.0,0.6784860557768925,0.5278688524590164,True,251,0.9977341913908028,246,2026-08-15T16:28:55
181,fraction_geometry,paragraph,0.15,1342_3,1342,15345,075c5cf8,en,256,1136,256,1.0,0.0,0.6784860557768925,0.5278688524590164,True,251,0.9977341913908028,246,2026-08-15T16:28:55
182,fraction_geometry,paragraph,0.2,1342_3,1342,15345,075c5cf8,en,256,1136,256,1.0,0.0,0.6784860557768925,0.5278688524590164,True,251,0.9977341913908028,246,2026-08-15T16:28:55
183,fraction_geometry,paragraph,0.25,1342_3,1342,15345,075c5cf8,en,256,1136,256,1.0,0.0,0.6784860557768925,0.5278688524590164,True,251,0.9977341913908028,246,2026-08-15T16:28:55
184,fraction_geometry,paragraph,0.3,1342_3,1342,15345,075c5cf8,en,256,1136,256,1.0,0.0,0.6784860557768925,0.5278688524590164,True,251,0.9977341913908028,246,2026-08-15T16:28:55
185,fraction_geometry,paragraph,0.5,1342_3,1342,15345,075c5cf8,en,256,1136,256,1.0,0.0,0.6784860557768925,0.5278688524590164,True,251,0.9977341913908028,246,2026-08-15T16:28:55
186,fraction_geometry,paragraph,0.75,1342_3,1342,15345,075c5cf8,en,256,1136,256,1.0,0.0,0.6784860557768925,0.5278688524590164,True,251,0.9977341913908028,246,2026-08-15T16:28:55
187,fraction_geometry,paragraph,1.0,1342_3,1342,15345,075c5cf8,en,256,1136,256,1.0,0.0,0.6784860557768925,0.5278688524590164,True,251,0.9977341913908028,246,2026-08-15T16:28:55
188,edit_mode,spelling,0.01953125,1342_3,1342,15345,075c5cf8,en,256,1164,5,0.01953125,0.98046875,0.49404761904761907,0.5278688524590164,False,252,0.9999534735168973,5,2026-08-15T16:28:55
189,edit_mode,grammar,0.0390625,1342_3,1342,15345,075c5cf8,en,256,1169,10,0.0390625,0.9609375,0.4984126984126984,0.5278688524590164,False,252,0.9998747597057999,9,2026-08-15T16:28:55
190,edit_mode,punctuation,0.01953125,1342_3,1342,15345,075c5cf8,en,256,1164,5,0.01953125,0.98046875,0.49404761904761907,0.5278688524590164,False,252,0.9999534735168973,5,2026-08-15T16:28:55
191,edit_mode,light_copyedit,0.078125,1342_3,1342,15345,075c5cf8,en,256,1177,20,0.078125,0.921875,0.4932539682539683,0.5278688524590164,False,252,0.9997827024316903,19,2026-08-15T16:28:55
192,edit_mode,sentence_rewrite,0.05859375,1342_3,1342,15345,075c5cf8,en,256,1140,15,0.05859375,0.94140625,0.501984126984127,0.5278688524590164,False,252,0.9999737744430995,15,2026-08-15T16:28:55
193,edit_mode,paragraph_rewrite,1.0,1342_3,1342,15345,075c5cf8,en,256,1136,256,1.0,0.0,0.6784860557768925,0.5278688524590164,True,251,0.9977341913908028,246,2026-08-15T16:28:55
194,edit_mode,added_paragraph,0.16339869281045752,1342_3,1342,15345,075c5cf8,en,306,1375,50,0.16339869281045752,0.8366013071895425,0.5205298013245033,0.5278688524590164,False,302,0.9999506106463008,50,2026-08-15T16:28:55
195,edit_mode,ai_intro_conclusion,0.189873417721519,1342_3,1342,15345,075c5cf8,en,316,1420,60,0.189873417721519,0.810126582278481,0.5269230769230769,0.5278688524590164,False,312,0.9999446886052689,60,2026-08-15T16:28:55
196,baseline,human,0.0,1661_0,1661,16345,075c5cf8,en,256,1029,0,0.0,1.0,0.5027777777777778,0.5278688524590164,False,252,1.0,0,2026-08-15T16:28:55
197,fraction_geometry,contiguous,0.02,1661_0,1661,16345,075c5cf8,en,256,1017,5,0.01953125,0.98046875,0.5027777777777778,0.5278688524590164,False,252,0.9999741173837345,5,2026-08-15T16:28:55
198,fraction_geometry,contiguous,0.05,1661_0,1661,16345,075c5cf8,en,256,1018,13,0.05078125,0.94921875,0.5059523809523809,0.5278688524590164,False,252,0.9999363394464451,13,2026-08-15T16:28:55
199,fraction_geometry,contiguous,0.1,1661_0,1661,16345,075c5cf8,en,256,1020,26,0.1015625,0.8984375,0.5123015873015873,0.5278688524590164,False,252,0.9996661474837953,26,2026-08-15T16:28:55
200,fraction_geometry,contiguous,0.15,1661_0,1661,16345,075c5cf8,en,256,1017,38,0.1484375,0.8515625,0.5123015873015873,0.5278688524590164,False,252,0.999673649531594,38,2026-08-15T16:28:55
201,fraction_geometry,contiguous,0.2,1661_0,1661,16345,075c5cf8,en,256,1006,51,0.19921875,0.80078125,0.5222222222222223,0.5278688524590164,False,252,0.9994449094277902,51,2026-08-15T16:28:55
202,fraction_geometry,contiguous,0.25,1661_0,1661,16345,075c5cf8,en,256,1007,64,0.25,0.75,0.5270916334661354,0.5278688524590164,False,251,0.9991446824836904,64,2026-08-15T16:28:55
203,fraction_geometry,contiguous,0.3,1661_0,1661,16345,075c5cf8,en,256,1001,77,0.30078125,0.69921875,0.5386454183266932,0.5278688524590164,True,251,0.9990723745288766,77,2026-08-15T16:28:55
204,fraction_geometry,contiguous,0.5,1661_0,1661,16345,075c5cf8,en,256,926,128,0.5,0.5,0.562655601659751,0.5278688524590164,True,241,0.9984479755294328,128,2026-08-15T16:28:55
205,fraction_geometry,contiguous,0.75,1661_0,1661,16345,075c5cf8,en,256,970,192,0.75,0.25,0.5725888324873096,0.5278688524590164,True,197,0.9952809305490222,189,2026-08-15T16:28:55
206,fraction_geometry,contiguous,1.0,1661_0,1661,16345,075c5cf8,en,256,994,256,1.0,0.0,0.6379310344827587,0.5278688524590164,True,174,0.9882809871258791,251,2026-08-15T16:28:55
207,fraction_geometry,scattered,0.02,1661_0,1661,16345,075c5cf8,en,256,1040,5,0.01953125,0.98046875,0.4984126984126984,0.5278688524590164,False,252,0.9999477387589666,5,2026-08-15T16:28:55
208,fraction_geometry,scattered,0.05,1661_0,1661,16345,075c5cf8,en,256,1038,13,0.05078125,0.94921875,0.501984126984127,0.5278688524590164,False,252,0.9998971488086196,13,2026-08-15T16:28:55
209,fraction_geometry,scattered,0.1,1661_0,1661,16345,075c5cf8,en,256,1033,26,0.1015625,0.8984375,0.5091269841269841,0.5278688524590164,False,252,0.9999054603525863,26,2026-08-15T16:28:55
210,fraction_geometry,scattered,0.15,1661_0,1661,16345,075c5cf8,en,256,1030,38,0.1484375,0.8515625,0.5107142857142857,0.5278688524590164,False,252,0.9998638552092672,38,2026-08-15T16:28:55
211,fraction_geometry,scattered,0.2,1661_0,1661,16345,075c5cf8,en,256,1030,51,0.19921875,0.80078125,0.5161290322580645,0.5278688524590164,False,248,0.9998280335255689,51,2026-08-15T16:28:55
212,fraction_geometry,scattered,0.25,1661_0,1661,16345,075c5cf8,en,256,1043,64,0.25,0.75,0.522633744855967,0.5278688524590164,False,243,0.9995413528708652,64,2026-08-15T16:28:55
213,fraction_geometry,scattered,0.3,1661_0,1661,16345,075c5cf8,en,256,1033,77,0.30078125,0.69921875,0.5159663865546219,0.5278688524590164,False,238,0.9996998850383457,77,2026-08-15T16:28:55
214,fraction_geometry,scattered,0.5,1661_0,1661,16345,075c5cf8,en,256,1036,128,0.5,0.5,0.5617117117117117,0.5278688524590164,True,222,0.9982808160412944,127,2026-08-15T16:28:55
215,fraction_geometry,scattered,0.75,1661_0,1661,16345,075c5cf8,en,256,1011,192,0.75,0.25,0.591044776119403,0.5278688524590164,True,201,0.9942527117032212,189,2026-08-15T16:28:55
216,fraction_geometry,scattered,1.0,1661_0,1661,16345,075c5cf8,en,256,998,255,0.99609375,0.00390625,0.6376404494382022,0.5278688524590164,True,178,0.989193615707898,251,2026-08-15T16:28:55
217,fraction_geometry,sentence,0.02,1661_0,1661,16345,075c5cf8,en,256,1042,46,0.1796875,0.8203125,0.540079365079365,0.5278688524590164,True,252,0.9994695877811403,45,2026-08-15T16:28:55
218,fraction_geometry,sentence,0.05,1661_0,1661,16345,075c5cf8,en,256,1042,46,0.1796875,0.8203125,0.540079365079365,0.5278688524590164,True,252,0.9994695877811403,45,2026-08-15T16:28:55
219,fraction_geometry,sentence,0.1,1661_0,1661,16345,075c5cf8,en,256,1042,46,0.1796875,0.8203125,0.540079365079365,0.5278688524590164,True,252,0.9994695877811403,45,2026-08-15T16:28:55
220,fraction_geometry,sentence,0.15,1661_0,1661,16345,075c5cf8,en,256,1042,46,0.1796875,0.8203125,0.540079365079365,0.5278688524590164,True,252,0.9994695877811403,45,2026-08-15T16:28:55
221,fraction_geometry,sentence,0.2,1661_0,1661,16345,075c5cf8,en,256,1038,82,0.3203125,0.6796875,0.5575396825396826,0.5278688524590164,True,252,0.9987925412010503,80,2026-08-15T16:28:55
222,fraction_geometry,sentence,0.25,1661_0,1661,16345,075c5cf8,en,256,1038,82,0.3203125,0.6796875,0.5575396825396826,0.5278688524590164,True,252,0.9987925412010503,80,2026-08-15T16:28:55
223,fraction_geometry,sentence,0.3,1661_0,1661,16345,075c5cf8,en,256,1038,82,0.3203125,0.6796875,0.5575396825396826,0.5278688524590164,True,252,0.9987925412010503,80,2026-08-15T16:28:55
224,fraction_geometry,sentence,0.5,1661_0,1661,16345,075c5cf8,en,256,994,134,0.5234375,0.4765625,0.5872,0.5278688524590164,True,250,0.9974193262306638,132,2026-08-15T16:28:55
225,fraction_geometry,sentence,0.75,1661_0,1661,16345,075c5cf8,en,256,960,207,0.80859375,0.19140625,0.6137440758293838,0.5278688524590164,True,211,0.9952235793784,202,2026-08-15T16:28:55
226,fraction_geometry,sentence,1.0,1661_0,1661,16345,075c5cf8,en,256,994,256,1.0,0.0,0.6379310344827587,0.5278688524590164,True,174,0.9882809871258791,251,2026-08-15T16:28:55
227,fraction_geometry,paragraph,0.02,1661_0,1661,16345,075c5cf8,en,256,994,256,1.0,0.0,0.6379310344827587,0.5278688524590164,True,174,0.9882809871258791,251,2026-08-15T16:28:55
228,fraction_geometry,paragraph,0.05,1661_0,1661,16345,075c5cf8,en,256,994,256,1.0,0.0,0.6379310344827587,0.5278688524590164,True,174,0.9882809871258791,251,2026-08-15T16:28:55
229,fraction_geometry,paragraph,0.1,1661_0,1661,16345,075c5cf8,en,256,994,256,1.0,0.0,0.6379310344827587,0.5278688524590164,True,174,0.9882809871258791,251,2026-08-15T16:28:55
230,fraction_geometry,paragraph,0.15,1661_0,1661,16345,075c5cf8,en,256,994,256,1.0,0.0,0.6379310344827587,0.5278688524590164,True,174,0.9882809871258791,251,2026-08-15T16:28:55
231,fraction_geometry,paragraph,0.2,1661_0,1661,16345,075c5cf8,en,256,994,256,1.0,0.0,0.6379310344827587,0.5278688524590164,True,174,0.9882809871258791,251,2026-08-15T16:28:55
232,fraction_geometry,paragraph,0.25,1661_0,1661,16345,075c5cf8,en,256,994,256,1.0,0.0,0.6379310344827587,0.5278688524590164,True,174,0.9882809871258791,251,2026-08-15T16:28:55
233,fraction_geometry,paragraph,0.3,1661_0,1661,16345,075c5cf8,en,256,994,256,1.0,0.0,0.6379310344827587,0.5278688524590164,True,174,0.9882809871258791,251,2026-08-15T16:28:55
234,fraction_geometry,paragraph,0.5,1661_0,1661,16345,075c5cf8,en,256,994,256,1.0,0.0,0.6379310344827587,0.5278688524590164,True,174,0.9882809871258791,251,2026-08-15T16:28:55
235,fraction_geometry,paragraph,0.75,1661_0,1661,16345,075c5cf8,en,256,994,256,1.0,0.0,0.6379310344827587,0.5278688524590164,True,174,0.9882809871258791,251,2026-08-15T16:28:55
236,fraction_geometry,paragraph,1.0,1661_0,1661,16345,075c5cf8,en,256,994,256,1.0,0.0,0.6379310344827587,0.5278688524590164,True,174,0.9882809871258791,251,2026-08-15T16:28:55
237,edit_mode,spelling,0.01953125,1661_0,1661,16345,075c5cf8,en,256,1040,5,0.01953125,0.98046875,0.4984126984126984,0.5278688524590164,False,252,0.9999477387589666,5,2026-08-15T16:28:55
238,edit_mode,grammar,0.0390625,1661_0,1661,16345,075c5cf8,en,256,1029,10,0.0390625,0.9609375,0.4976190476190476,0.5278688524590164,False,252,0.9999001650856274,10,2026-08-15T16:28:55
239,edit_mode,punctuation,0.01953125,1661_0,1661,16345,075c5cf8,en,256,1040,5,0.01953125,0.98046875,0.4984126984126984,0.5278688524590164,False,252,0.9999477387589666,5,2026-08-15T16:28:55
240,edit_mode,light_copyedit,0.078125,1661_0,1661,16345,075c5cf8,en,256,1032,20,0.078125,0.921875,0.501984126984127,0.5278688524590164,False,252,0.999916917611355,20,2026-08-15T16:28:55
241,edit_mode,sentence_rewrite,0.09375,1661_0,1661,16345,075c5cf8,en,256,993,24,0.09375,0.90625,0.5036885245901639,0.5278688524590164,False,244,0.9998891847530923,22,2026-08-15T16:28:55
242,edit_mode,paragraph_rewrite,1.0,1661_0,1661,16345,075c5cf8,en,256,994,256,1.0,0.0,0.6379310344827587,0.5278688524590164,True,174,0.9882809871258791,251,2026-08-15T16:28:55
243,edit_mode,added_paragraph,0.16339869281045752,1661_0,1661,16345,075c5cf8,en,306,1219,50,0.16339869281045752,0.8366013071895425,0.5264900662251656,0.5278688524590164,False,302,0.9999533511326185,50,2026-08-15T16:28:55
244,edit_mode,ai_intro_conclusion,0.189873417721519,1661_0,1661,16345,075c5cf8,en,316,1261,60,0.189873417721519,0.810126582278481,0.532051282051282,0.5278688524590164,True,312,0.9998579257333758,60,2026-08-15T16:28:55
245,baseline,human,0.0,1661_1,1661,17345,075c5cf8,en,256,1172,0,0.0,1.0,0.5015873015873016,0.5278688524590164,False,252,0.9999999999999999,0,2026-08-15T16:28:55
246,fraction_geometry,contiguous,0.02,1661_1,1661,17345,075c5cf8,en,256,1169,5,0.01953125,0.98046875,0.4996031746031746,0.5278688524590164,False,252,0.999979974012188,5,2026-08-15T16:28:55
247,fraction_geometry,contiguous,0.05,1661_1,1661,17345,075c5cf8,en,256,1151,13,0.05078125,0.94921875,0.5051587301587301,0.5278688524590164,False,252,0.9999679521460743,13,2026-08-15T16:28:55
248,fraction_geometry,contiguous,0.1,1661_1,1661,17345,075c5cf8,en,256,1133,26,0.1015625,0.8984375,0.5146825396825396,0.5278688524590164,False,252,0.9999309076700577,26,2026-08-15T16:28:55
249,fraction_geometry,contiguous,0.15,1661_1,1661,17345,075c5cf8,en,256,1138,38,0.1484375,0.8515625,0.5265873015873016,0.5278688524590164,False,252,0.9997993424714414,38,2026-08-15T16:28:55
250,fraction_geometry,contiguous,0.2,1661_1,1661,17345,075c5cf8,en,256,1125,51,0.19921875,0.80078125,0.5357142857142857,0.5278688524590164,True,252,0.9998049015833927,51,2026-08-15T16:28:55
251,fraction_geometry,contiguous,0.25,1661_1,1661,17345,075c5cf8,en,256,1114,64,0.25,0.75,0.5531746031746032,0.5278688524590164,True,252,0.9997037275073073,63,2026-08-15T16:28:55
252,fraction_geometry,contiguous,0.3,1661_1,1661,17345,075c5cf8,en,256,1108,77,0.30078125,0.69921875,0.5619047619047619,0.5278688524590164,True,252,0.999651128577109,75,2026-08-15T16:28:55
253,fraction_geometry,contiguous,0.5,1661_1,1661,17345,075c5cf8,en,256,1091,128,0.5,0.5,0.5900398406374502,0.5278688524590164,True,251,0.9988393995257264,123,2026-08-15T16:28:55
254,fraction_geometry,contiguous,0.75,1661_1,1661,17345,075c5cf8,en,256,1099,192,0.75,0.25,0.6290836653386455,0.5278688524590164,True,251,0.9977868214131741,184,2026-08-15T16:28:55
255,fraction_geometry,contiguous,1.0,1661_1,1661,17345,075c5cf8,en,256,1069,256,1.0,0.0,0.6749003984063745,0.5278688524590164,True,251,0.9959497994350943,245,2026-08-15T16:28:55
256,fraction_geometry,scattered,0.02,1661_1,1661,17345,075c5cf8,en,256,1183,5,0.01953125,0.98046875,0.4992063492063492,0.5278688524590164,False,252,0.9999593313311724,5,2026-08-15T16:28:55
257,fraction_geometry,scattered,0.05,1661_1,1661,17345,075c5cf8,en,256,1189,13,0.05078125,0.94921875,0.498015873015873,0.5278688524590164,False,252,0.9997651796947218,13,2026-08-15T16:28:55
258,fraction_geometry,scattered,0.1,1661_1,1661,17345,075c5cf8,en,256,1191,26,0.1015625,0.8984375,0.49603174603174605,0.5278688524590164,False,252,0.9996279592462889,26,2026-08-15T16:28:55
259,fraction_geometry,scattered,0.15,1661_1,1661,17345,075c5cf8,en,256,1203,38,0.1484375,0.8515625,0.5126984126984127,0.5278688524590164,False,252,0.9996747526543777,38,2026-08-15T16:28:55
260,fraction_geometry,scattered,0.2,1661_1,1661,17345,075c5cf8,en,256,1198,51,0.19921875,0.80078125,0.5238095238095238,0.5278688524590164,False,252,0.9994182915208176,50,2026-08-15T16:28:55
261,fraction_geometry,scattered,0.25,1661_1,1661,17345,075c5cf8,en,256,1207,64,0.25,0.75,0.5325396825396825,0.5278688524590164,True,252,0.999233954626956,62,2026-08-15T16:28:55
262,fraction_geometry,scattered,0.3,1661_1,1661,17345,075c5cf8,en,256,1197,77,0.30078125,0.69921875,0.5380952380952381,0.5278688524590164,True,252,0.9993420218322189,75,2026-08-15T16:28:55
263,fraction_geometry,scattered,0.5,1661_1,1661,17345,075c5cf8,en,256,1146,128,0.5,0.5,0.5721115537848606,0.5278688524590164,True,251,0.9985862568852677,126,2026-08-15T16:28:55
264,fraction_geometry,scattered,0.75,1661_1,1661,17345,075c5cf8,en,256,1120,192,0.75,0.25,0.6219123505976095,0.5278688524590164,True,251,0.9981987913340352,187,2026-08-15T16:28:55
265,fraction_geometry,scattered,1.0,1661_1,1661,17345,075c5cf8,en,256,1063,255,0.99609375,0.00390625,0.6717131474103586,0.5278688524590164,True,251,0.9960357714132105,245,2026-08-15T16:28:55
266,fraction_geometry,sentence,0.02,1661_1,1661,17345,075c5cf8,en,256,1190,12,0.046875,0.953125,0.5075396825396825,0.5278688524590164,False,252,0.9998194885189002,10,2026-08-15T16:28:55
267,fraction_geometry,sentence,0.05,1661_1,1661,17345,075c5cf8,en,256,1177,23,0.08984375,0.91015625,0.5123015873015873,0.5278688524590164,False,252,0.9998186304128401,21,2026-08-15T16:28:55
268,fraction_geometry,sentence,0.1,1661_1,1661,17345,075c5cf8,en,256,1120,89,0.34765625,0.65234375,0.5634920634920635,0.5278688524590164,True,252,0.9990759919735859,86,2026-08-15T16:28:55
269,fraction_geometry,sentence,0.15,1661_1,1661,17345,075c5cf8,en,256,1120,89,0.34765625,0.65234375,0.5634920634920635,0.5278688524590164,True,252,0.9990759919735859,86,2026-08-15T16:28:55
270,fraction_geometry,sentence,0.2,1661_1,1661,17345,075c5cf8,en,256,1120,89,0.34765625,0.65234375,0.5634920634920635,0.5278688524590164,True,252,0.9990759919735859,86,2026-08-15T16:28:55
271,fraction_geometry,sentence,0.25,1661_1,1661,17345,075c5cf8,en,256,1120,89,0.34765625,0.65234375,0.5634920634920635,0.5278688524590164,True,252,0.9990759919735859,86,2026-08-15T16:28:55
272,fraction_geometry,sentence,0.3,1661_1,1661,17345,075c5cf8,en,256,1120,89,0.34765625,0.65234375,0.5634920634920635,0.5278688524590164,True,252,0.9990759919735859,86,2026-08-15T16:28:55
273,fraction_geometry,sentence,0.5,1661_1,1661,17345,075c5cf8,en,256,1101,156,0.609375,0.390625,0.6131474103585658,0.5278688524590164,True,251,0.997548171008201,148,2026-08-15T16:28:55
274,fraction_geometry,sentence,0.75,1661_1,1661,17345,075c5cf8,en,256,1111,205,0.80078125,0.19921875,0.6390438247011953,0.5278688524590164,True,251,0.9964700545245347,195,2026-08-15T16:28:55
275,fraction_geometry,sentence,1.0,1661_1,1661,17345,075c5cf8,en,256,1069,256,1.0,0.0,0.6749003984063745,0.5278688524590164,True,251,0.9959497994350943,245,2026-08-15T16:28:55
276,fraction_geometry,paragraph,0.02,1661_1,1661,17345,075c5cf8,en,256,1095,180,0.703125,0.296875,0.6187250996015936,0.5278688524590164,True,251,0.9973864169661869,172,2026-08-15T16:28:55
277,fraction_geometry,paragraph,0.05,1661_1,1661,17345,075c5cf8,en,256,1095,180,0.703125,0.296875,0.6187250996015936,0.5278688524590164,True,251,0.9973864169661869,172,2026-08-15T16:28:55
278,fraction_geometry,paragraph,0.1,1661_1,1661,17345,075c5cf8,en,256,1095,180,0.703125,0.296875,0.6187250996015936,0.5278688524590164,True,251,0.9973864169661869,172,2026-08-15T16:28:55
279,fraction_geometry,paragraph,0.15,1661_1,1661,17345,075c5cf8,en,256,1095,180,0.703125,0.296875,0.6187250996015936,0.5278688524590164,True,251,0.9973864169661869,172,2026-08-15T16:28:55
280,fraction_geometry,paragraph,0.2,1661_1,1661,17345,075c5cf8,en,256,1095,180,0.703125,0.296875,0.6187250996015936,0.5278688524590164,True,251,0.9973864169661869,172,2026-08-15T16:28:55
281,fraction_geometry,paragraph,0.25,1661_1,1661,17345,075c5cf8,en,256,1095,180,0.703125,0.296875,0.6187250996015936,0.5278688524590164,True,251,0.9973864169661869,172,2026-08-15T16:28:55
282,fraction_geometry,paragraph,0.3,1661_1,1661,17345,075c5cf8,en,256,1095,180,0.703125,0.296875,0.6187250996015936,0.5278688524590164,True,251,0.9973864169661869,172,2026-08-15T16:28:55
283,fraction_geometry,paragraph,0.5,1661_1,1661,17345,075c5cf8,en,256,1095,180,0.703125,0.296875,0.6187250996015936,0.5278688524590164,True,251,0.9973864169661869,172,2026-08-15T16:28:55
284,fraction_geometry,paragraph,0.75,1661_1,1661,17345,075c5cf8,en,256,1069,256,1.0,0.0,0.6749003984063745,0.5278688524590164,True,251,0.9959497994350943,245,2026-08-15T16:28:55
285,fraction_geometry,paragraph,1.0,1661_1,1661,17345,075c5cf8,en,256,1069,256,1.0,0.0,0.6749003984063745,0.5278688524590164,True,251,0.9959497994350943,245,2026-08-15T16:28:55
286,edit_mode,spelling,0.01953125,1661_1,1661,17345,075c5cf8,en,256,1183,5,0.01953125,0.98046875,0.4992063492063492,0.5278688524590164,False,252,0.9999593313311724,5,2026-08-15T16:28:55
287,edit_mode,grammar,0.0390625,1661_1,1661,17345,075c5cf8,en,256,1186,10,0.0390625,0.9609375,0.5091269841269841,0.5278688524590164,False,252,0.999879420219878,10,2026-08-15T16:28:55
288,edit_mode,punctuation,0.01953125,1661_1,1661,17345,075c5cf8,en,256,1183,5,0.01953125,0.98046875,0.4992063492063492,0.5278688524590164,False,252,0.9999593313311724,5,2026-08-15T16:28:55
289,edit_mode,light_copyedit,0.078125,1661_1,1661,17345,075c5cf8,en,256,1181,20,0.078125,0.921875,0.5095238095238095,0.5278688524590164,False,252,0.9998739770874309,20,2026-08-15T16:28:55
290,edit_mode,sentence_rewrite,0.05078125,1661_1,1661,17345,075c5cf8,en,256,1165,13,0.05078125,0.94921875,0.5043650793650793,0.5278688524590164,False,252,0.9998326677274345,13,2026-08-15T16:28:55
291,edit_mode,paragraph_rewrite,0.296875,1661_1,1661,17345,075c5cf8,en,256,1146,76,0.296875,0.703125,0.5503968253968254,0.5278688524590164,True,252,0.999854639865575,74,2026-08-15T16:28:55
292,edit_mode,added_paragraph,0.16339869281045752,1661_1,1661,17345,075c5cf8,en,306,1376,50,0.16339869281045752,0.8366013071895425,0.5294701986754967,0.5278688524590164,True,302,0.9999800185979949,50,2026-08-15T16:28:55
293,edit_mode,ai_intro_conclusion,0.189873417721519,1661_1,1661,17345,075c5cf8,en,316,1414,60,0.189873417721519,0.810126582278481,0.5317307692307692,0.5278688524590164,True,312,0.9998931391564874,60,2026-08-15T16:28:55
294,baseline,human,0.0,1661_2,1661,18345,075c5cf8,en,256,1060,0,0.0,1.0,0.5212244897959184,0.5278688524590164,False,245,1.0000000000000002,0,2026-08-15T16:28:55
295,fraction_geometry,contiguous,0.02,1661_2,1661,18345,075c5cf8,en,256,1065,5,0.01953125,0.98046875,0.5244897959183673,0.5278688524590164,False,245,0.9999643931303955,5,2026-08-15T16:28:55
296,fraction_geometry,contiguous,0.05,1661_2,1661,18345,075c5cf8,en,256,1053,13,0.05078125,0.94921875,0.5232653061224489,0.5278688524590164,False,245,0.9999470884355653,13,2026-08-15T16:28:55
297,fraction_geometry,contiguous,0.1,1661_2,1661,18345,075c5cf8,en,256,1048,26,0.1015625,0.8984375,0.529795918367347,0.5278688524590164,True,245,0.9999393444002527,26,2026-08-15T16:28:55
298,fraction_geometry,contiguous,0.15,1661_2,1661,18345,075c5cf8,en,256,1064,38,0.1484375,0.8515625,0.5387755102040817,0.5278688524590164,True,245,0.9999060427163972,37,2026-08-15T16:28:55
299,fraction_geometry,contiguous,0.2,1661_2,1661,18345,075c5cf8,en,256,1065,51,0.19921875,0.80078125,0.5432653061224489,0.5278688524590164,True,245,0.9998743075838347,49,2026-08-15T16:28:55
300,fraction_geometry,contiguous,0.25,1661_2,1661,18345,075c5cf8,en,256,1070,64,0.25,0.75,0.5493877551020409,0.5278688524590164,True,245,0.9998122423841387,61,2026-08-15T16:28:55
301,fraction_geometry,contiguous,0.3,1661_2,1661,18345,075c5cf8,en,256,1077,77,0.30078125,0.69921875,0.5595918367346939,0.5278688524590164,True,245,0.9996206490666718,74,2026-08-15T16:28:55
302,fraction_geometry,contiguous,0.5,1661_2,1661,18345,075c5cf8,en,256,1120,128,0.5,0.5,0.5936507936507937,0.5278688524590164,True,252,0.9993876074740755,123,2026-08-15T16:28:55
303,fraction_geometry,contiguous,0.75,1661_2,1661,18345,075c5cf8,en,256,1198,192,0.75,0.25,0.616,0.5278688524590164,True,250,0.9985870797435565,185,2026-08-15T16:28:55
304,fraction_geometry,contiguous,1.0,1661_2,1661,18345,075c5cf8,en,256,1278,256,1.0,0.0,0.6576,0.5278688524590164,True,250,0.9973939860156364,248,2026-08-15T16:28:55
305,fraction_geometry,scattered,0.02,1661_2,1661,18345,075c5cf8,en,256,1070,5,0.01953125,0.98046875,0.5195918367346939,0.5278688524590164,False,245,0.9999787328414994,5,2026-08-15T16:28:55
306,fraction_geometry,scattered,0.05,1661_2,1661,18345,075c5cf8,en,256,1071,13,0.05078125,0.94921875,0.5182926829268293,0.5278688524590164,False,246,0.9999129228619281,13,2026-08-15T16:28:55
307,fraction_geometry,scattered,0.1,1661_2,1661,18345,075c5cf8,en,256,1083,26,0.1015625,0.8984375,0.5235772357723577,0.5278688524590164,False,246,0.9998576771017589,26,2026-08-15T16:28:55
308,fraction_geometry,scattered,0.15,1661_2,1661,18345,075c5cf8,en,256,1090,38,0.1484375,0.8515625,0.5303643724696356,0.5278688524590164,True,247,0.9998696878885859,38,2026-08-15T16:28:55
309,fraction_geometry,scattered,0.2,1661_2,1661,18345,075c5cf8,en,256,1120,51,0.19921875,0.80078125,0.534008097165992,0.5278688524590164,True,247,0.9997989383661544,51,2026-08-15T16:28:55
310,fraction_geometry,scattered,0.25,1661_2,1661,18345,075c5cf8,en,256,1148,64,0.25,0.75,0.5463709677419355,0.5278688524590164,True,248,0.9997488362612423,64,2026-08-15T16:28:55
311,fraction_geometry,scattered,0.3,1661_2,1661,18345,075c5cf8,en,256,1164,77,0.30078125,0.69921875,0.5576,0.5278688524590164,True,250,0.9996683991385603,76,2026-08-15T16:28:55
312,fraction_geometry,scattered,0.5,1661_2,1661,18345,075c5cf8,en,256,1226,128,0.5,0.5,0.5813492063492064,0.5278688524590164,True,252,0.9993656480777717,124,2026-08-15T16:28:55
313,fraction_geometry,scattered,0.75,1661_2,1661,18345,075c5cf8,en,256,1253,192,0.75,0.25,0.6159362549800796,0.5278688524590164,True,251,0.9986801231507525,186,2026-08-15T16:28:55
314,fraction_geometry,scattered,1.0,1661_2,1661,18345,075c5cf8,en,256,1275,255,0.99609375,0.00390625,0.6584,0.5278688524590164,True,250,0.9974663197664365,247,2026-08-15T16:28:55
315,fraction_geometry,sentence,0.02,1661_2,1661,18345,075c5cf8,en,256,1111,18,0.0703125,0.9296875,0.5255060728744939,0.5278688524590164,False,247,0.9997508003079802,18,2026-08-15T16:28:55
316,fraction_geometry,sentence,0.05,1661_2,1661,18345,075c5cf8,en,256,1111,18,0.0703125,0.9296875,0.5255060728744939,0.5278688524590164,False,247,0.9997508003079802,18,2026-08-15T16:28:55
317,fraction_geometry,sentence,0.1,1661_2,1661,18345,075c5cf8,en,256,1124,43,0.16796875,0.83203125,0.5471774193548387,0.5278688524590164,True,248,0.9994168872344098,43,2026-08-15T16:28:55
318,fraction_geometry,sentence,0.15,1661_2,1661,18345,075c5cf8,en,256,1124,43,0.16796875,0.83203125,0.5471774193548387,0.5278688524590164,True,248,0.9994168872344098,43,2026-08-15T16:28:55
319,fraction_geometry,sentence,0.2,1661_2,1661,18345,075c5cf8,en,256,1123,61,0.23828125,0.76171875,0.5504032258064516,0.5278688524590164,True,248,0.999514293089471,61,2026-08-15T16:28:55
320,fraction_geometry,sentence,0.25,1661_2,1661,18345,075c5cf8,en,256,1140,118,0.4609375,0.5390625,0.5794354838709678,0.5278688524590164,True,248,0.9987433625422697,115,2026-08-15T16:28:55
321,fraction_geometry,sentence,0.3,1661_2,1661,18345,075c5cf8,en,256,1140,118,0.4609375,0.5390625,0.5794354838709678,0.5278688524590164,True,248,0.9987433625422697,115,2026-08-15T16:28:55
322,fraction_geometry,sentence,0.5,1661_2,1661,18345,075c5cf8,en,256,1182,165,0.64453125,0.35546875,0.6174603174603175,0.5278688524590164,True,252,0.998316694235043,160,2026-08-15T16:28:55
323,fraction_geometry,sentence,0.75,1661_2,1661,18345,075c5cf8,en,256,1274,224,0.875,0.125,0.6346613545816733,0.5278688524590164,True,251,0.9977579319360479,217,2026-08-15T16:28:55
324,fraction_geometry,sentence,1.0,1661_2,1661,18345,075c5cf8,en,256,1278,256,1.0,0.0,0.6576,0.5278688524590164,True,250,0.9973939860156364,248,2026-08-15T16:28:55
325,fraction_geometry,paragraph,0.02,1661_2,1661,18345,075c5cf8,en,256,1278,256,1.0,0.0,0.6576,0.5278688524590164,True,250,0.9973939860156364,248,2026-08-15T16:28:55
326,fraction_geometry,paragraph,0.05,1661_2,1661,18345,075c5cf8,en,256,1278,256,1.0,0.0,0.6576,0.5278688524590164,True,250,0.9973939860156364,248,2026-08-15T16:28:55
327,fraction_geometry,paragraph,0.1,1661_2,1661,18345,075c5cf8,en,256,1278,256,1.0,0.0,0.6576,0.5278688524590164,True,250,0.9973939860156364,248,2026-08-15T16:28:55
328,fraction_geometry,paragraph,0.15,1661_2,1661,18345,075c5cf8,en,256,1278,256,1.0,0.0,0.6576,0.5278688524590164,True,250,0.9973939860156364,248,2026-08-15T16:28:55
329,fraction_geometry,paragraph,0.2,1661_2,1661,18345,075c5cf8,en,256,1278,256,1.0,0.0,0.6576,0.5278688524590164,True,250,0.9973939860156364,248,2026-08-15T16:28:55
330,fraction_geometry,paragraph,0.25,1661_2,1661,18345,075c5cf8,en,256,1278,256,1.0,0.0,0.6576,0.5278688524590164,True,250,0.9973939860156364,248,2026-08-15T16:28:55
331,fraction_geometry,paragraph,0.3,1661_2,1661,18345,075c5cf8,en,256,1278,256,1.0,0.0,0.6576,0.5278688524590164,True,250,0.9973939860156364,248,2026-08-15T16:28:55
332,fraction_geometry,paragraph,0.5,1661_2,1661,18345,075c5cf8,en,256,1278,256,1.0,0.0,0.6576,0.5278688524590164,True,250,0.9973939860156364,248,2026-08-15T16:28:55
333,fraction_geometry,paragraph,0.75,1661_2,1661,18345,075c5cf8,en,256,1278,256,1.0,0.0,0.6576,0.5278688524590164,True,250,0.9973939860156364,248,2026-08-15T16:28:55
334,fraction_geometry,paragraph,1.0,1661_2,1661,18345,075c5cf8,en,256,1278,256,1.0,0.0,0.6576,0.5278688524590164,True,250,0.9973939860156364,248,2026-08-15T16:28:55
335,edit_mode,spelling,0.01953125,1661_2,1661,18345,075c5cf8,en,256,1070,5,0.01953125,0.98046875,0.5195918367346939,0.5278688524590164,False,245,0.9999787328414994,5,2026-08-15T16:28:55
336,edit_mode,grammar,0.0390625,1661_2,1661,18345,075c5cf8,en,256,1085,10,0.0390625,0.9609375,0.5101214574898786,0.5278688524590164,False,247,0.9998840582027876,10,2026-08-15T16:28:55
337,edit_mode,punctuation,0.01953125,1661_2,1661,18345,075c5cf8,en,256,1070,5,0.01953125,0.98046875,0.5195918367346939,0.5278688524590164,False,245,0.9999787328414994,5,2026-08-15T16:28:55
338,edit_mode,light_copyedit,0.078125,1661_2,1661,18345,075c5cf8,en,256,1105,20,0.078125,0.921875,0.5117408906882591,0.5278688524590164,False,247,0.9999117974521927,20,2026-08-15T16:28:55
339,edit_mode,sentence_rewrite,0.18359375,1661_2,1661,18345,075c5cf8,en,256,1102,47,0.18359375,0.81640625,0.5563492063492064,0.5278688524590164,True,252,0.9998743489728678,45,2026-08-15T16:28:55
340,edit_mode,paragraph_rewrite,1.0,1661_2,1661,18345,075c5cf8,en,256,1278,256,1.0,0.0,0.6576,0.5278688524590164,True,250,0.9973939860156364,248,2026-08-15T16:28:55
341,edit_mode,added_paragraph,0.16339869281045752,1661_2,1661,18345,075c5cf8,en,306,1272,50,0.16339869281045752,0.8366013071895425,0.5414965986394558,0.5278688524590164,True,294,0.9999703010429805,50,2026-08-15T16:28:55
342,edit_mode,ai_intro_conclusion,0.189873417721519,1661_2,1661,18345,075c5cf8,en,316,1359,60,0.189873417721519,0.810126582278481,0.5422950819672131,0.5278688524590164,True,305,0.9998116067212058,60,2026-08-15T16:28:55
343,baseline,human,0.0,1661_3,1661,19345,075c5cf8,en,256,1090,0,0.0,1.0,0.5083333333333333,0.5278688524590164,False,252,1.0,0,2026-08-15T16:28:55
344,fraction_geometry,contiguous,0.02,1661_3,1661,19345,075c5cf8,en,256,1083,5,0.01953125,0.98046875,0.5103174603174603,0.5278688524590164,False,252,0.9999966239406161,5,2026-08-15T16:28:55
345,fraction_geometry,contiguous,0.05,1661_3,1661,19345,075c5cf8,en,256,1086,13,0.05078125,0.94921875,0.5103174603174603,0.5278688524590164,False,252,0.9999860925908464,13,2026-08-15T16:28:55
346,fraction_geometry,contiguous,0.1,1661_3,1661,19345,075c5cf8,en,256,1108,26,0.1015625,0.8984375,0.5198412698412699,0.5278688524590164,False,252,0.9998692386142668,26,2026-08-15T16:28:55
347,fraction_geometry,contiguous,0.15,1661_3,1661,19345,075c5cf8,en,256,1119,38,0.1484375,0.8515625,0.5285714285714286,0.5278688524590164,True,252,0.9998285170521051,38,2026-08-15T16:28:55
348,fraction_geometry,contiguous,0.2,1661_3,1661,19345,075c5cf8,en,256,1095,51,0.19921875,0.80078125,0.5373015873015873,0.5278688524590164,True,252,0.9998101500473006,50,2026-08-15T16:28:55
349,fraction_geometry,contiguous,0.25,1661_3,1661,19345,075c5cf8,en,256,1083,64,0.25,0.75,0.5361111111111111,0.5278688524590164,True,252,0.9997980528316094,61,2026-08-15T16:28:55
350,fraction_geometry,contiguous,0.3,1661_3,1661,19345,075c5cf8,en,256,1065,77,0.30078125,0.69921875,0.546031746031746,0.5278688524590164,True,252,0.9997441428977263,74,2026-08-15T16:28:55
351,fraction_geometry,contiguous,0.5,1661_3,1661,19345,075c5cf8,en,256,1069,128,0.5,0.5,0.574485596707819,0.5278688524590164,True,243,0.9995875346646051,124,2026-08-15T16:28:55
352,fraction_geometry,contiguous,0.75,1661_3,1661,19345,075c5cf8,en,256,1067,192,0.75,0.25,0.6115702479338843,0.5278688524590164,True,242,0.9994108286894726,187,2026-08-15T16:28:55
353,fraction_geometry,contiguous,1.0,1661_3,1661,19345,075c5cf8,en,256,1103,256,1.0,0.0,0.6560165975103734,0.5278688524590164,True,241,0.9988638726648263,248,2026-08-15T16:28:55
354,fraction_geometry,scattered,0.02,1661_3,1661,19345,075c5cf8,en,256,1101,5,0.01953125,0.98046875,0.5079365079365079,0.5278688524590164,False,252,0.9999753744593602,5,2026-08-15T16:28:55
355,fraction_geometry,scattered,0.05,1661_3,1661,19345,075c5cf8,en,256,1102,13,0.05078125,0.94921875,0.5059523809523809,0.5278688524590164,False,252,0.9999051254975491,13,2026-08-15T16:28:55
356,fraction_geometry,scattered,0.1,1661_3,1661,19345,075c5cf8,en,256,1130,26,0.1015625,0.8984375,0.5103174603174603,0.5278688524590164,False,252,0.9998805548236015,26,2026-08-15T16:28:55
357,fraction_geometry,scattered,0.15,1661_3,1661,19345,075c5cf8,en,256,1139,38,0.1484375,0.8515625,0.5142857142857142,0.5278688524590164,False,252,0.999716908555262,38,2026-08-15T16:28:55
358,fraction_geometry,scattered,0.2,1661_3,1661,19345,075c5cf8,en,256,1142,51,0.19921875,0.80078125,0.5222222222222223,0.5278688524590164,False,252,0.9997580492255412,51,2026-08-15T16:28:55
359,fraction_geometry,scattered,0.25,1661_3,1661,19345,075c5cf8,en,256,1153,64,0.25,0.75,0.5333333333333333,0.5278688524590164,True,252,0.9997029888775701,64,2026-08-15T16:28:55
360,fraction_geometry,scattered,0.3,1661_3,1661,19345,075c5cf8,en,256,1145,77,0.30078125,0.69921875,0.5436507936507936,0.5278688524590164,True,252,0.9996668957811462,77,2026-08-15T16:28:55
361,fraction_geometry,scattered,0.5,1661_3,1661,19345,075c5cf8,en,256,1154,128,0.5,0.5,0.5841269841269842,0.5278688524590164,True,252,0.9995493537222908,127,2026-08-15T16:28:55
362,fraction_geometry,scattered,0.75,1661_3,1661,19345,075c5cf8,en,256,1115,192,0.75,0.25,0.6175298804780877,0.5278688524590164,True,251,0.9993260562805251,187,2026-08-15T16:28:55
363,fraction_geometry,scattered,1.0,1661_3,1661,19345,075c5cf8,en,256,1100,255,0.99609375,0.00390625,0.6547325102880659,0.5278688524590164,True,243,0.9988533659490765,247,2026-08-15T16:28:55
364,fraction_geometry,sentence,0.02,1661_3,1661,19345,075c5cf8,en,256,1099,7,0.02734375,0.97265625,0.5126984126984127,0.5278688524590164,False,252,0.9998959891652414,7,2026-08-15T16:28:55
365,fraction_geometry,sentence,0.05,1661_3,1661,19345,075c5cf8,en,256,1101,20,0.078125,0.921875,0.5238095238095238,0.5278688524590164,False,252,0.9998085734999096,20,2026-08-15T16:28:55
366,fraction_geometry,sentence,0.1,1661_3,1661,19345,075c5cf8,en,256,1103,48,0.1875,0.8125,0.5388888888888889,0.5278688524590164,True,252,0.9997409871590692,46,2026-08-15T16:28:55
367,fraction_geometry,sentence,0.15,1661_3,1661,19345,075c5cf8,en,256,1103,48,0.1875,0.8125,0.5388888888888889,0.5278688524590164,True,252,0.9997409871590692,46,2026-08-15T16:28:55
368,fraction_geometry,sentence,0.2,1661_3,1661,19345,075c5cf8,en,256,1123,63,0.24609375,0.75390625,0.546,0.5278688524590164,True,250,0.999775063301919,61,2026-08-15T16:28:55
369,fraction_geometry,sentence,0.25,1661_3,1661,19345,075c5cf8,en,256,1125,87,0.33984375,0.66015625,0.564,0.5278688524590164,True,250,0.9993536187558248,85,2026-08-15T16:28:55
370,fraction_geometry,sentence,0.3,1661_3,1661,19345,075c5cf8,en,256,1125,87,0.33984375,0.66015625,0.564,0.5278688524590164,True,250,0.9993536187558248,85,2026-08-15T16:28:55
371,fraction_geometry,sentence,0.5,1661_3,1661,19345,075c5cf8,en,256,1091,162,0.6328125,0.3671875,0.6020746887966805,0.5278688524590164,True,241,0.9992993961683986,156,2026-08-15T16:28:55
372,fraction_geometry,sentence,0.75,1661_3,1661,19345,075c5cf8,en,256,1090,203,0.79296875,0.20703125,0.616597510373444,0.5278688524590164,True,241,0.9991627304524254,196,2026-08-15T16:28:55
373,fraction_geometry,sentence,1.0,1661_3,1661,19345,075c5cf8,en,256,1103,256,1.0,0.0,0.6560165975103734,0.5278688524590164,True,241,0.9988638726648263,248,2026-08-15T16:28:55
374,fraction_geometry,paragraph,0.02,1661_3,1661,19345,075c5cf8,en,256,1103,256,1.0,0.0,0.6560165975103734,0.5278688524590164,True,241,0.9988638726648263,248,2026-08-15T16:28:55
375,fraction_geometry,paragraph,0.05,1661_3,1661,19345,075c5cf8,en,256,1103,256,1.0,0.0,0.6560165975103734,0.5278688524590164,True,241,0.9988638726648263,248,2026-08-15T16:28:55
376,fraction_geometry,paragraph,0.1,1661_3,1661,19345,075c5cf8,en,256,1103,256,1.0,0.0,0.6560165975103734,0.5278688524590164,True,241,0.9988638726648263,248,2026-08-15T16:28:55
377,fraction_geometry,paragraph,0.15,1661_3,1661,19345,075c5cf8,en,256,1103,256,1.0,0.0,0.6560165975103734,0.5278688524590164,True,241,0.9988638726648263,248,2026-08-15T16:28:55
378,fraction_geometry,paragraph,0.2,1661_3,1661,19345,075c5cf8,en,256,1103,256,1.0,0.0,0.6560165975103734,0.5278688524590164,True,241,0.9988638726648263,248,2026-08-15T16:28:55
379,fraction_geometry,paragraph,0.25,1661_3,1661,19345,075c5cf8,en,256,1103,256,1.0,0.0,0.6560165975103734,0.5278688524590164,True,241,0.9988638726648263,248,2026-08-15T16:28:55
380,fraction_geometry,paragraph,0.3,1661_3,1661,19345,075c5cf8,en,256,1103,256,1.0,0.0,0.6560165975103734,0.5278688524590164,True,241,0.9988638726648263,248,2026-08-15T16:28:55
381,fraction_geometry,paragraph,0.5,1661_3,1661,19345,075c5cf8,en,256,1103,256,1.0,0.0,0.6560165975103734,0.5278688524590164,True,241,0.9988638726648263,248,2026-08-15T16:28:55
382,fraction_geometry,paragraph,0.75,1661_3,1661,19345,075c5cf8,en,256,1103,256,1.0,0.0,0.6560165975103734,0.5278688524590164,True,241,0.9988638726648263,248,2026-08-15T16:28:55
383,fraction_geometry,paragraph,1.0,1661_3,1661,19345,075c5cf8,en,256,1103,256,1.0,0.0,0.6560165975103734,0.5278688524590164,True,241,0.9988638726648263,248,2026-08-15T16:28:55
384,edit_mode,spelling,0.01953125,1661_3,1661,19345,075c5cf8,en,256,1101,5,0.01953125,0.98046875,0.5079365079365079,0.5278688524590164,False,252,0.9999753744593602,5,2026-08-15T16:28:55
385,edit_mode,grammar,0.0390625,1661_3,1661,19345,075c5cf8,en,256,1096,10,0.0390625,0.9609375,0.5095238095238095,0.5278688524590164,False,252,0.9997418773721576,10,2026-08-15T16:28:55
386,edit_mode,punctuation,0.01953125,1661_3,1661,19345,075c5cf8,en,256,1101,5,0.01953125,0.98046875,0.5079365079365079,0.5278688524590164,False,252,0.9999753744593602,5,2026-08-15T16:28:55
387,edit_mode,light_copyedit,0.078125,1661_3,1661,19345,075c5cf8,en,256,1093,20,0.078125,0.921875,0.5027777777777778,0.5278688524590164,False,252,0.9999460314122357,20,2026-08-15T16:28:55
388,edit_mode,sentence_rewrite,0.1171875,1661_3,1661,19345,075c5cf8,en,256,1053,30,0.1171875,0.8828125,0.515079365079365,0.5278688524590164,False,252,0.9999327688260121,28,2026-08-15T16:28:55
389,edit_mode,paragraph_rewrite,1.0,1661_3,1661,19345,075c5cf8,en,256,1103,256,1.0,0.0,0.6560165975103734,0.5278688524590164,True,241,0.9988638726648263,248,2026-08-15T16:28:55
390,edit_mode,added_paragraph,0.16339869281045752,1661_3,1661,19345,075c5cf8,en,306,1310,50,0.16339869281045752,0.8366013071895425,0.5317880794701987,0.5278688524590164,True,302,0.9999469431093881,50,2026-08-15T16:28:55
391,edit_mode,ai_intro_conclusion,0.189873417721519,1661_3,1661,19345,075c5cf8,en,316,1348,60,0.189873417721519,0.810126582278481,0.5375,0.5278688524590164,True,312,0.9998926813097374,60,2026-08-15T16:28:55
392,baseline,human,0.0,84_0,84,20345,075c5cf8,en,241,1116,0,0.0,1.0,0.5063291139240507,0.5278688524590164,False,237,1.0000000000000002,0,2026-08-15T16:28:55
393,fraction_geometry,contiguous,0.02,84_0,84,20345,075c5cf8,en,241,1112,5,0.02074688796680498,0.979253112033195,0.5067510548523206,0.5278688524590164,False,237,0.9999739026001764,5,2026-08-15T16:28:55
394,fraction_geometry,contiguous,0.05,84_0,84,20345,075c5cf8,en,241,1114,12,0.04979253112033195,0.950207468879668,0.5118143459915612,0.5278688524590164,False,237,0.999942746585062,12,2026-08-15T16:28:55
395,fraction_geometry,contiguous,0.1,84_0,84,20345,075c5cf8,en,241,1113,24,0.0995850622406639,0.9004149377593361,0.5198312236286919,0.5278688524590164,False,237,0.9998502912819015,24,2026-08-15T16:28:55
396,fraction_geometry,contiguous,0.15,84_0,84,20345,075c5cf8,en,241,1106,36,0.14937759336099585,0.8506224066390041,0.5227848101265823,0.5278688524590164,False,237,0.9997486019357185,36,2026-08-15T16:28:55
397,fraction_geometry,contiguous,0.2,84_0,84,20345,075c5cf8,en,241,1102,48,0.1991701244813278,0.8008298755186722,0.5331914893617021,0.5278688524590164,True,235,0.9996067959292184,47,2026-08-15T16:28:55
398,fraction_geometry,contiguous,0.25,84_0,84,20345,075c5cf8,en,241,1097,60,0.24896265560165975,0.7510373443983402,0.5357446808510639,0.5278688524590164,True,235,0.9995009737957407,59,2026-08-15T16:28:55
399,fraction_geometry,contiguous,0.3,84_0,84,20345,075c5cf8,en,241,1084,72,0.2987551867219917,0.7012448132780082,0.548936170212766,0.5278688524590164,True,235,0.9993665273150084,71,2026-08-15T16:28:55
400,fraction_geometry,contiguous,0.5,84_0,84,20345,075c5cf8,en,241,1100,120,0.4979253112033195,0.5020746887966805,0.5795744680851064,0.5278688524590164,True,235,0.9988338844467292,118,2026-08-15T16:28:55
401,fraction_geometry,contiguous,0.75,84_0,84,20345,075c5cf8,en,241,1123,181,0.7510373443983402,0.24896265560165975,0.6076923076923076,0.5278688524590164,True,234,0.9979402565118342,178,2026-08-15T16:28:55
402,fraction_geometry,contiguous,1.0,84_0,84,20345,075c5cf8,en,241,1102,241,1.0,0.0,0.6409482758620689,0.5278688524590164,True,232,0.9958588655185205,236,2026-08-15T16:28:55
403,fraction_geometry,scattered,0.02,84_0,84,20345,075c5cf8,en,241,1113,5,0.02074688796680498,0.979253112033195,0.5067510548523206,0.5278688524590164,False,237,0.9999393806772482,5,2026-08-15T16:28:55
404,fraction_geometry,scattered,0.05,84_0,84,20345,075c5cf8,en,241,1116,12,0.04979253112033195,0.950207468879668,0.5054852320675105,0.5278688524590164,False,237,0.9998657486904867,12,2026-08-15T16:28:55
405,fraction_geometry,scattered,0.1,84_0,84,20345,075c5cf8,en,241,1099,24,0.0995850622406639,0.9004149377593361,0.5135021097046414,0.5278688524590164,False,237,0.9995977331921564,24,2026-08-15T16:28:55
406,fraction_geometry,scattered,0.15,84_0,84,20345,075c5cf8,en,241,1105,36,0.14937759336099585,0.8506224066390041,0.4991561181434599,0.5278688524590164,False,237,0.9996991537458937,36,2026-08-15T16:28:55
407,fraction_geometry,scattered,0.2,84_0,84,20345,075c5cf8,en,241,1105,48,0.1991701244813278,0.8008298755186722,0.5126582278481012,0.5278688524590164,False,237,0.9996862229079821,48,2026-08-15T16:28:55
408,fraction_geometry,scattered,0.25,84_0,84,20345,075c5cf8,en,241,1095,60,0.24896265560165975,0.7510373443983402,0.5215189873417722,0.5278688524590164,False,237,0.9977161417097258,60,2026-08-15T16:28:55
409,fraction_geometry,scattered,0.3,84_0,84,20345,075c5cf8,en,241,1104,72,0.2987551867219917,0.7012448132780082,0.5181434599156118,0.5278688524590164,False,237,0.9989858491886484,72,2026-08-15T16:28:55
410,fraction_geometry,scattered,0.5,84_0,84,20345,075c5cf8,en,241,1116,120,0.4979253112033195,0.5020746887966805,0.5578723404255319,0.5278688524590164,True,235,0.9981204054507529,119,2026-08-15T16:28:55
411,fraction_geometry,scattered,0.75,84_0,84,20345,075c5cf8,en,241,1082,181,0.7510373443983402,0.24896265560165975,0.5905172413793104,0.5278688524590164,True,232,0.9964873803593468,177,2026-08-15T16:28:55
412,fraction_geometry,scattered,1.0,84_0,84,20345,075c5cf8,en,241,1101,240,0.995850622406639,0.004149377593360981,0.6405172413793103,0.5278688524590164,True,232,0.9958717231826447,235,2026-08-15T16:28:55
413,fraction_geometry,sentence,0.02,84_0,84,20345,075c5cf8,en,241,1098,28,0.11618257261410789,0.8838174273858921,0.5215189873417722,0.5278688524590164,False,237,0.9996325199558341,28,2026-08-15T16:28:55
414,fraction_geometry,sentence,0.05,84_0,84,20345,075c5cf8,en,241,1098,28,0.11618257261410789,0.8838174273858921,0.5215189873417722,0.5278688524590164,False,237,0.9996325199558341,28,2026-08-15T16:28:55
415,fraction_geometry,sentence,0.1,84_0,84,20345,075c5cf8,en,241,1098,28,0.11618257261410789,0.8838174273858921,0.5215189873417722,0.5278688524590164,False,237,0.9996325199558341,28,2026-08-15T16:28:55
416,fraction_geometry,sentence,0.15,84_0,84,20345,075c5cf8,en,241,1109,55,0.22821576763485477,0.7717842323651453,0.5379746835443038,0.5278688524590164,True,237,0.9993707524745135,54,2026-08-15T16:28:55
417,fraction_geometry,sentence,0.2,84_0,84,20345,075c5cf8,en,241,1109,55,0.22821576763485477,0.7717842323651453,0.5379746835443038,0.5278688524590164,True,237,0.9993707524745135,54,2026-08-15T16:28:55
418,fraction_geometry,sentence,0.25,84_0,84,20345,075c5cf8,en,241,1095,131,0.5435684647302904,0.4564315352697096,0.5846808510638298,0.5278688524590164,True,235,0.9982529178694828,128,2026-08-15T16:28:55
419,fraction_geometry,sentence,0.3,84_0,84,20345,075c5cf8,en,241,1095,131,0.5435684647302904,0.4564315352697096,0.5846808510638298,0.5278688524590164,True,235,0.9982529178694828,128,2026-08-15T16:28:55
420,fraction_geometry,sentence,0.5,84_0,84,20345,075c5cf8,en,241,1095,131,0.5435684647302904,0.4564315352697096,0.5846808510638298,0.5278688524590164,True,235,0.9982529178694828,128,2026-08-15T16:28:55
421,fraction_geometry,sentence,0.75,84_0,84,20345,075c5cf8,en,241,1116,220,0.9128630705394191,0.08713692946058094,0.635042735042735,0.5278688524590164,True,234,0.9960884161400373,215,2026-08-15T16:28:55
422,fraction_geometry,sentence,1.0,84_0,84,20345,075c5cf8,en,241,1102,241,1.0,0.0,0.6409482758620689,0.5278688524590164,True,232,0.9958588655185205,236,2026-08-15T16:28:55
423,fraction_geometry,paragraph,0.02,84_0,84,20345,075c5cf8,en,241,1115,162,0.6721991701244814,0.3278008298755186,0.603404255319149,0.5278688524590164,True,235,0.9974071401148481,158,2026-08-15T16:28:55
424,fraction_geometry,paragraph,0.05,84_0,84,20345,075c5cf8,en,241,1115,162,0.6721991701244814,0.3278008298755186,0.603404255319149,0.5278688524590164,True,235,0.9974071401148481,158,2026-08-15T16:28:55
425,fraction_geometry,paragraph,0.1,84_0,84,20345,075c5cf8,en,241,1115,162,0.6721991701244814,0.3278008298755186,0.603404255319149,0.5278688524590164,True,235,0.9974071401148481,158,2026-08-15T16:28:55
426,fraction_geometry,paragraph,0.15,84_0,84,20345,075c5cf8,en,241,1115,162,0.6721991701244814,0.3278008298755186,0.603404255319149,0.5278688524590164,True,235,0.9974071401148481,158,2026-08-15T16:28:55
427,fraction_geometry,paragraph,0.2,84_0,84,20345,075c5cf8,en,241,1115,162,0.6721991701244814,0.3278008298755186,0.603404255319149,0.5278688524590164,True,235,0.9974071401148481,158,2026-08-15T16:28:55
428,fraction_geometry,paragraph,0.25,84_0,84,20345,075c5cf8,en,241,1115,162,0.6721991701244814,0.3278008298755186,0.603404255319149,0.5278688524590164,True,235,0.9974071401148481,158,2026-08-15T16:28:55
429,fraction_geometry,paragraph,0.3,84_0,84,20345,075c5cf8,en,241,1115,162,0.6721991701244814,0.3278008298755186,0.603404255319149,0.5278688524590164,True,235,0.9974071401148481,158,2026-08-15T16:28:55
430,fraction_geometry,paragraph,0.5,84_0,84,20345,075c5cf8,en,241,1115,162,0.6721991701244814,0.3278008298755186,0.603404255319149,0.5278688524590164,True,235,0.9974071401148481,158,2026-08-15T16:28:55
431,fraction_geometry,paragraph,0.75,84_0,84,20345,075c5cf8,en,241,1102,241,1.0,0.0,0.6409482758620689,0.5278688524590164,True,232,0.9958588655185205,236,2026-08-15T16:28:55
432,fraction_geometry,paragraph,1.0,84_0,84,20345,075c5cf8,en,241,1102,241,1.0,0.0,0.6409482758620689,0.5278688524590164,True,232,0.9958588655185205,236,2026-08-15T16:28:55
433,edit_mode,spelling,0.02074688796680498,84_0,84,20345,075c5cf8,en,241,1113,5,0.02074688796680498,0.979253112033195,0.5067510548523206,0.5278688524590164,False,237,0.9999393806772482,5,2026-08-15T16:28:55
434,edit_mode,grammar,0.04149377593360996,84_0,84,20345,075c5cf8,en,241,1125,10,0.04149377593360996,0.9585062240663901,0.5130801687763713,0.5278688524590164,False,237,0.9998415619941022,10,2026-08-15T16:28:55
435,edit_mode,punctuation,0.02074688796680498,84_0,84,20345,075c5cf8,en,241,1113,5,0.02074688796680498,0.979253112033195,0.5067510548523206,0.5278688524590164,False,237,0.9999393806772482,5,2026-08-15T16:28:55
436,edit_mode,light_copyedit,0.07883817427385892,84_0,84,20345,075c5cf8,en,241,1105,19,0.07883817427385892,0.9211618257261411,0.5084388185654009,0.5278688524590164,False,237,0.9997151336298159,19,2026-08-15T16:28:55
437,edit_mode,sentence_rewrite,0.12448132780082988,84_0,84,20345,075c5cf8,en,241,1128,30,0.12448132780082988,0.8755186721991701,0.5244725738396624,0.5278688524590164,False,237,0.9999186354712191,29,2026-08-15T16:28:55
438,edit_mode,paragraph_rewrite,0.3278008298755187,84_0,84,20345,075c5cf8,en,241,1103,79,0.3278008298755187,0.6721991701244814,0.538135593220339,0.5278688524590164,True,236,0.9996247476058816,78,2026-08-15T16:28:55
439,edit_mode,added_paragraph,0.1718213058419244,84_0,84,20345,075c5cf8,en,291,1325,50,0.1718213058419244,0.8281786941580755,0.5254355400696864,0.5278688524590164,False,287,0.9999532789003597,50,2026-08-15T16:28:55
440,edit_mode,ai_intro_conclusion,0.19933554817275748,84_0,84,20345,075c5cf8,en,301,1369,60,0.19933554817275748,0.8006644518272426,0.5265993265993266,0.5278688524590164,False,297,0.9984763662693705,60,2026-08-15T16:28:55
441,baseline,human,0.0,84_1,84,21345,075c5cf8,en,253,1140,0,0.0,1.0,0.4911646586345382,0.5278688524590164,False,249,0.9999999999999999,0,2026-08-15T16:28:55
442,fraction_geometry,contiguous,0.02,84_1,84,21345,075c5cf8,en,253,1136,5,0.019762845849802372,0.9802371541501976,0.4895582329317269,0.5278688524590164,False,249,0.9999832620219902,5,2026-08-15T16:28:55
443,fraction_geometry,contiguous,0.05,84_1,84,21345,075c5cf8,en,253,1110,13,0.05138339920948617,0.9486166007905138,0.4975903614457831,0.5278688524590164,False,249,0.9999675191537013,13,2026-08-15T16:28:55
444,fraction_geometry,contiguous,0.1,84_1,84,21345,075c5cf8,en,253,1109,25,0.09881422924901186,0.9011857707509882,0.5028112449799197,0.5278688524590164,False,249,0.9999267205846483,25,2026-08-15T16:28:55
445,fraction_geometry,contiguous,0.15,84_1,84,21345,075c5cf8,en,253,1106,38,0.15019762845849802,0.849802371541502,0.5092369477911647,0.5278688524590164,False,249,0.9998713044068119,38,2026-08-15T16:28:55
446,fraction_geometry,contiguous,0.2,84_1,84,21345,075c5cf8,en,253,1114,51,0.2015810276679842,0.7984189723320159,0.5253012048192771,0.5278688524590164,False,249,0.9998343582519136,51,2026-08-15T16:28:55
447,fraction_geometry,contiguous,0.25,84_1,84,21345,075c5cf8,en,253,1105,63,0.2490118577075099,0.7509881422924901,0.5285140562248996,0.5278688524590164,True,249,0.9997141796211425,63,2026-08-15T16:28:55
448,fraction_geometry,contiguous,0.3,84_1,84,21345,075c5cf8,en,253,1081,76,0.30039525691699603,0.6996047430830039,0.5401606425702812,0.5278688524590164,True,249,0.9996951995959987,76,2026-08-15T16:28:55
449,fraction_geometry,contiguous,0.5,84_1,84,21345,075c5cf8,en,253,1053,126,0.4980237154150198,0.5019762845849802,0.5831325301204819,0.5278688524590164,True,249,0.9993618121614329,125,2026-08-15T16:28:55
450,fraction_geometry,contiguous,0.75,84_1,84,21345,075c5cf8,en,253,1054,190,0.7509881422924901,0.2490118577075099,0.6208835341365462,0.5278688524590164,True,249,0.9987974919085236,188,2026-08-15T16:28:55
451,fraction_geometry,contiguous,1.0,84_1,84,21345,075c5cf8,en,253,1042,253,1.0,0.0,0.6590361445783133,0.5278688524590164,True,249,0.9982391118326667,248,2026-08-15T16:28:55
452,fraction_geometry,scattered,0.02,84_1,84,21345,075c5cf8,en,253,1140,5,0.019762845849802372,0.9802371541501976,0.4867469879518072,0.5278688524590164,False,249,0.9999544364036874,5,2026-08-15T16:28:55
453,fraction_geometry,scattered,0.05,84_1,84,21345,075c5cf8,en,253,1133,13,0.05138339920948617,0.9486166007905138,0.4891566265060241,0.5278688524590164,False,249,0.9999087240461769,13,2026-08-15T16:28:55
454,fraction_geometry,scattered,0.1,84_1,84,21345,075c5cf8,en,253,1142,25,0.09881422924901186,0.9011857707509882,0.4879518072289157,0.5278688524590164,False,249,0.9998028977551915,25,2026-08-15T16:28:55
455,fraction_geometry,scattered,0.15,84_1,84,21345,075c5cf8,en,253,1140,38,0.15019762845849802,0.849802371541502,0.5016064257028112,0.5278688524590164,False,249,0.999717047238969,38,2026-08-15T16:28:55
456,fraction_geometry,scattered,0.2,84_1,84,21345,075c5cf8,en,253,1117,51,0.2015810276679842,0.7984189723320159,0.5024096385542168,0.5278688524590164,False,249,0.9997785828815965,51,2026-08-15T16:28:55
457,fraction_geometry,scattered,0.25,84_1,84,21345,075c5cf8,en,253,1102,63,0.2490118577075099,0.7509881422924901,0.5084337349397591,0.5278688524590164,False,249,0.9992406775393948,63,2026-08-15T16:28:55
458,fraction_geometry,scattered,0.3,84_1,84,21345,075c5cf8,en,253,1113,76,0.30039525691699603,0.6996047430830039,0.5176706827309236,0.5278688524590164,False,249,0.9992287957444945,76,2026-08-15T16:28:55
459,fraction_geometry,scattered,0.5,84_1,84,21345,075c5cf8,en,253,1105,126,0.4980237154150198,0.5019762845849802,0.5590361445783133,0.5278688524590164,True,249,0.9991722473300388,125,2026-08-15T16:28:55
460,fraction_geometry,scattered,0.75,84_1,84,21345,075c5cf8,en,253,1090,190,0.7509881422924901,0.2490118577075099,0.6044176706827309,0.5278688524590164,True,249,0.9990225831995798,189,2026-08-15T16:28:55
461,fraction_geometry,scattered,1.0,84_1,84,21345,075c5cf8,en,253,1038,252,0.9960474308300395,0.0039525691699604515,0.6550200803212851,0.5278688524590164,True,249,0.9982680142142306,248,2026-08-15T16:28:55
462,fraction_geometry,sentence,0.02,84_1,84,21345,075c5cf8,en,253,1139,6,0.023715415019762844,0.9762845849802372,0.4911646586345382,0.5278688524590164,False,249,0.9998753938505215,6,2026-08-15T16:28:55
463,fraction_geometry,sentence,0.05,84_1,84,21345,075c5cf8,en,253,1118,31,0.1225296442687747,0.8774703557312253,0.5048192771084338,0.5278688524590164,False,249,0.9998480050287354,31,2026-08-15T16:28:55
464,fraction_geometry,sentence,0.1,84_1,84,21345,075c5cf8,en,253,1118,31,0.1225296442687747,0.8774703557312253,0.5048192771084338,0.5278688524590164,False,249,0.9998480050287354,31,2026-08-15T16:28:55
465,fraction_geometry,sentence,0.15,84_1,84,21345,075c5cf8,en,253,1093,54,0.2134387351778656,0.7865612648221344,0.5289156626506024,0.5278688524590164,True,249,0.999700669153591,53,2026-08-15T16:28:55
466,fraction_geometry,sentence,0.2,84_1,84,21345,075c5cf8,en,253,1093,54,0.2134387351778656,0.7865612648221344,0.5289156626506024,0.5278688524590164,True,249,0.999700669153591,53,2026-08-15T16:28:55
467,fraction_geometry,sentence,0.25,84_1,84,21345,075c5cf8,en,253,1087,76,0.30039525691699603,0.6996047430830039,0.5381526104417671,0.5278688524590164,True,249,0.9995180661181139,75,2026-08-15T16:28:55
468,fraction_geometry,sentence,0.3,84_1,84,21345,075c5cf8,en,253,1087,76,0.30039525691699603,0.6996047430830039,0.5381526104417671,0.5278688524590164,True,249,0.9995180661181139,75,2026-08-15T16:28:55
469,fraction_geometry,sentence,0.5,84_1,84,21345,075c5cf8,en,253,1054,126,0.4980237154150198,0.5019762845849802,0.578714859437751,0.5278688524590164,True,249,0.9990909693058245,125,2026-08-15T16:28:55
470,fraction_geometry,sentence,0.75,84_1,84,21345,075c5cf8,en,253,1025,190,0.7509881422924901,0.2490118577075099,0.6265060240963856,0.5278688524590164,True,249,0.9986091609594784,187,2026-08-15T16:28:55
471,fraction_geometry,sentence,1.0,84_1,84,21345,075c5cf8,en,253,1042,253,1.0,0.0,0.6590361445783133,0.5278688524590164,True,249,0.9982391118326667,248,2026-08-15T16:28:55
472,fraction_geometry,paragraph,0.02,84_1,84,21345,075c5cf8,en,253,1042,253,1.0,0.0,0.6590361445783133,0.5278688524590164,True,249,0.9982391118326667,248,2026-08-15T16:28:55
473,fraction_geometry,paragraph,0.05,84_1,84,21345,075c5cf8,en,253,1042,253,1.0,0.0,0.6590361445783133,0.5278688524590164,True,249,0.9982391118326667,248,2026-08-15T16:28:55
474,fraction_geometry,paragraph,0.1,84_1,84,21345,075c5cf8,en,253,1042,253,1.0,0.0,0.6590361445783133,0.5278688524590164,True,249,0.9982391118326667,248,2026-08-15T16:28:55
475,fraction_geometry,paragraph,0.15,84_1,84,21345,075c5cf8,en,253,1042,253,1.0,0.0,0.6590361445783133,0.5278688524590164,True,249,0.9982391118326667,248,2026-08-15T16:28:55
476,fraction_geometry,paragraph,0.2,84_1,84,21345,075c5cf8,en,253,1042,253,1.0,0.0,0.6590361445783133,0.5278688524590164,True,249,0.9982391118326667,248,2026-08-15T16:28:55
477,fraction_geometry,paragraph,0.25,84_1,84,21345,075c5cf8,en,253,1042,253,1.0,0.0,0.6590361445783133,0.5278688524590164,True,249,0.9982391118326667,248,2026-08-15T16:28:55
478,fraction_geometry,paragraph,0.3,84_1,84,21345,075c5cf8,en,253,1042,253,1.0,0.0,0.6590361445783133,0.5278688524590164,True,249,0.9982391118326667,248,2026-08-15T16:28:55
479,fraction_geometry,paragraph,0.5,84_1,84,21345,075c5cf8,en,253,1042,253,1.0,0.0,0.6590361445783133,0.5278688524590164,True,249,0.9982391118326667,248,2026-08-15T16:28:55
480,fraction_geometry,paragraph,0.75,84_1,84,21345,075c5cf8,en,253,1042,253,1.0,0.0,0.6590361445783133,0.5278688524590164,True,249,0.9982391118326667,248,2026-08-15T16:28:55
481,fraction_geometry,paragraph,1.0,84_1,84,21345,075c5cf8,en,253,1042,253,1.0,0.0,0.6590361445783133,0.5278688524590164,True,249,0.9982391118326667,248,2026-08-15T16:28:55
482,edit_mode,spelling,0.019762845849802372,84_1,84,21345,075c5cf8,en,253,1140,5,0.019762845849802372,0.9802371541501976,0.4867469879518072,0.5278688524590164,False,249,0.9999544364036874,5,2026-08-15T16:28:55
483,edit_mode,grammar,0.039525691699604744,84_1,84,21345,075c5cf8,en,253,1150,10,0.039525691699604744,0.9604743083003953,0.4903614457831325,0.5278688524590164,False,249,0.9999357829113832,10,2026-08-15T16:28:55
484,edit_mode,punctuation,0.019762845849802372,84_1,84,21345,075c5cf8,en,253,1140,5,0.019762845849802372,0.9802371541501976,0.4867469879518072,0.5278688524590164,False,249,0.9999544364036874,5,2026-08-15T16:28:55
485,edit_mode,light_copyedit,0.07905138339920949,84_1,84,21345,075c5cf8,en,253,1149,20,0.07905138339920949,0.9209486166007905,0.4919678714859438,0.5278688524590164,False,249,0.9998903031709339,20,2026-08-15T16:28:55
486,edit_mode,sentence_rewrite,0.11067193675889328,84_1,84,21345,075c5cf8,en,253,1142,28,0.11067193675889328,0.8893280632411067,0.5040160642570282,0.5278688524590164,False,249,0.99996053227366,27,2026-08-15T16:28:55
487,edit_mode,paragraph_rewrite,1.0,84_1,84,21345,075c5cf8,en,253,1042,253,1.0,0.0,0.6590361445783133,0.5278688524590164,True,249,0.9982391118326667,248,2026-08-15T16:28:55
488,edit_mode,added_paragraph,0.16501650165016502,84_1,84,21345,075c5cf8,en,303,1335,50,0.16501650165016502,0.834983498349835,0.5197324414715719,0.5278688524590164,False,299,0.9999779620565564,50,2026-08-15T16:28:55
489,edit_mode,ai_intro_conclusion,0.19169329073482427,84_1,84,21345,075c5cf8,en,313,1361,60,0.19169329073482427,0.8083067092651757,0.5145631067961165,0.5278688524590164,False,309,0.9998352494959041,60,2026-08-15T16:28:55
490,baseline,human,0.0,84_2,84,22345,075c5cf8,en,256,1193,0,0.0,1.0,0.5079365079365079,0.5278688524590164,False,252,0.9999999999999999,0,2026-08-15T16:28:55
491,fraction_geometry,contiguous,0.02,84_2,84,22345,075c5cf8,en,256,1188,5,0.01953125,0.98046875,0.513095238095238,0.5278688524590164,False,252,0.9999903879698696,5,2026-08-15T16:28:55
492,fraction_geometry,contiguous,0.05,84_2,84,22345,075c5cf8,en,256,1177,13,0.05078125,0.94921875,0.5154761904761904,0.5278688524590164,False,252,0.9999401058401524,13,2026-08-15T16:28:55
493,fraction_geometry,contiguous,0.1,84_2,84,22345,075c5cf8,en,256,1156,26,0.1015625,0.8984375,0.5261904761904762,0.5278688524590164,False,252,0.9998910989953992,26,2026-08-15T16:28:55
494,fraction_geometry,contiguous,0.15,84_2,84,22345,075c5cf8,en,256,1129,38,0.1484375,0.8515625,0.5361111111111111,0.5278688524590164,True,252,0.9998609091745021,37,2026-08-15T16:28:55
495,fraction_geometry,contiguous,0.2,84_2,84,22345,075c5cf8,en,256,1131,51,0.19921875,0.80078125,0.5350597609561752,0.5278688524590164,True,251,0.999826448931571,50,2026-08-15T16:28:55
496,fraction_geometry,contiguous,0.25,84_2,84,22345,075c5cf8,en,256,1133,64,0.25,0.75,0.5434262948207171,0.5278688524590164,True,251,0.9998016940121033,63,2026-08-15T16:28:55
497,fraction_geometry,contiguous,0.3,84_2,84,22345,075c5cf8,en,256,1131,77,0.30078125,0.69921875,0.5561752988047809,0.5278688524590164,True,251,0.9997094952781205,76,2026-08-15T16:28:55
498,fraction_geometry,contiguous,0.5,84_2,84,22345,075c5cf8,en,256,1081,128,0.5,0.5,0.5836653386454184,0.5278688524590164,True,251,0.9987892916544469,125,2026-08-15T16:28:55
499,fraction_geometry,contiguous,0.75,84_2,84,22345,075c5cf8,en,256,1028,192,0.75,0.25,0.6164,0.5278688524590164,True,250,0.9982789918341698,188,2026-08-15T16:28:55
500,fraction_geometry,contiguous,1.0,84_2,84,22345,075c5cf8,en,256,1009,256,1.0,0.0,0.6526970954356847,0.5278688524590164,True,241,0.997404374077792,252,2026-08-15T16:28:55
501,fraction_geometry,scattered,0.02,84_2,84,22345,075c5cf8,en,256,1206,5,0.01953125,0.98046875,0.513095238095238,0.5278688524590164,False,252,0.9999600678036534,5,2026-08-15T16:28:55
502,fraction_geometry,scattered,0.05,84_2,84,22345,075c5cf8,en,256,1198,13,0.05078125,0.94921875,0.5087301587301587,0.5278688524590164,False,252,0.9998800090202749,13,2026-08-15T16:28:55
503,fraction_geometry,scattered,0.1,84_2,84,22345,075c5cf8,en,256,1191,26,0.1015625,0.8984375,0.5182539682539683,0.5278688524590164,False,252,0.9998940231092702,26,2026-08-15T16:28:55
504,fraction_geometry,scattered,0.15,84_2,84,22345,075c5cf8,en,256,1194,38,0.1484375,0.8515625,0.526984126984127,0.5278688524590164,False,252,0.9998927266513739,37,2026-08-15T16:28:55
505,fraction_geometry,scattered,0.2,84_2,84,22345,075c5cf8,en,256,1180,51,0.19921875,0.80078125,0.5408730158730158,0.5278688524590164,True,252,0.9998634234868063,49,2026-08-15T16:28:55
506,fraction_geometry,scattered,0.25,84_2,84,22345,075c5cf8,en,256,1169,64,0.25,0.75,0.5337301587301587,0.5278688524590164,True,252,0.9997927059688425,62,2026-08-15T16:28:55
507,fraction_geometry,scattered,0.3,84_2,84,22345,075c5cf8,en,256,1170,77,0.30078125,0.69921875,0.5472222222222223,0.5278688524590164,True,252,0.9996687759397791,75,2026-08-15T16:28:55
508,fraction_geometry,scattered,0.5,84_2,84,22345,075c5cf8,en,256,1136,128,0.5,0.5,0.571031746031746,0.5278688524590164,True,252,0.999305755585462,126,2026-08-15T16:28:55
509,fraction_geometry,scattered,0.75,84_2,84,22345,075c5cf8,en,256,1107,192,0.75,0.25,0.6028112449799197,0.5278688524590164,True,249,0.998613188851403,190,2026-08-15T16:28:55
510,fraction_geometry,scattered,1.0,84_2,84,22345,075c5cf8,en,256,1008,255,0.99609375,0.00390625,0.6522821576763486,0.5278688524590164,True,241,0.9974038405067633,251,2026-08-15T16:28:55
511,fraction_geometry,sentence,0.02,84_2,84,22345,075c5cf8,en,256,1217,17,0.06640625,0.93359375,0.5190476190476191,0.5278688524590164,False,252,0.9995715173611863,17,2026-08-15T16:28:55
512,fraction_geometry,sentence,0.05,84_2,84,22345,075c5cf8,en,256,1217,17,0.06640625,0.93359375,0.5190476190476191,0.5278688524590164,False,252,0.9995715173611863,17,2026-08-15T16:28:55
513,fraction_geometry,sentence,0.1,84_2,84,22345,075c5cf8,en,256,1206,40,0.15625,0.84375,0.5345238095238095,0.5278688524590164,True,252,0.9995085018031586,40,2026-08-15T16:28:55
514,fraction_geometry,sentence,0.15,84_2,84,22345,075c5cf8,en,256,1206,40,0.15625,0.84375,0.5345238095238095,0.5278688524590164,True,252,0.9995085018031586,40,2026-08-15T16:28:55
515,fraction_geometry,sentence,0.2,84_2,84,22345,075c5cf8,en,256,1164,66,0.2578125,0.7421875,0.5488095238095239,0.5278688524590164,True,252,0.9993302459241606,66,2026-08-15T16:28:55
516,fraction_geometry,sentence,0.25,84_2,84,22345,075c5cf8,en,256,1164,66,0.2578125,0.7421875,0.5488095238095239,0.5278688524590164,True,252,0.9993302459241606,66,2026-08-15T16:28:55
517,fraction_geometry,sentence,0.3,84_2,84,22345,075c5cf8,en,256,1147,83,0.32421875,0.67578125,0.5571428571428572,0.5278688524590164,True,252,0.9993193782343637,82,2026-08-15T16:28:55
518,fraction_geometry,sentence,0.5,84_2,84,22345,075c5cf8,en,256,1098,168,0.65625,0.34375,0.6095617529880478,0.5278688524590164,True,251,0.998645871124678,165,2026-08-15T16:28:55
519,fraction_geometry,sentence,0.75,84_2,84,22345,075c5cf8,en,256,1087,207,0.80859375,0.19140625,0.6298804780876494,0.5278688524590164,True,251,0.9981454338723296,203,2026-08-15T16:28:55
520,fraction_geometry,sentence,1.0,84_2,84,22345,075c5cf8,en,256,1009,256,1.0,0.0,0.6526970954356847,0.5278688524590164,True,241,0.997404374077792,252,2026-08-15T16:28:55
521,fraction_geometry,paragraph,0.02,84_2,84,22345,075c5cf8,en,256,1009,256,1.0,0.0,0.6526970954356847,0.5278688524590164,True,241,0.997404374077792,252,2026-08-15T16:28:55
522,fraction_geometry,paragraph,0.05,84_2,84,22345,075c5cf8,en,256,1009,256,1.0,0.0,0.6526970954356847,0.5278688524590164,True,241,0.997404374077792,252,2026-08-15T16:28:55
523,fraction_geometry,paragraph,0.1,84_2,84,22345,075c5cf8,en,256,1009,256,1.0,0.0,0.6526970954356847,0.5278688524590164,True,241,0.997404374077792,252,2026-08-15T16:28:55
524,fraction_geometry,paragraph,0.15,84_2,84,22345,075c5cf8,en,256,1009,256,1.0,0.0,0.6526970954356847,0.5278688524590164,True,241,0.997404374077792,252,2026-08-15T16:28:55
525,fraction_geometry,paragraph,0.2,84_2,84,22345,075c5cf8,en,256,1009,256,1.0,0.0,0.6526970954356847,0.5278688524590164,True,241,0.997404374077792,252,2026-08-15T16:28:55
526,fraction_geometry,paragraph,0.25,84_2,84,22345,075c5cf8,en,256,1009,256,1.0,0.0,0.6526970954356847,0.5278688524590164,True,241,0.997404374077792,252,2026-08-15T16:28:55
527,fraction_geometry,paragraph,0.3,84_2,84,22345,075c5cf8,en,256,1009,256,1.0,0.0,0.6526970954356847,0.5278688524590164,True,241,0.997404374077792,252,2026-08-15T16:28:55
528,fraction_geometry,paragraph,0.5,84_2,84,22345,075c5cf8,en,256,1009,256,1.0,0.0,0.6526970954356847,0.5278688524590164,True,241,0.997404374077792,252,2026-08-15T16:28:55
529,fraction_geometry,paragraph,0.75,84_2,84,22345,075c5cf8,en,256,1009,256,1.0,0.0,0.6526970954356847,0.5278688524590164,True,241,0.997404374077792,252,2026-08-15T16:28:55
530,fraction_geometry,paragraph,1.0,84_2,84,22345,075c5cf8,en,256,1009,256,1.0,0.0,0.6526970954356847,0.5278688524590164,True,241,0.997404374077792,252,2026-08-15T16:28:55
531,edit_mode,spelling,0.01953125,84_2,84,22345,075c5cf8,en,256,1206,5,0.01953125,0.98046875,0.513095238095238,0.5278688524590164,False,252,0.9999600678036534,5,2026-08-15T16:28:55
532,edit_mode,grammar,0.0390625,84_2,84,22345,075c5cf8,en,256,1200,10,0.0390625,0.9609375,0.5035714285714286,0.5278688524590164,False,252,0.9997609884994466,10,2026-08-15T16:28:55
533,edit_mode,punctuation,0.01953125,84_2,84,22345,075c5cf8,en,256,1206,5,0.01953125,0.98046875,0.513095238095238,0.5278688524590164,False,252,0.9999600678036534,5,2026-08-15T16:28:55
534,edit_mode,light_copyedit,0.078125,84_2,84,22345,075c5cf8,en,256,1193,20,0.078125,0.921875,0.5051587301587301,0.5278688524590164,False,252,0.9997625141061037,20,2026-08-15T16:28:55
535,edit_mode,sentence_rewrite,0.21484375,84_2,84,22345,075c5cf8,en,256,1153,55,0.21484375,0.78515625,0.5365079365079365,0.5278688524590164,True,252,0.9994097777343716,54,2026-08-15T16:28:55
536,edit_mode,paragraph_rewrite,1.0,84_2,84,22345,075c5cf8,en,256,1009,256,1.0,0.0,0.6526970954356847,0.5278688524590164,True,241,0.997404374077792,252,2026-08-15T16:28:55
537,edit_mode,added_paragraph,0.16339869281045752,84_2,84,22345,075c5cf8,en,306,1396,50,0.16339869281045752,0.8366013071895425,0.5324414715719064,0.5278688524590164,True,299,0.9999831350745014,50,2026-08-15T16:28:55
538,edit_mode,ai_intro_conclusion,0.189873417721519,84_2,84,22345,075c5cf8,en,316,1451,60,0.189873417721519,0.810126582278481,0.5344051446945337,0.5278688524590164,True,311,0.9999042321389393,60,2026-08-15T16:28:55
539,baseline,human,0.0,84_3,84,23345,075c5cf8,en,256,1106,0,0.0,1.0,0.5138888888888888,0.5278688524590164,False,252,1.0000000000000002,0,2026-08-15T16:28:55
540,fraction_geometry,contiguous,0.02,84_3,84,23345,075c5cf8,en,256,1108,5,0.01953125,0.98046875,0.5155378486055777,0.5278688524590164,False,251,0.999985636097207,5,2026-08-15T16:28:55
541,fraction_geometry,contiguous,0.05,84_3,84,23345,075c5cf8,en,256,1105,13,0.05078125,0.94921875,0.5147410358565737,0.5278688524590164,False,251,0.9999519367706116,13,2026-08-15T16:28:55
542,fraction_geometry,contiguous,0.1,84_3,84,23345,075c5cf8,en,256,1093,26,0.1015625,0.8984375,0.5247011952191235,0.5278688524590164,False,251,0.9999576320028495,26,2026-08-15T16:28:55
543,fraction_geometry,contiguous,0.15,84_3,84,23345,075c5cf8,en,256,1084,38,0.1484375,0.8515625,0.5302788844621514,0.5278688524590164,True,251,0.9999543152391687,38,2026-08-15T16:28:55
544,fraction_geometry,contiguous,0.2,84_3,84,23345,075c5cf8,en,256,1075,51,0.19921875,0.80078125,0.5356,0.5278688524590164,True,250,0.9999054793189145,51,2026-08-15T16:28:55
545,fraction_geometry,contiguous,0.25,84_3,84,23345,075c5cf8,en,256,1051,64,0.25,0.75,0.5395061728395062,0.5278688524590164,True,243,0.9998938761706484,63,2026-08-15T16:28:55
546,fraction_geometry,contiguous,0.3,84_3,84,23345,075c5cf8,en,256,1043,77,0.30078125,0.69921875,0.5403292181069959,0.5278688524590164,True,243,0.9998747057979406,76,2026-08-15T16:28:55
547,fraction_geometry,contiguous,0.5,84_3,84,23345,075c5cf8,en,256,992,128,0.5,0.5,0.5640167364016736,0.5278688524590164,True,239,0.9996188414959511,126,2026-08-15T16:28:55
548,fraction_geometry,contiguous,0.75,84_3,84,23345,075c5cf8,en,256,901,192,0.75,0.25,0.5957081545064378,0.5278688524590164,True,233,0.9989202102384273,189,2026-08-15T16:28:55
549,fraction_geometry,contiguous,1.0,84_3,84,23345,075c5cf8,en,256,828,256,1.0,0.0,0.6393939393939394,0.5278688524590164,True,231,0.9982061404803456,251,2026-08-15T16:28:55
550,fraction_geometry,scattered,0.02,84_3,84,23345,075c5cf8,en,256,1109,5,0.01953125,0.98046875,0.5095238095238095,0.5278688524590164,False,252,0.9999685335422689,5,2026-08-15T16:28:55
551,fraction_geometry,scattered,0.05,84_3,84,23345,075c5cf8,en,256,1105,13,0.05078125,0.94921875,0.5186507936507937,0.5278688524590164,False,252,0.9998297850676429,13,2026-08-15T16:28:55
552,fraction_geometry,scattered,0.1,84_3,84,23345,075c5cf8,en,256,1082,26,0.1015625,0.8984375,0.5194444444444445,0.5278688524590164,False,252,0.9996290438769416,26,2026-08-15T16:28:55
553,fraction_geometry,scattered,0.15,84_3,84,23345,075c5cf8,en,256,1090,38,0.1484375,0.8515625,0.5174603174603175,0.5278688524590164,False,252,0.999893191443757,38,2026-08-15T16:28:55
554,fraction_geometry,scattered,0.2,84_3,84,23345,075c5cf8,en,256,1065,51,0.19921875,0.80078125,0.5301587301587302,0.5278688524590164,True,252,0.999835972291486,51,2026-08-15T16:28:55
555,fraction_geometry,scattered,0.25,84_3,84,23345,075c5cf8,en,256,1047,64,0.25,0.75,0.5374501992031873,0.5278688524590164,True,251,0.9997686293377103,64,2026-08-15T16:28:55
556,fraction_geometry,scattered,0.3,84_3,84,23345,075c5cf8,en,256,1047,77,0.30078125,0.69921875,0.5496,0.5278688524590164,True,250,0.9996807897847073,77,2026-08-15T16:28:55
557,fraction_geometry,scattered,0.5,84_3,84,23345,075c5cf8,en,256,950,128,0.5,0.5,0.5670682730923695,0.5278688524590164,True,249,0.9993749069573926,128,2026-08-15T16:28:55
558,fraction_geometry,scattered,0.75,84_3,84,23345,075c5cf8,en,256,894,192,0.75,0.25,0.5995951417004048,0.5278688524590164,True,247,0.9987149439912585,191,2026-08-15T16:28:55
559,fraction_geometry,scattered,1.0,84_3,84,23345,075c5cf8,en,256,828,255,0.99609375,0.00390625,0.6346320346320347,0.5278688524590164,True,231,0.9982697482687384,250,2026-08-15T16:28:55
560,fraction_geometry,sentence,0.02,84_3,84,23345,075c5cf8,en,256,1050,48,0.1875,0.8125,0.5404761904761904,0.5278688524590164,True,252,0.9998913326990215,48,2026-08-15T16:28:55
561,fraction_geometry,sentence,0.05,84_3,84,23345,075c5cf8,en,256,1050,48,0.1875,0.8125,0.5404761904761904,0.5278688524590164,True,252,0.9998913326990215,48,2026-08-15T16:28:55
562,fraction_geometry,sentence,0.1,84_3,84,23345,075c5cf8,en,256,1050,48,0.1875,0.8125,0.5404761904761904,0.5278688524590164,True,252,0.9998913326990215,48,2026-08-15T16:28:55
563,fraction_geometry,sentence,0.15,84_3,84,23345,075c5cf8,en,256,1050,48,0.1875,0.8125,0.5404761904761904,0.5278688524590164,True,252,0.9998913326990215,48,2026-08-15T16:28:55
564,fraction_geometry,sentence,0.2,84_3,84,23345,075c5cf8,en,256,961,135,0.52734375,0.47265625,0.5735294117647058,0.5278688524590164,True,238,0.999614315625013,132,2026-08-15T16:28:55
565,fraction_geometry,sentence,0.25,84_3,84,23345,075c5cf8,en,256,961,135,0.52734375,0.47265625,0.5735294117647058,0.5278688524590164,True,238,0.999614315625013,132,2026-08-15T16:28:55
566,fraction_geometry,sentence,0.3,84_3,84,23345,075c5cf8,en,256,961,135,0.52734375,0.47265625,0.5735294117647058,0.5278688524590164,True,238,0.999614315625013,132,2026-08-15T16:28:55
567,fraction_geometry,sentence,0.5,84_3,84,23345,075c5cf8,en,256,961,135,0.52734375,0.47265625,0.5735294117647058,0.5278688524590164,True,238,0.999614315625013,132,2026-08-15T16:28:55
568,fraction_geometry,sentence,0.75,84_3,84,23345,075c5cf8,en,256,883,217,0.84765625,0.15234375,0.615948275862069,0.5278688524590164,True,232,0.9987839193045964,213,2026-08-15T16:28:55
569,fraction_geometry,sentence,1.0,84_3,84,23345,075c5cf8,en,256,828,256,1.0,0.0,0.6393939393939394,0.5278688524590164,True,231,0.9982061404803456,251,2026-08-15T16:28:55
570,fraction_geometry,paragraph,0.02,84_3,84,23345,075c5cf8,en,256,828,256,1.0,0.0,0.6393939393939394,0.5278688524590164,True,231,0.9982061404803456,251,2026-08-15T16:28:55
571,fraction_geometry,paragraph,0.05,84_3,84,23345,075c5cf8,en,256,828,256,1.0,0.0,0.6393939393939394,0.5278688524590164,True,231,0.9982061404803456,251,2026-08-15T16:28:55
572,fraction_geometry,paragraph,0.1,84_3,84,23345,075c5cf8,en,256,828,256,1.0,0.0,0.6393939393939394,0.5278688524590164,True,231,0.9982061404803456,251,2026-08-15T16:28:55
573,fraction_geometry,paragraph,0.15,84_3,84,23345,075c5cf8,en,256,828,256,1.0,0.0,0.6393939393939394,0.5278688524590164,True,231,0.9982061404803456,251,2026-08-15T16:28:55
574,fraction_geometry,paragraph,0.2,84_3,84,23345,075c5cf8,en,256,828,256,1.0,0.0,0.6393939393939394,0.5278688524590164,True,231,0.9982061404803456,251,2026-08-15T16:28:55
575,fraction_geometry,paragraph,0.25,84_3,84,23345,075c5cf8,en,256,828,256,1.0,0.0,0.6393939393939394,0.5278688524590164,True,231,0.9982061404803456,251,2026-08-15T16:28:55
576,fraction_geometry,paragraph,0.3,84_3,84,23345,075c5cf8,en,256,828,256,1.0,0.0,0.6393939393939394,0.5278688524590164,True,231,0.9982061404803456,251,2026-08-15T16:28:55
577,fraction_geometry,paragraph,0.5,84_3,84,23345,075c5cf8,en,256,828,256,1.0,0.0,0.6393939393939394,0.5278688524590164,True,231,0.9982061404803456,251,2026-08-15T16:28:55
578,fraction_geometry,paragraph,0.75,84_3,84,23345,075c5cf8,en,256,828,256,1.0,0.0,0.6393939393939394,0.5278688524590164,True,231,0.9982061404803456,251,2026-08-15T16:28:55
579,fraction_geometry,paragraph,1.0,84_3,84,23345,075c5cf8,en,256,828,256,1.0,0.0,0.6393939393939394,0.5278688524590164,True,231,0.9982061404803456,251,2026-08-15T16:28:55
580,edit_mode,spelling,0.01953125,84_3,84,23345,075c5cf8,en,256,1109,5,0.01953125,0.98046875,0.5095238095238095,0.5278688524590164,False,252,0.9999685335422689,5,2026-08-15T16:28:55
581,edit_mode,grammar,0.0390625,84_3,84,23345,075c5cf8,en,256,1112,10,0.0390625,0.9609375,0.5047619047619047,0.5278688524590164,False,252,0.9999545541858956,10,2026-08-15T16:28:55
582,edit_mode,punctuation,0.01953125,84_3,84,23345,075c5cf8,en,256,1109,5,0.01953125,0.98046875,0.5095238095238095,0.5278688524590164,False,252,0.9999685335422689,5,2026-08-15T16:28:55
583,edit_mode,light_copyedit,0.078125,84_3,84,23345,075c5cf8,en,256,1107,20,0.078125,0.921875,0.5091269841269841,0.5278688524590164,False,252,0.9997543552922209,20,2026-08-15T16:28:55
584,edit_mode,sentence_rewrite,0.14453125,84_3,84,23345,075c5cf8,en,256,1082,37,0.14453125,0.85546875,0.5297619047619048,0.5278688524590164,True,252,0.9998068005068806,36,2026-08-15T16:28:55
585,edit_mode,paragraph_rewrite,1.0,84_3,84,23345,075c5cf8,en,256,828,256,1.0,0.0,0.6393939393939394,0.5278688524590164,True,231,0.9982061404803456,251,2026-08-15T16:28:55
586,edit_mode,added_paragraph,0.16339869281045752,84_3,84,23345,075c5cf8,en,306,1330,50,0.16339869281045752,0.8366013071895425,0.5400662251655629,0.5278688524590164,True,302,0.9999541823007374,50,2026-08-15T16:28:55
587,edit_mode,ai_intro_conclusion,0.189873417721519,84_3,84,23345,075c5cf8,en,316,1340,60,0.189873417721519,0.810126582278481,0.5423076923076923,0.5278688524590164,True,312,0.9999321547832037,60,2026-08-15T16:28:55
588,baseline,human,0.0,345_0,345,24345,075c5cf8,en,244,1099,0,0.0,1.0,0.49833333333333335,0.5278688524590164,False,240,1.0,0,2026-08-15T16:28:55
589,fraction_geometry,contiguous,0.02,345_0,345,24345,075c5cf8,en,244,1101,5,0.020491803278688523,0.9795081967213115,0.5020833333333333,0.5278688524590164,False,240,0.9999915243256021,5,2026-08-15T16:28:55
590,fraction_geometry,contiguous,0.05,345_0,345,24345,075c5cf8,en,244,1105,12,0.04918032786885246,0.9508196721311475,0.5054166666666666,0.5278688524590164,False,240,0.999986166831451,12,2026-08-15T16:28:55
591,fraction_geometry,contiguous,0.1,345_0,345,24345,075c5cf8,en,244,1105,24,0.09836065573770492,0.9016393442622951,0.51625,0.5278688524590164,False,240,0.9999650545860319,24,2026-08-15T16:28:55
592,fraction_geometry,contiguous,0.15,345_0,345,24345,075c5cf8,en,244,1096,37,0.15163934426229508,0.8483606557377049,0.525,0.5278688524590164,False,240,0.9998991316853487,36,2026-08-15T16:28:55
593,fraction_geometry,contiguous,0.2,345_0,345,24345,075c5cf8,en,244,1093,49,0.20081967213114754,0.7991803278688525,0.5305439330543933,0.5278688524590164,True,239,0.9998581888255254,48,2026-08-15T16:28:55
594,fraction_geometry,contiguous,0.25,345_0,345,24345,075c5cf8,en,244,1104,61,0.25,0.75,0.5365546218487395,0.5278688524590164,True,238,0.9998123533746728,60,2026-08-15T16:28:55
595,fraction_geometry,contiguous,0.3,345_0,345,24345,075c5cf8,en,244,1104,73,0.29918032786885246,0.7008196721311475,0.5453781512605042,0.5278688524590164,True,238,0.9997372865987172,72,2026-08-15T16:28:55
596,fraction_geometry,contiguous,0.5,345_0,345,24345,075c5cf8,en,244,1074,122,0.5,0.5,0.5687763713080168,0.5278688524590164,True,237,0.9991070343975649,120,2026-08-15T16:28:55
597,fraction_geometry,contiguous,0.75,345_0,345,24345,075c5cf8,en,244,1017,183,0.75,0.25,0.5978070175438597,0.5278688524590164,True,228,0.9967476846185674,180,2026-08-15T16:28:55
598,fraction_geometry,contiguous,1.0,345_0,345,24345,075c5cf8,en,244,947,244,1.0,0.0,0.6370731707317073,0.5278688524590164,True,205,0.994013794242581,240,2026-08-15T16:28:55
599,fraction_geometry,scattered,0.02,345_0,345,24345,075c5cf8,en,244,1091,5,0.020491803278688523,0.9795081967213115,0.495,0.5278688524590164,False,240,0.9999294067304371,5,2026-08-15T16:28:55
600,fraction_geometry,scattered,0.05,345_0,345,24345,075c5cf8,en,244,1085,12,0.04918032786885246,0.9508196721311475,0.49833333333333335,0.5278688524590164,False,240,0.9999460924486946,12,2026-08-15T16:28:55
601,fraction_geometry,scattered,0.1,345_0,345,24345,075c5cf8,en,244,1077,24,0.09836065573770492,0.9016393442622951,0.5041666666666667,0.5278688524590164,False,240,0.9999209613677712,23,2026-08-15T16:28:55
602,fraction_geometry,scattered,0.15,345_0,345,24345,075c5cf8,en,244,1080,37,0.15163934426229508,0.8483606557377049,0.5088235294117647,0.5278688524590164,False,238,0.9998355300002856,35,2026-08-15T16:28:55
603,fraction_geometry,scattered,0.2,345_0,345,24345,075c5cf8,en,244,1081,49,0.20081967213114754,0.7991803278688525,0.5186440677966102,0.5278688524590164,False,236,0.9996985762350289,47,2026-08-15T16:28:55
604,fraction_geometry,scattered,0.25,345_0,345,24345,075c5cf8,en,244,1083,61,0.25,0.75,0.532051282051282,0.5278688524590164,True,234,0.9995475725334229,59,2026-08-15T16:28:55
605,fraction_geometry,scattered,0.3,345_0,345,24345,075c5cf8,en,244,1074,73,0.29918032786885246,0.7008196721311475,0.5371794871794872,0.5278688524590164,True,234,0.9994955340566266,71,2026-08-15T16:28:55
606,fraction_geometry,scattered,0.5,345_0,345,24345,075c5cf8,en,244,1046,122,0.5,0.5,0.5632034632034632,0.5278688524590164,True,231,0.9986761768446849,120,2026-08-15T16:28:55
607,fraction_geometry,scattered,0.75,345_0,345,24345,075c5cf8,en,244,994,183,0.75,0.25,0.5908256880733945,0.5278688524590164,True,218,0.996320391286747,181,2026-08-15T16:28:55
608,fraction_geometry,scattered,1.0,345_0,345,24345,075c5cf8,en,244,950,243,0.9959016393442623,0.004098360655737654,0.6330097087378641,0.5278688524590164,True,206,0.9942572907663054,239,2026-08-15T16:28:55
609,fraction_geometry,sentence,0.02,345_0,345,24345,075c5cf8,en,244,1086,40,0.16393442622950818,0.8360655737704918,0.5204166666666666,0.5278688524590164,False,240,0.999578520493096,39,2026-08-15T16:28:55
610,fraction_geometry,sentence,0.05,345_0,345,24345,075c5cf8,en,244,1086,40,0.16393442622950818,0.8360655737704918,0.5204166666666666,0.5278688524590164,False,240,0.999578520493096,39,2026-08-15T16:28:55
611,fraction_geometry,sentence,0.1,345_0,345,24345,075c5cf8,en,244,1086,40,0.16393442622950818,0.8360655737704918,0.5204166666666666,0.5278688524590164,False,240,0.999578520493096,39,2026-08-15T16:28:55
612,fraction_geometry,sentence,0.15,345_0,345,24345,075c5cf8,en,244,1086,40,0.16393442622950818,0.8360655737704918,0.5204166666666666,0.5278688524590164,False,240,0.999578520493096,39,2026-08-15T16:28:55
613,fraction_geometry,sentence,0.2,345_0,345,24345,075c5cf8,en,244,1087,77,0.3155737704918033,0.6844262295081966,0.5508333333333333,0.5278688524590164,True,240,0.9991606113663112,75,2026-08-15T16:28:55
614,fraction_geometry,sentence,0.25,345_0,345,24345,075c5cf8,en,244,1087,77,0.3155737704918033,0.6844262295081966,0.5508333333333333,0.5278688524590164,True,240,0.9991606113663112,75,2026-08-15T16:28:55
615,fraction_geometry,sentence,0.3,345_0,345,24345,075c5cf8,en,244,1087,77,0.3155737704918033,0.6844262295081966,0.5508333333333333,0.5278688524590164,True,240,0.9991606113663112,75,2026-08-15T16:28:55
616,fraction_geometry,sentence,0.5,345_0,345,24345,075c5cf8,en,244,1108,134,0.5491803278688525,0.4508196721311475,0.5840336134453782,0.5278688524590164,True,238,0.9987257379552628,131,2026-08-15T16:28:55
617,fraction_geometry,sentence,0.75,345_0,345,24345,075c5cf8,en,244,1032,202,0.8278688524590164,0.17213114754098358,0.6167381974248927,0.5278688524590164,True,233,0.9971195919627984,198,2026-08-15T16:28:55
618,fraction_geometry,sentence,1.0,345_0,345,24345,075c5cf8,en,244,947,244,1.0,0.0,0.6370731707317073,0.5278688524590164,True,205,0.994013794242581,240,2026-08-15T16:28:55
619,fraction_geometry,paragraph,0.02,345_0,345,24345,075c5cf8,en,244,947,244,1.0,0.0,0.6370731707317073,0.5278688524590164,True,205,0.994013794242581,240,2026-08-15T16:28:55
620,fraction_geometry,paragraph,0.05,345_0,345,24345,075c5cf8,en,244,947,244,1.0,0.0,0.6370731707317073,0.5278688524590164,True,205,0.994013794242581,240,2026-08-15T16:28:55
621,fraction_geometry,paragraph,0.1,345_0,345,24345,075c5cf8,en,244,947,244,1.0,0.0,0.6370731707317073,0.5278688524590164,True,205,0.994013794242581,240,2026-08-15T16:28:55
622,fraction_geometry,paragraph,0.15,345_0,345,24345,075c5cf8,en,244,947,244,1.0,0.0,0.6370731707317073,0.5278688524590164,True,205,0.994013794242581,240,2026-08-15T16:28:55
623,fraction_geometry,paragraph,0.2,345_0,345,24345,075c5cf8,en,244,947,244,1.0,0.0,0.6370731707317073,0.5278688524590164,True,205,0.994013794242581,240,2026-08-15T16:28:55
624,fraction_geometry,paragraph,0.25,345_0,345,24345,075c5cf8,en,244,947,244,1.0,0.0,0.6370731707317073,0.5278688524590164,True,205,0.994013794242581,240,2026-08-15T16:28:55
625,fraction_geometry,paragraph,0.3,345_0,345,24345,075c5cf8,en,244,947,244,1.0,0.0,0.6370731707317073,0.5278688524590164,True,205,0.994013794242581,240,2026-08-15T16:28:55
626,fraction_geometry,paragraph,0.5,345_0,345,24345,075c5cf8,en,244,947,244,1.0,0.0,0.6370731707317073,0.5278688524590164,True,205,0.994013794242581,240,2026-08-15T16:28:55
627,fraction_geometry,paragraph,0.75,345_0,345,24345,075c5cf8,en,244,947,244,1.0,0.0,0.6370731707317073,0.5278688524590164,True,205,0.994013794242581,240,2026-08-15T16:28:55
628,fraction_geometry,paragraph,1.0,345_0,345,24345,075c5cf8,en,244,947,244,1.0,0.0,0.6370731707317073,0.5278688524590164,True,205,0.994013794242581,240,2026-08-15T16:28:55
629,edit_mode,spelling,0.020491803278688523,345_0,345,24345,075c5cf8,en,244,1091,5,0.020491803278688523,0.9795081967213115,0.495,0.5278688524590164,False,240,0.9999294067304371,5,2026-08-15T16:28:55
630,edit_mode,grammar,0.040983606557377046,345_0,345,24345,075c5cf8,en,244,1094,10,0.040983606557377046,0.9590163934426229,0.50125,0.5278688524590164,False,240,0.9999664667853214,10,2026-08-15T16:28:55
631,edit_mode,punctuation,0.020491803278688523,345_0,345,24345,075c5cf8,en,244,1091,5,0.020491803278688523,0.9795081967213115,0.495,0.5278688524590164,False,240,0.9999294067304371,5,2026-08-15T16:28:55
632,edit_mode,light_copyedit,0.08196721311475409,345_0,345,24345,075c5cf8,en,244,1077,20,0.08196721311475409,0.9180327868852459,0.49833333333333335,0.5278688524590164,False,240,0.9996347660143,20,2026-08-15T16:28:55
633,edit_mode,sentence_rewrite,0.0942622950819672,345_0,345,24345,075c5cf8,en,244,1058,23,0.0942622950819672,0.9057377049180328,0.505,0.5278688524590164,False,240,0.9998450175281259,23,2026-08-15T16:28:55
634,edit_mode,paragraph_rewrite,1.0,345_0,345,24345,075c5cf8,en,244,947,244,1.0,0.0,0.6370731707317073,0.5278688524590164,True,205,0.994013794242581,240,2026-08-15T16:28:55
635,edit_mode,added_paragraph,0.17006802721088435,345_0,345,24345,075c5cf8,en,294,1313,50,0.17006802721088435,0.8299319727891157,0.5282758620689655,0.5278688524590164,True,290,0.9999767859780103,50,2026-08-15T16:28:55
636,edit_mode,ai_intro_conclusion,0.19736842105263158,345_0,345,24345,075c5cf8,en,304,1351,60,0.19736842105263158,0.8026315789473684,0.525,0.5278688524590164,False,300,0.9995117430456484,60,2026-08-15T16:28:55
637,baseline,human,0.0,345_1,345,25345,075c5cf8,en,256,1037,0,0.0,1.0,0.5059523809523809,0.5278688524590164,False,252,0.9999999999999999,0,2026-08-15T16:28:55
638,fraction_geometry,contiguous,0.02,345_1,345,25345,075c5cf8,en,256,1040,5,0.01953125,0.98046875,0.5067460317460317,0.5278688524590164,False,252,0.999986302818873,5,2026-08-15T16:28:55
639,fraction_geometry,contiguous,0.05,345_1,345,25345,075c5cf8,en,256,1043,13,0.05078125,0.94921875,0.5138888888888888,0.5278688524590164,False,252,0.9999479314205638,13,2026-08-15T16:28:55
640,fraction_geometry,contiguous,0.1,345_1,345,25345,075c5cf8,en,256,1049,26,0.1015625,0.8984375,0.5234126984126984,0.5278688524590164,False,252,0.9998853228236984,26,2026-08-15T16:28:55
641,fraction_geometry,contiguous,0.15,345_1,345,25345,075c5cf8,en,256,1044,38,0.1484375,0.8515625,0.5265873015873016,0.5278688524590164,False,252,0.9997908115227421,38,2026-08-15T16:28:55
642,fraction_geometry,contiguous,0.2,345_1,345,25345,075c5cf8,en,256,1053,51,0.19921875,0.80078125,0.5369047619047619,0.5278688524590164,True,252,0.9997827675479384,50,2026-08-15T16:28:55
643,fraction_geometry,contiguous,0.25,345_1,345,25345,075c5cf8,en,256,1057,64,0.25,0.75,0.55,0.5278688524590164,True,252,0.9997424530612975,63,2026-08-15T16:28:55
644,fraction_geometry,contiguous,0.3,345_1,345,25345,075c5cf8,en,256,1042,77,0.30078125,0.69921875,0.555952380952381,0.5278688524590164,True,252,0.9997349485075225,75,2026-08-15T16:28:55
645,fraction_geometry,contiguous,0.5,345_1,345,25345,075c5cf8,en,256,1054,128,0.5,0.5,0.5812244897959183,0.5278688524590164,True,245,0.9990877748924516,125,2026-08-15T16:28:55
646,fraction_geometry,contiguous,0.75,345_1,345,25345,075c5cf8,en,256,1055,192,0.75,0.25,0.6232365145228216,0.5278688524590164,True,241,0.9986015554093256,189,2026-08-15T16:28:55
647,fraction_geometry,contiguous,1.0,345_1,345,25345,075c5cf8,en,256,1086,256,1.0,0.0,0.65875,0.5278688524590164,True,240,0.9981008274557339,247,2026-08-15T16:28:55
648,fraction_geometry,scattered,0.02,345_1,345,25345,075c5cf8,en,256,1043,5,0.01953125,0.98046875,0.5015873015873016,0.5278688524590164,False,252,0.9999212556235092,5,2026-08-15T16:28:55
649,fraction_geometry,scattered,0.05,345_1,345,25345,075c5cf8,en,256,1053,13,0.05078125,0.94921875,0.5003968253968254,0.5278688524590164,False,252,0.999898837280124,13,2026-08-15T16:28:55
650,fraction_geometry,scattered,0.1,345_1,345,25345,075c5cf8,en,256,1061,26,0.1015625,0.8984375,0.5031746031746032,0.5278688524590164,False,252,0.9998932481610828,26,2026-08-15T16:28:55
651,fraction_geometry,scattered,0.15,345_1,345,25345,075c5cf8,en,256,1058,38,0.1484375,0.8515625,0.5043650793650793,0.5278688524590164,False,252,0.9998763354397461,37,2026-08-15T16:28:55
652,fraction_geometry,scattered,0.2,345_1,345,25345,075c5cf8,en,256,1051,51,0.19921875,0.80078125,0.5154761904761904,0.5278688524590164,False,252,0.9998152321817539,50,2026-08-15T16:28:55
653,fraction_geometry,scattered,0.25,345_1,345,25345,075c5cf8,en,256,1062,64,0.25,0.75,0.5170634920634921,0.5278688524590164,False,252,0.9996759897770117,63,2026-08-15T16:28:55
654,fraction_geometry,scattered,0.3,345_1,345,25345,075c5cf8,en,256,1066,77,0.30078125,0.69921875,0.5253968253968254,0.5278688524590164,False,252,0.9995293833471115,76,2026-08-15T16:28:55
655,fraction_geometry,scattered,0.5,345_1,345,25345,075c5cf8,en,256,1082,128,0.5,0.5,0.5587755102040817,0.5278688524590164,True,245,0.9993778367110561,125,2026-08-15T16:28:55
656,fraction_geometry,scattered,0.75,345_1,345,25345,075c5cf8,en,256,1086,192,0.75,0.25,0.603265306122449,0.5278688524590164,True,245,0.9988857474691563,187,2026-08-15T16:28:55
657,fraction_geometry,scattered,1.0,345_1,345,25345,075c5cf8,en,256,1089,255,0.99609375,0.00390625,0.6516666666666666,0.5278688524590164,True,240,0.9981348696089644,246,2026-08-15T16:28:55
658,fraction_geometry,sentence,0.02,345_1,345,25345,075c5cf8,en,256,1048,10,0.0390625,0.9609375,0.5115079365079365,0.5278688524590164,False,252,0.9999223819534255,10,2026-08-15T16:28:55
659,fraction_geometry,sentence,0.05,345_1,345,25345,075c5cf8,en,256,1048,20,0.078125,0.921875,0.5119047619047619,0.5278688524590164,False,252,0.9999104167141565,19,2026-08-15T16:28:55
660,fraction_geometry,sentence,0.1,345_1,345,25345,075c5cf8,en,256,1063,35,0.13671875,0.86328125,0.523015873015873,0.5278688524590164,False,252,0.9997066137138918,33,2026-08-15T16:28:55
661,fraction_geometry,sentence,0.15,345_1,345,25345,075c5cf8,en,256,1079,70,0.2734375,0.7265625,0.5448412698412698,0.5278688524590164,True,252,0.9994246116443037,68,2026-08-15T16:28:55
662,fraction_geometry,sentence,0.2,345_1,345,25345,075c5cf8,en,256,1079,70,0.2734375,0.7265625,0.5448412698412698,0.5278688524590164,True,252,0.9994246116443037,68,2026-08-15T16:28:55
663,fraction_geometry,sentence,0.25,345_1,345,25345,075c5cf8,en,256,1079,70,0.2734375,0.7265625,0.5448412698412698,0.5278688524590164,True,252,0.9994246116443037,68,2026-08-15T16:28:55
664,fraction_geometry,sentence,0.3,345_1,345,25345,075c5cf8,en,256,1076,106,0.4140625,0.5859375,0.571031746031746,0.5278688524590164,True,252,0.9993377802711111,102,2026-08-15T16:28:55
665,fraction_geometry,sentence,0.5,345_1,345,25345,075c5cf8,en,256,1080,138,0.5390625,0.4609375,0.5879032258064516,0.5278688524590164,True,248,0.9990522319260239,133,2026-08-15T16:28:55
666,fraction_geometry,sentence,0.75,345_1,345,25345,075c5cf8,en,256,1094,194,0.7578125,0.2421875,0.6225409836065574,0.5278688524590164,True,244,0.9985129050133986,189,2026-08-15T16:28:55
667,fraction_geometry,sentence,1.0,345_1,345,25345,075c5cf8,en,256,1086,256,1.0,0.0,0.65875,0.5278688524590164,True,240,0.9981008274557339,247,2026-08-15T16:28:55
668,fraction_geometry,paragraph,0.02,345_1,345,25345,075c5cf8,en,256,1086,256,1.0,0.0,0.65875,0.5278688524590164,True,240,0.9981008274557339,247,2026-08-15T16:28:55
669,fraction_geometry,paragraph,0.05,345_1,345,25345,075c5cf8,en,256,1086,256,1.0,0.0,0.65875,0.5278688524590164,True,240,0.9981008274557339,247,2026-08-15T16:28:55
670,fraction_geometry,paragraph,0.1,345_1,345,25345,075c5cf8,en,256,1086,256,1.0,0.0,0.65875,0.5278688524590164,True,240,0.9981008274557339,247,2026-08-15T16:28:55
671,fraction_geometry,paragraph,0.15,345_1,345,25345,075c5cf8,en,256,1086,256,1.0,0.0,0.65875,0.5278688524590164,True,240,0.9981008274557339,247,2026-08-15T16:28:55
672,fraction_geometry,paragraph,0.2,345_1,345,25345,075c5cf8,en,256,1086,256,1.0,0.0,0.65875,0.5278688524590164,True,240,0.9981008274557339,247,2026-08-15T16:28:55
673,fraction_geometry,paragraph,0.25,345_1,345,25345,075c5cf8,en,256,1086,256,1.0,0.0,0.65875,0.5278688524590164,True,240,0.9981008274557339,247,2026-08-15T16:28:55
674,fraction_geometry,paragraph,0.3,345_1,345,25345,075c5cf8,en,256,1086,256,1.0,0.0,0.65875,0.5278688524590164,True,240,0.9981008274557339,247,2026-08-15T16:28:55
675,fraction_geometry,paragraph,0.5,345_1,345,25345,075c5cf8,en,256,1086,256,1.0,0.0,0.65875,0.5278688524590164,True,240,0.9981008274557339,247,2026-08-15T16:28:55
676,fraction_geometry,paragraph,0.75,345_1,345,25345,075c5cf8,en,256,1086,256,1.0,0.0,0.65875,0.5278688524590164,True,240,0.9981008274557339,247,2026-08-15T16:28:55
677,fraction_geometry,paragraph,1.0,345_1,345,25345,075c5cf8,en,256,1086,256,1.0,0.0,0.65875,0.5278688524590164,True,240,0.9981008274557339,247,2026-08-15T16:28:55
678,edit_mode,spelling,0.01953125,345_1,345,25345,075c5cf8,en,256,1043,5,0.01953125,0.98046875,0.5015873015873016,0.5278688524590164,False,252,0.9999212556235092,5,2026-08-15T16:28:55
679,edit_mode,grammar,0.0390625,345_1,345,25345,075c5cf8,en,256,1016,10,0.0390625,0.9609375,0.5003968253968254,0.5278688524590164,False,252,0.9999274307613097,10,2026-08-15T16:28:55
680,edit_mode,punctuation,0.01953125,345_1,345,25345,075c5cf8,en,256,1043,5,0.01953125,0.98046875,0.5015873015873016,0.5278688524590164,False,252,0.9999212556235092,5,2026-08-15T16:28:55
681,edit_mode,light_copyedit,0.078125,345_1,345,25345,075c5cf8,en,256,1016,20,0.078125,0.921875,0.49603174603174605,0.5278688524590164,False,252,0.9998059459137972,20,2026-08-15T16:28:55
682,edit_mode,sentence_rewrite,0.02734375,345_1,345,25345,075c5cf8,en,256,1028,7,0.02734375,0.97265625,0.5099206349206349,0.5278688524590164,False,252,0.9999739756714636,7,2026-08-15T16:28:55
683,edit_mode,paragraph_rewrite,1.0,345_1,345,25345,075c5cf8,en,256,1086,256,1.0,0.0,0.65875,0.5278688524590164,True,240,0.9981008274557339,247,2026-08-15T16:28:55
684,edit_mode,added_paragraph,0.16339869281045752,345_1,345,25345,075c5cf8,en,306,1251,50,0.16339869281045752,0.8366013071895425,0.5324503311258278,0.5278688524590164,True,302,0.9999817442134565,50,2026-08-15T16:28:55
685,edit_mode,ai_intro_conclusion,0.189873417721519,345_1,345,25345,075c5cf8,en,316,1305,60,0.189873417721519,0.810126582278481,0.530448717948718,0.5278688524590164,True,312,0.9998270355543364,60,2026-08-15T16:28:55
686,baseline,human,0.0,345_2,345,26345,075c5cf8,en,256,1079,0,0.0,1.0,0.5158730158730159,0.5278688524590164,False,252,1.0000000000000002,0,2026-08-15T16:28:55
687,fraction_geometry,contiguous,0.02,345_2,345,26345,075c5cf8,en,256,1069,5,0.01953125,0.98046875,0.5166666666666667,0.5278688524590164,False,252,0.9999704824530399,5,2026-08-15T16:28:55
688,fraction_geometry,contiguous,0.05,345_2,345,26345,075c5cf8,en,256,1068,13,0.05078125,0.94921875,0.5170634920634921,0.5278688524590164,False,252,0.9999658898878245,13,2026-08-15T16:28:55
689,fraction_geometry,contiguous,0.1,345_2,345,26345,075c5cf8,en,256,1073,26,0.1015625,0.8984375,0.5257936507936508,0.5278688524590164,False,252,0.9999663949834752,26,2026-08-15T16:28:55
690,fraction_geometry,contiguous,0.15,345_2,345,26345,075c5cf8,en,256,1076,38,0.1484375,0.8515625,0.5369047619047619,0.5278688524590164,True,252,0.9999498519049288,37,2026-08-15T16:28:55
691,fraction_geometry,contiguous,0.2,345_2,345,26345,075c5cf8,en,256,1078,51,0.19921875,0.80078125,0.5404761904761904,0.5278688524590164,True,252,0.9999182041761944,50,2026-08-15T16:28:55
692,fraction_geometry,contiguous,0.25,345_2,345,26345,075c5cf8,en,256,1079,64,0.25,0.75,0.5555555555555556,0.5278688524590164,True,252,0.9999160599780008,63,2026-08-15T16:28:55
693,fraction_geometry,contiguous,0.3,345_2,345,26345,075c5cf8,en,256,1076,77,0.30078125,0.69921875,0.5623015873015873,0.5278688524590164,True,252,0.9998822952406294,76,2026-08-15T16:28:55
694,fraction_geometry,contiguous,0.5,345_2,345,26345,075c5cf8,en,256,1082,128,0.5,0.5,0.5873015873015873,0.5278688524590164,True,252,0.9996280972468191,125,2026-08-15T16:28:55
695,fraction_geometry,contiguous,0.75,345_2,345,26345,075c5cf8,en,256,1079,192,0.75,0.25,0.6305555555555555,0.5278688524590164,True,252,0.9988848686395106,187,2026-08-15T16:28:55
696,fraction_geometry,contiguous,1.0,345_2,345,26345,075c5cf8,en,256,1071,256,1.0,0.0,0.6682539682539682,0.5278688524590164,True,252,0.9984314495280545,244,2026-08-15T16:28:55
697,fraction_geometry,scattered,0.02,345_2,345,26345,075c5cf8,en,256,1089,5,0.01953125,0.98046875,0.5099206349206349,0.5278688524590164,False,252,0.9999850732803474,5,2026-08-15T16:28:55
698,fraction_geometry,scattered,0.05,345_2,345,26345,075c5cf8,en,256,1105,13,0.05078125,0.94921875,0.5138888888888888,0.5278688524590164,False,252,0.9999575774098165,13,2026-08-15T16:28:55
699,fraction_geometry,scattered,0.1,345_2,345,26345,075c5cf8,en,256,1091,26,0.1015625,0.8984375,0.5170634920634921,0.5278688524590164,False,252,0.9998866826701387,26,2026-08-15T16:28:55
700,fraction_geometry,scattered,0.15,345_2,345,26345,075c5cf8,en,256,1074,38,0.1484375,0.8515625,0.5178571428571429,0.5278688524590164,False,252,0.9999065282493961,38,2026-08-15T16:28:55
701,fraction_geometry,scattered,0.2,345_2,345,26345,075c5cf8,en,256,1081,51,0.19921875,0.80078125,0.5369047619047619,0.5278688524590164,True,252,0.9999089329168381,51,2026-08-15T16:28:55
702,fraction_geometry,scattered,0.25,345_2,345,26345,075c5cf8,en,256,1066,64,0.25,0.75,0.5452380952380952,0.5278688524590164,True,252,0.9999148809226441,64,2026-08-15T16:28:55
703,fraction_geometry,scattered,0.3,345_2,345,26345,075c5cf8,en,256,1097,77,0.30078125,0.69921875,0.5432539682539682,0.5278688524590164,True,252,0.9998880898557122,77,2026-08-15T16:28:55
704,fraction_geometry,scattered,0.5,345_2,345,26345,075c5cf8,en,256,1090,128,0.5,0.5,0.5773809523809523,0.5278688524590164,True,252,0.999590433160209,127,2026-08-15T16:28:55
705,fraction_geometry,scattered,0.75,345_2,345,26345,075c5cf8,en,256,1114,192,0.75,0.25,0.623015873015873,0.5278688524590164,True,252,0.999038699732161,185,2026-08-15T16:28:55
706,fraction_geometry,scattered,1.0,345_2,345,26345,075c5cf8,en,256,1067,255,0.99609375,0.00390625,0.6642857142857143,0.5278688524590164,True,252,0.9986457415444635,244,2026-08-15T16:28:55
707,fraction_geometry,sentence,0.02,345_2,345,26345,075c5cf8,en,256,1079,7,0.02734375,0.97265625,0.5202380952380953,0.5278688524590164,False,252,0.9999618030868037,7,2026-08-15T16:28:55
708,fraction_geometry,sentence,0.05,345_2,345,26345,075c5cf8,en,256,1071,30,0.1171875,0.8828125,0.5321428571428571,0.5278688524590164,True,252,0.9999315746157404,29,2026-08-15T16:28:55
709,fraction_geometry,sentence,0.1,345_2,345,26345,075c5cf8,en,256,1071,30,0.1171875,0.8828125,0.5321428571428571,0.5278688524590164,True,252,0.9999315746157404,29,2026-08-15T16:28:55
710,fraction_geometry,sentence,0.15,345_2,345,26345,075c5cf8,en,256,1058,56,0.21875,0.78125,0.5452380952380952,0.5278688524590164,True,252,0.9998773797580817,52,2026-08-15T16:28:55
711,fraction_geometry,sentence,0.2,345_2,345,26345,075c5cf8,en,256,1058,56,0.21875,0.78125,0.5452380952380952,0.5278688524590164,True,252,0.9998773797580817,52,2026-08-15T16:28:55
712,fraction_geometry,sentence,0.25,345_2,345,26345,075c5cf8,en,256,1065,90,0.3515625,0.6484375,0.5658730158730159,0.5278688524590164,True,252,0.9997958519642524,85,2026-08-15T16:28:55
713,fraction_geometry,sentence,0.3,345_2,345,26345,075c5cf8,en,256,1065,90,0.3515625,0.6484375,0.5658730158730159,0.5278688524590164,True,252,0.9997958519642524,85,2026-08-15T16:28:55
714,fraction_geometry,sentence,0.5,345_2,345,26345,075c5cf8,en,256,1067,155,0.60546875,0.39453125,0.6067460317460317,0.5278688524590164,True,252,0.9993757642282242,147,2026-08-15T16:28:55
715,fraction_geometry,sentence,0.75,345_2,345,26345,075c5cf8,en,256,1084,197,0.76953125,0.23046875,0.6333333333333333,0.5278688524590164,True,252,0.999032207263903,188,2026-08-15T16:28:55
716,fraction_geometry,sentence,1.0,345_2,345,26345,075c5cf8,en,256,1071,256,1.0,0.0,0.6682539682539682,0.5278688524590164,True,252,0.9984314495280545,244,2026-08-15T16:28:55
717,fraction_geometry,paragraph,0.02,345_2,345,26345,075c5cf8,en,256,1071,256,1.0,0.0,0.6682539682539682,0.5278688524590164,True,252,0.9984314495280545,244,2026-08-15T16:28:55
718,fraction_geometry,paragraph,0.05,345_2,345,26345,075c5cf8,en,256,1071,256,1.0,0.0,0.6682539682539682,0.5278688524590164,True,252,0.9984314495280545,244,2026-08-15T16:28:55
719,fraction_geometry,paragraph,0.1,345_2,345,26345,075c5cf8,en,256,1071,256,1.0,0.0,0.6682539682539682,0.5278688524590164,True,252,0.9984314495280545,244,2026-08-15T16:28:55
720,fraction_geometry,paragraph,0.15,345_2,345,26345,075c5cf8,en,256,1071,256,1.0,0.0,0.6682539682539682,0.5278688524590164,True,252,0.9984314495280545,244,2026-08-15T16:28:55
721,fraction_geometry,paragraph,0.2,345_2,345,26345,075c5cf8,en,256,1071,256,1.0,0.0,0.6682539682539682,0.5278688524590164,True,252,0.9984314495280545,244,2026-08-15T16:28:55
722,fraction_geometry,paragraph,0.25,345_2,345,26345,075c5cf8,en,256,1071,256,1.0,0.0,0.6682539682539682,0.5278688524590164,True,252,0.9984314495280545,244,2026-08-15T16:28:55
723,fraction_geometry,paragraph,0.3,345_2,345,26345,075c5cf8,en,256,1071,256,1.0,0.0,0.6682539682539682,0.5278688524590164,True,252,0.9984314495280545,244,2026-08-15T16:28:55
724,fraction_geometry,paragraph,0.5,345_2,345,26345,075c5cf8,en,256,1071,256,1.0,0.0,0.6682539682539682,0.5278688524590164,True,252,0.9984314495280545,244,2026-08-15T16:28:55
725,fraction_geometry,paragraph,0.75,345_2,345,26345,075c5cf8,en,256,1071,256,1.0,0.0,0.6682539682539682,0.5278688524590164,True,252,0.9984314495280545,244,2026-08-15T16:28:55
726,fraction_geometry,paragraph,1.0,345_2,345,26345,075c5cf8,en,256,1071,256,1.0,0.0,0.6682539682539682,0.5278688524590164,True,252,0.9984314495280545,244,2026-08-15T16:28:55
727,edit_mode,spelling,0.01953125,345_2,345,26345,075c5cf8,en,256,1089,5,0.01953125,0.98046875,0.5099206349206349,0.5278688524590164,False,252,0.9999850732803474,5,2026-08-15T16:28:55
728,edit_mode,grammar,0.0390625,345_2,345,26345,075c5cf8,en,256,1084,10,0.0390625,0.9609375,0.5087301587301587,0.5278688524590164,False,252,0.999963762448539,10,2026-08-15T16:28:55
729,edit_mode,punctuation,0.01953125,345_2,345,26345,075c5cf8,en,256,1089,5,0.01953125,0.98046875,0.5099206349206349,0.5278688524590164,False,252,0.9999850732803474,5,2026-08-15T16:28:55
730,edit_mode,light_copyedit,0.078125,345_2,345,26345,075c5cf8,en,256,1072,20,0.078125,0.921875,0.5142857142857142,0.5278688524590164,False,252,0.999964838129227,20,2026-08-15T16:28:55
731,edit_mode,sentence_rewrite,0.10546875,345_2,345,26345,075c5cf8,en,256,1096,27,0.10546875,0.89453125,0.5361111111111111,0.5278688524590164,True,252,0.9999708129941282,27,2026-08-15T16:28:55
732,edit_mode,paragraph_rewrite,1.0,345_2,345,26345,075c5cf8,en,256,1071,256,1.0,0.0,0.6682539682539682,0.5278688524590164,True,252,0.9984314495280545,244,2026-08-15T16:28:55
733,edit_mode,added_paragraph,0.16339869281045752,345_2,345,26345,075c5cf8,en,306,1330,50,0.16339869281045752,0.8366013071895425,0.5461538461538461,0.5278688524590164,True,299,0.9999747318645625,50,2026-08-15T16:28:55
734,edit_mode,ai_intro_conclusion,0.189873417721519,345_2,345,26345,075c5cf8,en,316,1347,60,0.189873417721519,0.810126582278481,0.5503205128205129,0.5278688524590164,True,312,0.9992786768855006,60,2026-08-15T16:28:55
735,baseline,human,0.0,345_3,345,27345,075c5cf8,en,256,1073,0,0.0,1.0,0.5031746031746032,0.5278688524590164,False,252,1.0000000000000002,0,2026-08-15T16:28:55
736,fraction_geometry,contiguous,0.02,345_3,345,27345,075c5cf8,en,256,1052,5,0.01953125,0.98046875,0.5031746031746032,0.5278688524590164,False,252,0.9998994490891081,5,2026-08-15T16:28:55
737,fraction_geometry,contiguous,0.05,345_3,345,27345,075c5cf8,en,256,1034,13,0.05078125,0.94921875,0.5126984126984127,0.5278688524590164,False,252,0.9998437171760314,13,2026-08-15T16:28:55
738,fraction_geometry,contiguous,0.1,345_3,345,27345,075c5cf8,en,256,1032,26,0.1015625,0.8984375,0.5218253968253969,0.5278688524590164,False,252,0.9998504687474036,26,2026-08-15T16:28:55
739,fraction_geometry,contiguous,0.15,345_3,345,27345,075c5cf8,en,256,1031,38,0.1484375,0.8515625,0.5277777777777778,0.5278688524590164,False,252,0.9996629165907931,38,2026-08-15T16:28:55
740,fraction_geometry,contiguous,0.2,345_3,345,27345,075c5cf8,en,256,1009,51,0.19921875,0.80078125,0.5388,0.5278688524590164,True,250,0.9995797956078002,50,2026-08-15T16:28:55
741,fraction_geometry,contiguous,0.25,345_3,345,27345,075c5cf8,en,256,984,64,0.25,0.75,0.5391836734693878,0.5278688524590164,True,245,0.9994682331428494,63,2026-08-15T16:28:55
742,fraction_geometry,contiguous,0.3,345_3,345,27345,075c5cf8,en,256,1003,77,0.30078125,0.69921875,0.5526530612244898,0.5278688524590164,True,245,0.9993299307516423,75,2026-08-15T16:28:55
743,fraction_geometry,contiguous,0.5,345_3,345,27345,075c5cf8,en,256,881,128,0.5,0.5,0.5681415929203539,0.5278688524590164,True,226,0.9988099339689589,126,2026-08-15T16:28:55
744,fraction_geometry,contiguous,0.75,345_3,345,27345,075c5cf8,en,256,715,192,0.75,0.25,0.6186868686868687,0.5278688524590164,True,198,0.9967596364890797,189,2026-08-15T16:28:55
745,fraction_geometry,contiguous,1.0,345_3,345,27345,075c5cf8,en,256,683,256,1.0,0.0,0.6460317460317461,0.5278688524590164,True,189,0.9954369431794688,251,2026-08-15T16:28:55
746,fraction_geometry,scattered,0.02,345_3,345,27345,075c5cf8,en,256,1084,5,0.01953125,0.98046875,0.5043650793650793,0.5278688524590164,False,252,0.999942786121437,5,2026-08-15T16:28:55
747,fraction_geometry,scattered,0.05,345_3,345,27345,075c5cf8,en,256,1062,13,0.05078125,0.94921875,0.501984126984127,0.5278688524590164,False,252,0.9999113784119763,13,2026-08-15T16:28:55
748,fraction_geometry,scattered,0.1,345_3,345,27345,075c5cf8,en,256,1057,26,0.1015625,0.8984375,0.5051587301587301,0.5278688524590164,False,252,0.9998910555790138,26,2026-08-15T16:28:55
749,fraction_geometry,scattered,0.15,345_3,345,27345,075c5cf8,en,256,1037,38,0.1484375,0.8515625,0.512,0.5278688524590164,False,250,0.9998749868905498,38,2026-08-15T16:28:55
750,fraction_geometry,scattered,0.2,345_3,345,27345,075c5cf8,en,256,1041,51,0.19921875,0.80078125,0.5176706827309236,0.5278688524590164,False,249,0.9998684834069417,51,2026-08-15T16:28:55
751,fraction_geometry,scattered,0.25,345_3,345,27345,075c5cf8,en,256,1049,64,0.25,0.75,0.5294354838709677,0.5278688524590164,True,248,0.9997799898393012,64,2026-08-15T16:28:55
752,fraction_geometry,scattered,0.3,345_3,345,27345,075c5cf8,en,256,1014,77,0.30078125,0.69921875,0.5299595141700405,0.5278688524590164,True,247,0.9992739387397288,77,2026-08-15T16:28:55
753,fraction_geometry,scattered,0.5,345_3,345,27345,075c5cf8,en,256,905,128,0.5,0.5,0.5450413223140496,0.5278688524590164,True,242,0.9985648709198668,127,2026-08-15T16:28:55
754,fraction_geometry,scattered,0.75,345_3,345,27345,075c5cf8,en,256,810,192,0.75,0.25,0.5747663551401869,0.5278688524590164,True,214,0.9973885606051985,190,2026-08-15T16:28:55
755,fraction_geometry,scattered,1.0,345_3,345,27345,075c5cf8,en,256,686,255,0.99609375,0.00390625,0.6461139896373057,0.5278688524590164,True,193,0.9958354835769823,251,2026-08-15T16:28:55
756,fraction_geometry,sentence,0.02,345_3,345,27345,075c5cf8,en,256,1082,19,0.07421875,0.92578125,0.5091269841269841,0.5278688524590164,False,252,0.9998799737986875,19,2026-08-15T16:28:55
757,fraction_geometry,sentence,0.05,345_3,345,27345,075c5cf8,en,256,1082,19,0.07421875,0.92578125,0.5091269841269841,0.5278688524590164,False,252,0.9998799737986875,19,2026-08-15T16:28:55
758,fraction_geometry,sentence,0.1,345_3,345,27345,075c5cf8,en,256,1019,52,0.203125,0.796875,0.5281746031746032,0.5278688524590164,True,252,0.9994154149802453,51,2026-08-15T16:28:55
759,fraction_geometry,sentence,0.15,345_3,345,27345,075c5cf8,en,256,1019,52,0.203125,0.796875,0.5281746031746032,0.5278688524590164,True,252,0.9994154149802453,51,2026-08-15T16:28:55
760,fraction_geometry,sentence,0.2,345_3,345,27345,075c5cf8,en,256,1019,52,0.203125,0.796875,0.5281746031746032,0.5278688524590164,True,252,0.9994154149802453,51,2026-08-15T16:28:55
761,fraction_geometry,sentence,0.25,345_3,345,27345,075c5cf8,en,256,988,92,0.359375,0.640625,0.5534412955465587,0.5278688524590164,True,247,0.9991157997721736,89,2026-08-15T16:28:55
762,fraction_geometry,sentence,0.3,345_3,345,27345,075c5cf8,en,256,988,92,0.359375,0.640625,0.5534412955465587,0.5278688524590164,True,247,0.9991157997721736,89,2026-08-15T16:28:55
763,fraction_geometry,sentence,0.5,345_3,345,27345,075c5cf8,en,256,922,131,0.51171875,0.48828125,0.5718487394957983,0.5278688524590164,True,238,0.9987179576508415,127,2026-08-15T16:28:55
764,fraction_geometry,sentence,0.75,345_3,345,27345,075c5cf8,en,256,719,224,0.875,0.125,0.6352941176470588,0.5278688524590164,True,204,0.9965530586284235,219,2026-08-15T16:28:55
765,fraction_geometry,sentence,1.0,345_3,345,27345,075c5cf8,en,256,683,256,1.0,0.0,0.6460317460317461,0.5278688524590164,True,189,0.9954369431794688,251,2026-08-15T16:28:55
766,fraction_geometry,paragraph,0.02,345_3,345,27345,075c5cf8,en,256,683,256,1.0,0.0,0.6460317460317461,0.5278688524590164,True,189,0.9954369431794688,251,2026-08-15T16:28:55
767,fraction_geometry,paragraph,0.05,345_3,345,27345,075c5cf8,en,256,683,256,1.0,0.0,0.6460317460317461,0.5278688524590164,True,189,0.9954369431794688,251,2026-08-15T16:28:55
768,fraction_geometry,paragraph,0.1,345_3,345,27345,075c5cf8,en,256,683,256,1.0,0.0,0.6460317460317461,0.5278688524590164,True,189,0.9954369431794688,251,2026-08-15T16:28:55
769,fraction_geometry,paragraph,0.15,345_3,345,27345,075c5cf8,en,256,683,256,1.0,0.0,0.6460317460317461,0.5278688524590164,True,189,0.9954369431794688,251,2026-08-15T16:28:55
770,fraction_geometry,paragraph,0.2,345_3,345,27345,075c5cf8,en,256,683,256,1.0,0.0,0.6460317460317461,0.5278688524590164,True,189,0.9954369431794688,251,2026-08-15T16:28:55
771,fraction_geometry,paragraph,0.25,345_3,345,27345,075c5cf8,en,256,683,256,1.0,0.0,0.6460317460317461,0.5278688524590164,True,189,0.9954369431794688,251,2026-08-15T16:28:55
772,fraction_geometry,paragraph,0.3,345_3,345,27345,075c5cf8,en,256,683,256,1.0,0.0,0.6460317460317461,0.5278688524590164,True,189,0.9954369431794688,251,2026-08-15T16:28:55
773,fraction_geometry,paragraph,0.5,345_3,345,27345,075c5cf8,en,256,683,256,1.0,0.0,0.6460317460317461,0.5278688524590164,True,189,0.9954369431794688,251,2026-08-15T16:28:55
774,fraction_geometry,paragraph,0.75,345_3,345,27345,075c5cf8,en,256,683,256,1.0,0.0,0.6460317460317461,0.5278688524590164,True,189,0.9954369431794688,251,2026-08-15T16:28:55
775,fraction_geometry,paragraph,1.0,345_3,345,27345,075c5cf8,en,256,683,256,1.0,0.0,0.6460317460317461,0.5278688524590164,True,189,0.9954369431794688,251,2026-08-15T16:28:55
776,edit_mode,spelling,0.01953125,345_3,345,27345,075c5cf8,en,256,1084,5,0.01953125,0.98046875,0.5043650793650793,0.5278688524590164,False,252,0.999942786121437,5,2026-08-15T16:28:55
777,edit_mode,grammar,0.0390625,345_3,345,27345,075c5cf8,en,256,1089,10,0.0390625,0.9609375,0.498015873015873,0.5278688524590164,False,252,0.9988237640844448,10,2026-08-15T16:28:55
778,edit_mode,punctuation,0.01953125,345_3,345,27345,075c5cf8,en,256,1084,5,0.01953125,0.98046875,0.5043650793650793,0.5278688524590164,False,252,0.999942786121437,5,2026-08-15T16:28:55
779,edit_mode,light_copyedit,0.078125,345_3,345,27345,075c5cf8,en,256,1093,20,0.078125,0.921875,0.49404761904761907,0.5278688524590164,False,252,0.9999330106096245,20,2026-08-15T16:28:55
780,edit_mode,sentence_rewrite,0.0625,345_3,345,27345,075c5cf8,en,256,1071,16,0.0625,0.9375,0.5079365079365079,0.5278688524590164,False,252,0.9999451510048099,16,2026-08-15T16:28:55
781,edit_mode,paragraph_rewrite,1.0,345_3,345,27345,075c5cf8,en,256,683,256,1.0,0.0,0.6460317460317461,0.5278688524590164,True,189,0.9954369431794688,251,2026-08-15T16:28:55
782,edit_mode,added_paragraph,0.16339869281045752,345_3,345,27345,075c5cf8,en,306,1203,50,0.16339869281045752,0.8366013071895425,0.5228668941979522,0.5278688524590164,False,293,0.9998646581258713,50,2026-08-15T16:28:55
783,edit_mode,ai_intro_conclusion,0.189873417721519,345_3,345,27345,075c5cf8,en,316,1274,60,0.189873417721519,0.810126582278481,0.5292604501607717,0.5278688524590164,True,311,0.9996398210814044,60,2026-08-15T16:28:55
784,baseline,human,0.0,98_0,98,28345,075c5cf8,en,245,1027,0,0.0,1.0,0.48686440677966103,0.5278688524590164,False,236,1.0000000000000002,0,2026-08-15T16:28:55
785,fraction_geometry,contiguous,0.02,98_0,98,28345,075c5cf8,en,245,1001,5,0.02040816326530612,0.9795918367346939,0.4808510638297872,0.5278688524590164,False,235,0.9998433590128999,5,2026-08-15T16:28:55
786,fraction_geometry,contiguous,0.05,98_0,98,28345,075c5cf8,en,245,972,12,0.04897959183673469,0.9510204081632653,0.4824561403508772,0.5278688524590164,False,228,0.9996914846960011,12,2026-08-15T16:28:55
787,fraction_geometry,contiguous,0.1,98_0,98,28345,075c5cf8,en,245,929,24,0.09795918367346938,0.9020408163265307,0.48148148148148145,0.5278688524590164,False,216,0.9992620023172715,24,2026-08-15T16:28:55
788,fraction_geometry,contiguous,0.15,98_0,98,28345,075c5cf8,en,245,900,37,0.1510204081632653,0.8489795918367347,0.47635467980295565,0.5278688524590164,False,203,0.9985874434651018,37,2026-08-15T16:28:55
789,fraction_geometry,contiguous,0.2,98_0,98,28345,075c5cf8,en,245,869,49,0.2,0.8,0.474869109947644,0.5278688524590164,False,191,0.9977946900309309,49,2026-08-15T16:28:55
790,fraction_geometry,contiguous,0.25,98_0,98,28345,075c5cf8,en,245,828,61,0.24897959183673468,0.7510204081632653,0.47039106145251397,0.5278688524590164,False,179,0.9964286854430027,61,2026-08-15T16:28:55
791,fraction_geometry,contiguous,0.3,98_0,98,28345,075c5cf8,en,245,778,74,0.3020408163265306,0.6979591836734693,0.4686746987951807,0.5278688524590164,False,166,0.9942648771979583,74,2026-08-15T16:28:55
792,fraction_geometry,contiguous,0.5,98_0,98,28345,075c5cf8,en,245,624,122,0.49795918367346936,0.5020408163265306,0.45901639344262296,0.5278688524590164,False,122,0.9738466303991593,122,2026-08-15T16:28:55
793,fraction_geometry,contiguous,0.75,98_0,98,28345,075c5cf8,en,245,420,184,0.7510204081632653,0.24897959183673468,0.47704918032786886,0.5278688524590164,False,61,0.8736062680464171,184,2026-08-15T16:28:55
794,fraction_geometry,contiguous,1.0,98_0,98,28345,075c5cf8,en,245,330,245,1.0,0.0,0.6181818181818182,0.5278688524590164,True,22,0.8050605443478422,244,2026-08-15T16:28:55
795,fraction_geometry,scattered,0.02,98_0,98,28345,075c5cf8,en,245,1019,5,0.02040816326530612,0.9795918367346939,0.4864406779661017,0.5278688524590164,False,236,0.9998700104665438,5,2026-08-15T16:28:55
796,fraction_geometry,scattered,0.05,98_0,98,28345,075c5cf8,en,245,1010,12,0.04897959183673469,0.9510204081632653,0.4911392405063291,0.5278688524590164,False,237,0.9997669170420778,12,2026-08-15T16:28:55
797,fraction_geometry,scattered,0.1,98_0,98,28345,075c5cf8,en,245,985,24,0.09795918367346938,0.9020408163265307,0.49094827586206896,0.5278688524590164,False,232,0.9997290307845892,24,2026-08-15T16:28:55
798,fraction_geometry,scattered,0.15,98_0,98,28345,075c5cf8,en,245,952,37,0.1510204081632653,0.8489795918367347,0.4900900900900901,0.5278688524590164,False,222,0.9993558219330386,37,2026-08-15T16:28:55
799,fraction_geometry,scattered,0.2,98_0,98,28345,075c5cf8,en,245,923,49,0.2,0.8,0.4867298578199052,0.5278688524590164,False,211,0.9990255458755809,49,2026-08-15T16:28:55
800,fraction_geometry,scattered,0.25,98_0,98,28345,075c5cf8,en,245,894,61,0.24897959183673468,0.7510204081632653,0.4975369458128079,0.5278688524590164,False,203,0.9985917413216642,61,2026-08-15T16:28:55
801,fraction_geometry,scattered,0.3,98_0,98,28345,075c5cf8,en,245,862,74,0.3020408163265306,0.6979591836734693,0.5010309278350515,0.5278688524590164,False,194,0.9975637087697156,74,2026-08-15T16:28:55
802,fraction_geometry,scattered,0.5,98_0,98,28345,075c5cf8,en,245,745,122,0.49795918367346936,0.5020408163265306,0.5159235668789809,0.5278688524590164,False,157,0.9917113431382389,121,2026-08-15T16:28:55
803,fraction_geometry,scattered,0.75,98_0,98,28345,075c5cf8,en,245,567,184,0.7510204081632653,0.24897959183673468,0.5326315789473685,0.5278688524590164,True,95,0.9423045682704034,183,2026-08-15T16:28:55
804,fraction_geometry,scattered,1.0,98_0,98,28345,075c5cf8,en,245,330,245,1.0,0.0,0.6181818181818182,0.5278688524590164,True,22,0.8050605443478422,244,2026-08-15T16:28:55
805,fraction_geometry,sentence,0.02,98_0,98,28345,075c5cf8,en,245,1052,16,0.0653061224489796,0.9346938775510204,0.4966244725738397,0.5278688524590164,False,237,0.9997220998407536,16,2026-08-15T16:28:55
806,fraction_geometry,sentence,0.05,98_0,98,28345,075c5cf8,en,245,1052,16,0.0653061224489796,0.9346938775510204,0.4966244725738397,0.5278688524590164,False,237,0.9997220998407536,16,2026-08-15T16:28:55
807,fraction_geometry,sentence,0.1,98_0,98,28345,075c5cf8,en,245,745,115,0.46938775510204084,0.5306122448979591,0.4925170068027211,0.5278688524590164,False,147,0.9887279731528159,114,2026-08-15T16:28:55
808,fraction_geometry,sentence,0.15,98_0,98,28345,075c5cf8,en,245,745,115,0.46938775510204084,0.5306122448979591,0.4925170068027211,0.5278688524590164,False,147,0.9887279731528159,114,2026-08-15T16:28:55
809,fraction_geometry,sentence,0.2,98_0,98,28345,075c5cf8,en,245,745,115,0.46938775510204084,0.5306122448979591,0.4925170068027211,0.5278688524590164,False,147,0.9887279731528159,114,2026-08-15T16:28:55
810,fraction_geometry,sentence,0.25,98_0,98,28345,075c5cf8,en,245,745,115,0.46938775510204084,0.5306122448979591,0.4925170068027211,0.5278688524590164,False,147,0.9887279731528159,114,2026-08-15T16:28:55
811,fraction_geometry,sentence,0.3,98_0,98,28345,075c5cf8,en,245,745,115,0.46938775510204084,0.5306122448979591,0.4925170068027211,0.5278688524590164,False,147,0.9887279731528159,114,2026-08-15T16:28:55
812,fraction_geometry,sentence,0.5,98_0,98,28345,075c5cf8,en,245,600,160,0.6530612244897959,0.34693877551020413,0.4971698113207547,0.5278688524590164,False,106,0.95982000595117,159,2026-08-15T16:28:55
813,fraction_geometry,sentence,0.75,98_0,98,28345,075c5cf8,en,245,330,245,1.0,0.0,0.6181818181818182,0.5278688524590164,True,22,0.8050605443478422,244,2026-08-15T16:28:55
814,fraction_geometry,sentence,1.0,98_0,98,28345,075c5cf8,en,245,330,245,1.0,0.0,0.6181818181818182,0.5278688524590164,True,22,0.8050605443478422,244,2026-08-15T16:28:55
815,fraction_geometry,paragraph,0.02,98_0,98,28345,075c5cf8,en,245,330,245,1.0,0.0,0.6181818181818182,0.5278688524590164,True,22,0.8050605443478422,244,2026-08-15T16:28:55
816,fraction_geometry,paragraph,0.05,98_0,98,28345,075c5cf8,en,245,330,245,1.0,0.0,0.6181818181818182,0.5278688524590164,True,22,0.8050605443478422,244,2026-08-15T16:28:55
817,fraction_geometry,paragraph,0.1,98_0,98,28345,075c5cf8,en,245,330,245,1.0,0.0,0.6181818181818182,0.5278688524590164,True,22,0.8050605443478422,244,2026-08-15T16:28:55
818,fraction_geometry,paragraph,0.15,98_0,98,28345,075c5cf8,en,245,330,245,1.0,0.0,0.6181818181818182,0.5278688524590164,True,22,0.8050605443478422,244,2026-08-15T16:28:55
819,fraction_geometry,paragraph,0.2,98_0,98,28345,075c5cf8,en,245,330,245,1.0,0.0,0.6181818181818182,0.5278688524590164,True,22,0.8050605443478422,244,2026-08-15T16:28:55
820,fraction_geometry,paragraph,0.25,98_0,98,28345,075c5cf8,en,245,330,245,1.0,0.0,0.6181818181818182,0.5278688524590164,True,22,0.8050605443478422,244,2026-08-15T16:28:55
821,fraction_geometry,paragraph,0.3,98_0,98,28345,075c5cf8,en,245,330,245,1.0,0.0,0.6181818181818182,0.5278688524590164,True,22,0.8050605443478422,244,2026-08-15T16:28:55
822,fraction_geometry,paragraph,0.5,98_0,98,28345,075c5cf8,en,245,330,245,1.0,0.0,0.6181818181818182,0.5278688524590164,True,22,0.8050605443478422,244,2026-08-15T16:28:55
823,fraction_geometry,paragraph,0.75,98_0,98,28345,075c5cf8,en,245,330,245,1.0,0.0,0.6181818181818182,0.5278688524590164,True,22,0.8050605443478422,244,2026-08-15T16:28:55
824,fraction_geometry,paragraph,1.0,98_0,98,28345,075c5cf8,en,245,330,245,1.0,0.0,0.6181818181818182,0.5278688524590164,True,22,0.8050605443478422,244,2026-08-15T16:28:55
825,edit_mode,spelling,0.02040816326530612,98_0,98,28345,075c5cf8,en,245,1019,5,0.02040816326530612,0.9795918367346939,0.4864406779661017,0.5278688524590164,False,236,0.9998700104665438,5,2026-08-15T16:28:55
826,edit_mode,grammar,0.04081632653061224,98_0,98,28345,075c5cf8,en,245,1002,10,0.04081632653061224,0.9591836734693877,0.4966244725738397,0.5278688524590164,False,237,0.9997331028093005,10,2026-08-15T16:28:55
827,edit_mode,punctuation,0.02040816326530612,98_0,98,28345,075c5cf8,en,245,1019,5,0.02040816326530612,0.9795918367346939,0.4864406779661017,0.5278688524590164,False,236,0.9998700104665438,5,2026-08-15T16:28:55
828,edit_mode,light_copyedit,0.08163265306122448,98_0,98,28345,075c5cf8,en,245,970,20,0.08163265306122448,0.9183673469387755,0.49240506329113926,0.5278688524590164,False,237,0.9996154165435197,20,2026-08-15T16:28:55
829,edit_mode,sentence_rewrite,0.1836734693877551,98_0,98,28345,075c5cf8,en,245,882,45,0.1836734693877551,0.8163265306122449,0.48743718592964824,0.5278688524590164,False,199,0.9971773278345089,45,2026-08-15T16:28:55
830,edit_mode,paragraph_rewrite,1.0,98_0,98,28345,075c5cf8,en,245,330,245,1.0,0.0,0.6181818181818182,0.5278688524590164,True,22,0.8050605443478422,244,2026-08-15T16:28:55
831,edit_mode,added_paragraph,0.1694915254237288,98_0,98,28345,075c5cf8,en,295,1234,50,0.1694915254237288,0.8305084745762712,0.512937062937063,0.5278688524590164,False,286,0.9999203612906216,50,2026-08-15T16:28:55
832,edit_mode,ai_intro_conclusion,0.19672131147540983,98_0,98,28345,075c5cf8,en,305,1264,60,0.19672131147540983,0.8032786885245902,0.50893470790378,0.5278688524590164,False,291,0.9994409286457709,60,2026-08-15T16:28:55
833,baseline,human,0.0,98_1,98,29345,075c5cf8,en,236,1036,0,0.0,1.0,0.5074561403508772,0.5278688524590164,False,228,1.0000000000000002,0,2026-08-15T16:28:55
834,fraction_geometry,contiguous,0.02,98_1,98,29345,075c5cf8,en,236,1020,5,0.0211864406779661,0.978813559322034,0.506578947368421,0.5278688524590164,False,228,0.9999249654144856,5,2026-08-15T16:28:55
835,fraction_geometry,contiguous,0.05,98_1,98,29345,075c5cf8,en,236,1007,12,0.05084745762711865,0.9491525423728814,0.5078947368421053,0.5278688524590164,False,228,0.999882119264238,12,2026-08-15T16:28:55
836,fraction_geometry,contiguous,0.1,98_1,98,29345,075c5cf8,en,236,996,24,0.1016949152542373,0.8983050847457628,0.5142857142857142,0.5278688524590164,False,224,0.9998034654514935,24,2026-08-15T16:28:55
837,fraction_geometry,contiguous,0.15,98_1,98,29345,075c5cf8,en,236,973,35,0.1483050847457627,0.8516949152542372,0.5188940092165899,0.5278688524590164,False,217,0.9997574904705013,35,2026-08-15T16:28:55
838,fraction_geometry,contiguous,0.2,98_1,98,29345,075c5cf8,en,236,947,47,0.19915254237288135,0.8008474576271186,0.520952380952381,0.5278688524590164,False,210,0.9994994281360629,47,2026-08-15T16:28:55
839,fraction_geometry,contiguous,0.25,98_1,98,29345,075c5cf8,en,236,941,59,0.25,0.75,0.5290476190476191,0.5278688524590164,True,210,0.9993551476110405,59,2026-08-15T16:28:55
840,fraction_geometry,contiguous,0.3,98_1,98,29345,075c5cf8,en,236,927,71,0.3008474576271186,0.6991525423728814,0.5344497607655503,0.5278688524590164,True,209,0.9990762606833785,70,2026-08-15T16:28:55
841,fraction_geometry,contiguous,0.5,98_1,98,29345,075c5cf8,en,236,952,118,0.5,0.5,0.5712264150943396,0.5278688524590164,True,212,0.998610848440787,116,2026-08-15T16:28:55
842,fraction_geometry,contiguous,0.75,98_1,98,29345,075c5cf8,en,236,929,177,0.75,0.25,0.6033175355450237,0.5278688524590164,True,211,0.9983409710509575,173,2026-08-15T16:28:55
843,fraction_geometry,contiguous,1.0,98_1,98,29345,075c5cf8,en,236,869,236,1.0,0.0,0.6519417475728155,0.5278688524590164,True,206,0.9964770853607573,229,2026-08-15T16:28:55
844,fraction_geometry,scattered,0.02,98_1,98,29345,075c5cf8,en,236,1034,5,0.0211864406779661,0.978813559322034,0.5074235807860262,0.5278688524590164,False,229,0.9999124915296405,5,2026-08-15T16:28:55
845,fraction_geometry,scattered,0.05,98_1,98,29345,075c5cf8,en,236,1029,12,0.05084745762711865,0.9491525423728814,0.5078602620087336,0.5278688524590164,False,229,0.999788882770259,12,2026-08-15T16:28:55
846,fraction_geometry,scattered,0.1,98_1,98,29345,075c5cf8,en,236,1015,24,0.1016949152542373,0.8983050847457628,0.5130434782608696,0.5278688524590164,False,230,0.9997550814121752,24,2026-08-15T16:28:55
847,fraction_geometry,scattered,0.15,98_1,98,29345,075c5cf8,en,236,1004,35,0.1483050847457627,0.8516949152542372,0.5282608695652173,0.5278688524590164,True,230,0.999539557072819,35,2026-08-15T16:28:55
848,fraction_geometry,scattered,0.2,98_1,98,29345,075c5cf8,en,236,998,47,0.19915254237288135,0.8008474576271186,0.5329004329004329,0.5278688524590164,True,231,0.999541181663143,46,2026-08-15T16:28:55
849,fraction_geometry,scattered,0.25,98_1,98,29345,075c5cf8,en,236,974,59,0.25,0.75,0.5393939393939394,0.5278688524590164,True,231,0.9993042995186148,58,2026-08-15T16:28:55
850,fraction_geometry,scattered,0.3,98_1,98,29345,075c5cf8,en,236,977,71,0.3008474576271186,0.6991525423728814,0.5458874458874459,0.5278688524590164,True,231,0.9991975392878873,70,2026-08-15T16:28:55
851,fraction_geometry,scattered,0.5,98_1,98,29345,075c5cf8,en,236,941,118,0.5,0.5,0.5825327510917031,0.5278688524590164,True,229,0.9988703683502589,117,2026-08-15T16:28:55
852,fraction_geometry,scattered,0.75,98_1,98,29345,075c5cf8,en,236,886,177,0.75,0.25,0.5981818181818181,0.5278688524590164,True,220,0.9982793230878559,175,2026-08-15T16:28:55
853,fraction_geometry,scattered,1.0,98_1,98,29345,075c5cf8,en,236,867,235,0.9957627118644068,0.004237288135593209,0.6485436893203883,0.5278688524590164,True,206,0.9965090500196524,229,2026-08-15T16:28:55
854,fraction_geometry,sentence,0.02,98_1,98,29345,075c5cf8,en,236,989,42,0.17796610169491525,0.8220338983050848,0.5346491228070176,0.5278688524590164,True,228,0.9996089845225175,41,2026-08-15T16:28:55
855,fraction_geometry,sentence,0.05,98_1,98,29345,075c5cf8,en,236,989,42,0.17796610169491525,0.8220338983050848,0.5346491228070176,0.5278688524590164,True,228,0.9996089845225175,41,2026-08-15T16:28:55
856,fraction_geometry,sentence,0.1,98_1,98,29345,075c5cf8,en,236,989,42,0.17796610169491525,0.8220338983050848,0.5346491228070176,0.5278688524590164,True,228,0.9996089845225175,41,2026-08-15T16:28:55
857,fraction_geometry,sentence,0.15,98_1,98,29345,075c5cf8,en,236,989,42,0.17796610169491525,0.8220338983050848,0.5346491228070176,0.5278688524590164,True,228,0.9996089845225175,41,2026-08-15T16:28:55
858,fraction_geometry,sentence,0.2,98_1,98,29345,075c5cf8,en,236,984,49,0.2076271186440678,0.7923728813559322,0.5351111111111111,0.5278688524590164,True,225,0.9996850429670445,48,2026-08-15T16:28:55
859,fraction_geometry,sentence,0.25,98_1,98,29345,075c5cf8,en,236,899,103,0.4364406779661017,0.5635593220338984,0.5593137254901961,0.5278688524590164,True,204,0.9983373393809151,100,2026-08-15T16:28:55
860,fraction_geometry,sentence,0.3,98_1,98,29345,075c5cf8,en,236,899,103,0.4364406779661017,0.5635593220338984,0.5593137254901961,0.5278688524590164,True,204,0.9983373393809151,100,2026-08-15T16:28:55
861,fraction_geometry,sentence,0.5,98_1,98,29345,075c5cf8,en,236,910,175,0.7415254237288136,0.2584745762711864,0.6087378640776699,0.5278688524590164,True,206,0.997275578914842,170,2026-08-15T16:28:55
862,fraction_geometry,sentence,0.75,98_1,98,29345,075c5cf8,en,236,911,188,0.7966101694915254,0.2033898305084746,0.616504854368932,0.5278688524590164,True,206,0.9970751573285977,183,2026-08-15T16:28:55
863,fraction_geometry,sentence,1.0,98_1,98,29345,075c5cf8,en,236,869,236,1.0,0.0,0.6519417475728155,0.5278688524590164,True,206,0.9964770853607573,229,2026-08-15T16:28:55
864,fraction_geometry,paragraph,0.02,98_1,98,29345,075c5cf8,en,236,910,176,0.7457627118644068,0.2542372881355932,0.6097087378640776,0.5278688524590164,True,206,0.9973457047108238,171,2026-08-15T16:28:55
865,fraction_geometry,paragraph,0.05,98_1,98,29345,075c5cf8,en,236,910,176,0.7457627118644068,0.2542372881355932,0.6097087378640776,0.5278688524590164,True,206,0.9973457047108238,171,2026-08-15T16:28:55
866,fraction_geometry,paragraph,0.1,98_1,98,29345,075c5cf8,en,236,910,176,0.7457627118644068,0.2542372881355932,0.6097087378640776,0.5278688524590164,True,206,0.9973457047108238,171,2026-08-15T16:28:55
867,fraction_geometry,paragraph,0.15,98_1,98,29345,075c5cf8,en,236,910,176,0.7457627118644068,0.2542372881355932,0.6097087378640776,0.5278688524590164,True,206,0.9973457047108238,171,2026-08-15T16:28:55
868,fraction_geometry,paragraph,0.2,98_1,98,29345,075c5cf8,en,236,910,176,0.7457627118644068,0.2542372881355932,0.6097087378640776,0.5278688524590164,True,206,0.9973457047108238,171,2026-08-15T16:28:55
869,fraction_geometry,paragraph,0.25,98_1,98,29345,075c5cf8,en,236,910,176,0.7457627118644068,0.2542372881355932,0.6097087378640776,0.5278688524590164,True,206,0.9973457047108238,171,2026-08-15T16:28:55
870,fraction_geometry,paragraph,0.3,98_1,98,29345,075c5cf8,en,236,910,176,0.7457627118644068,0.2542372881355932,0.6097087378640776,0.5278688524590164,True,206,0.9973457047108238,171,2026-08-15T16:28:55
871,fraction_geometry,paragraph,0.5,98_1,98,29345,075c5cf8,en,236,910,176,0.7457627118644068,0.2542372881355932,0.6097087378640776,0.5278688524590164,True,206,0.9973457047108238,171,2026-08-15T16:28:55
872,fraction_geometry,paragraph,0.75,98_1,98,29345,075c5cf8,en,236,869,236,1.0,0.0,0.6519417475728155,0.5278688524590164,True,206,0.9964770853607573,229,2026-08-15T16:28:55
873,fraction_geometry,paragraph,1.0,98_1,98,29345,075c5cf8,en,236,869,236,1.0,0.0,0.6519417475728155,0.5278688524590164,True,206,0.9964770853607573,229,2026-08-15T16:28:55
874,edit_mode,spelling,0.0211864406779661,98_1,98,29345,075c5cf8,en,236,1034,5,0.0211864406779661,0.978813559322034,0.5074235807860262,0.5278688524590164,False,229,0.9999124915296405,5,2026-08-15T16:28:55
875,edit_mode,grammar,0.038135593220338986,98_1,98,29345,075c5cf8,en,236,1046,9,0.038135593220338986,0.961864406779661,0.5013157894736842,0.5278688524590164,False,228,0.9998501307736853,8,2026-08-15T16:28:55
876,edit_mode,punctuation,0.0211864406779661,98_1,98,29345,075c5cf8,en,236,1034,5,0.0211864406779661,0.978813559322034,0.5074235807860262,0.5278688524590164,False,229,0.9999124915296405,5,2026-08-15T16:28:55
877,edit_mode,light_copyedit,0.08050847457627118,98_1,98,29345,075c5cf8,en,236,1049,19,0.08050847457627118,0.9194915254237288,0.5083333333333333,0.5278688524590164,False,228,0.9993757793319116,18,2026-08-15T16:28:55
878,edit_mode,sentence_rewrite,0.3050847457627119,98_1,98,29345,075c5cf8,en,236,1047,72,0.3050847457627119,0.6949152542372881,0.5547413793103448,0.5278688524590164,True,232,0.9995849999564514,71,2026-08-15T16:28:55
879,edit_mode,paragraph_rewrite,0.2542372881355932,98_1,98,29345,075c5cf8,en,236,995,60,0.2542372881355932,0.7457627118644068,0.540174672489083,0.5278688524590164,True,229,0.9998648732257914,59,2026-08-15T16:28:55
880,edit_mode,added_paragraph,0.17482517482517482,98_1,98,29345,075c5cf8,en,286,1283,50,0.17482517482517482,0.8251748251748252,0.5330935251798561,0.5278688524590164,True,278,0.9999674620686918,50,2026-08-15T16:28:55
881,edit_mode,ai_intro_conclusion,0.20270270270270271,98_1,98,29345,075c5cf8,en,296,1287,60,0.20270270270270271,0.7972972972972973,0.5350694444444445,0.5278688524590164,True,288,0.9998869508715268,60,2026-08-15T16:28:55
882,baseline,human,0.0,98_2,98,30345,075c5cf8,en,256,1128,0,0.0,1.0,0.4951219512195122,0.5278688524590164,False,246,1.0000000000000002,0,2026-08-15T16:28:55
883,fraction_geometry,contiguous,0.02,98_2,98,30345,075c5cf8,en,256,1108,5,0.01953125,0.98046875,0.4947154471544715,0.5278688524590164,False,246,0.999985249559226,4,2026-08-15T16:28:55
884,fraction_geometry,contiguous,0.05,98_2,98,30345,075c5cf8,en,256,1096,13,0.05078125,0.94921875,0.5016260162601626,0.5278688524590164,False,246,0.9999230035955852,12,2026-08-15T16:28:55
885,fraction_geometry,contiguous,0.1,98_2,98,30345,075c5cf8,en,256,1105,26,0.1015625,0.8984375,0.5097560975609756,0.5278688524590164,False,246,0.9999046227575067,25,2026-08-15T16:28:55
886,fraction_geometry,contiguous,0.15,98_2,98,30345,075c5cf8,en,256,1096,38,0.1484375,0.8515625,0.5134146341463415,0.5278688524590164,False,246,0.9998728416512952,37,2026-08-15T16:28:55
887,fraction_geometry,contiguous,0.2,98_2,98,30345,075c5cf8,en,256,1085,51,0.19921875,0.80078125,0.5199186991869919,0.5278688524590164,False,246,0.9998266919168788,50,2026-08-15T16:28:55
888,fraction_geometry,contiguous,0.25,98_2,98,30345,075c5cf8,en,256,1046,64,0.25,0.75,0.5288617886178861,0.5278688524590164,True,246,0.9995647621262345,63,2026-08-15T16:28:55
889,fraction_geometry,contiguous,0.3,98_2,98,30345,075c5cf8,en,256,1034,77,0.30078125,0.69921875,0.5401606425702812,0.5278688524590164,True,249,0.9994466690061076,75,2026-08-15T16:28:55
890,fraction_geometry,contiguous,0.5,98_2,98,30345,075c5cf8,en,256,926,128,0.5,0.5,0.5679324894514768,0.5278688524590164,True,237,0.998642557731877,125,2026-08-15T16:28:55
891,fraction_geometry,contiguous,0.75,98_2,98,30345,075c5cf8,en,256,843,192,0.75,0.25,0.6099137931034483,0.5278688524590164,True,232,0.9982286528795881,186,2026-08-15T16:28:55
892,fraction_geometry,contiguous,1.0,98_2,98,30345,075c5cf8,en,256,798,256,1.0,0.0,0.6599137931034482,0.5278688524590164,True,232,0.9982071019835738,247,2026-08-15T16:28:55
893,fraction_geometry,scattered,0.02,98_2,98,30345,075c5cf8,en,256,1123,5,0.01953125,0.98046875,0.4926829268292683,0.5278688524590164,False,246,0.9999826160191434,5,2026-08-15T16:28:55
894,fraction_geometry,scattered,0.05,98_2,98,30345,075c5cf8,en,256,1116,13,0.05078125,0.94921875,0.4959349593495935,0.5278688524590164,False,246,0.999973743276268,13,2026-08-15T16:28:55
895,fraction_geometry,scattered,0.1,98_2,98,30345,075c5cf8,en,256,1097,26,0.1015625,0.8984375,0.49835390946502056,0.5278688524590164,False,243,0.9999595647539214,26,2026-08-15T16:28:55
896,fraction_geometry,scattered,0.15,98_2,98,30345,075c5cf8,en,256,1093,38,0.1484375,0.8515625,0.5115702479338843,0.5278688524590164,False,242,0.9997056123553192,38,2026-08-15T16:28:55
897,fraction_geometry,scattered,0.2,98_2,98,30345,075c5cf8,en,256,1075,51,0.19921875,0.80078125,0.518595041322314,0.5278688524590164,False,242,0.9995243976881881,51,2026-08-15T16:28:55
898,fraction_geometry,scattered,0.25,98_2,98,30345,075c5cf8,en,256,1060,64,0.25,0.75,0.5256198347107438,0.5278688524590164,False,242,0.9993672294259642,63,2026-08-15T16:28:55
899,fraction_geometry,scattered,0.3,98_2,98,30345,075c5cf8,en,256,1043,77,0.30078125,0.69921875,0.5367768595041322,0.5278688524590164,True,242,0.9996001308708402,76,2026-08-15T16:28:55
900,fraction_geometry,scattered,0.5,98_2,98,30345,075c5cf8,en,256,961,128,0.5,0.5,0.5669387755102041,0.5278688524590164,True,245,0.999365613013891,127,2026-08-15T16:28:55
901,fraction_geometry,scattered,0.75,98_2,98,30345,075c5cf8,en,256,885,192,0.75,0.25,0.6062761506276151,0.5278688524590164,True,239,0.9990390734732816,189,2026-08-15T16:28:55
902,fraction_geometry,scattered,1.0,98_2,98,30345,075c5cf8,en,256,799,255,0.99609375,0.00390625,0.6551724137931034,0.5278688524590164,True,232,0.9981875941887528,247,2026-08-15T16:28:55
903,fraction_geometry,sentence,0.02,98_2,98,30345,075c5cf8,en,256,1090,41,0.16015625,0.83984375,0.5284552845528455,0.5278688524590164,True,246,0.9997128679756615,39,2026-08-15T16:28:55
904,fraction_geometry,sentence,0.05,98_2,98,30345,075c5cf8,en,256,1090,41,0.16015625,0.83984375,0.5284552845528455,0.5278688524590164,True,246,0.9997128679756615,39,2026-08-15T16:28:55
905,fraction_geometry,sentence,0.1,98_2,98,30345,075c5cf8,en,256,1090,41,0.16015625,0.83984375,0.5284552845528455,0.5278688524590164,True,246,0.9997128679756615,39,2026-08-15T16:28:55
906,fraction_geometry,sentence,0.15,98_2,98,30345,075c5cf8,en,256,1090,41,0.16015625,0.83984375,0.5284552845528455,0.5278688524590164,True,246,0.9997128679756615,39,2026-08-15T16:28:55
907,fraction_geometry,sentence,0.2,98_2,98,30345,075c5cf8,en,256,1066,57,0.22265625,0.77734375,0.5365853658536586,0.5278688524590164,True,246,0.9996378892363516,55,2026-08-15T16:28:55
908,fraction_geometry,sentence,0.25,98_2,98,30345,075c5cf8,en,256,1041,92,0.359375,0.640625,0.5548780487804879,0.5278688524590164,True,246,0.9993948877690535,90,2026-08-15T16:28:55
909,fraction_geometry,sentence,0.3,98_2,98,30345,075c5cf8,en,256,1041,92,0.359375,0.640625,0.5548780487804879,0.5278688524590164,True,246,0.9993948877690535,90,2026-08-15T16:28:55
910,fraction_geometry,sentence,0.5,98_2,98,30345,075c5cf8,en,256,941,143,0.55859375,0.44140625,0.593801652892562,0.5278688524590164,True,242,0.9990595864781537,139,2026-08-15T16:28:55
911,fraction_geometry,sentence,0.75,98_2,98,30345,075c5cf8,en,256,827,213,0.83203125,0.16796875,0.628448275862069,0.5278688524590164,True,232,0.9981199590926665,207,2026-08-15T16:28:55
912,fraction_geometry,sentence,1.0,98_2,98,30345,075c5cf8,en,256,798,256,1.0,0.0,0.6599137931034482,0.5278688524590164,True,232,0.9982071019835738,247,2026-08-15T16:28:55
913,fraction_geometry,paragraph,0.02,98_2,98,30345,075c5cf8,en,256,995,117,0.45703125,0.54296875,0.5748,0.5278688524590164,True,250,0.9992619477447541,114,2026-08-15T16:28:55
914,fraction_geometry,paragraph,0.05,98_2,98,30345,075c5cf8,en,256,995,117,0.45703125,0.54296875,0.5748,0.5278688524590164,True,250,0.9992619477447541,114,2026-08-15T16:28:55
915,fraction_geometry,paragraph,0.1,98_2,98,30345,075c5cf8,en,256,995,117,0.45703125,0.54296875,0.5748,0.5278688524590164,True,250,0.9992619477447541,114,2026-08-15T16:28:55
916,fraction_geometry,paragraph,0.15,98_2,98,30345,075c5cf8,en,256,995,117,0.45703125,0.54296875,0.5748,0.5278688524590164,True,250,0.9992619477447541,114,2026-08-15T16:28:55
917,fraction_geometry,paragraph,0.2,98_2,98,30345,075c5cf8,en,256,995,117,0.45703125,0.54296875,0.5748,0.5278688524590164,True,250,0.9992619477447541,114,2026-08-15T16:28:55
918,fraction_geometry,paragraph,0.25,98_2,98,30345,075c5cf8,en,256,995,117,0.45703125,0.54296875,0.5748,0.5278688524590164,True,250,0.9992619477447541,114,2026-08-15T16:28:55
919,fraction_geometry,paragraph,0.3,98_2,98,30345,075c5cf8,en,256,995,117,0.45703125,0.54296875,0.5748,0.5278688524590164,True,250,0.9992619477447541,114,2026-08-15T16:28:55
920,fraction_geometry,paragraph,0.5,98_2,98,30345,075c5cf8,en,256,806,206,0.8046875,0.1953125,0.6270386266094421,0.5278688524590164,True,233,0.9978189104838885,200,2026-08-15T16:28:55
921,fraction_geometry,paragraph,0.75,98_2,98,30345,075c5cf8,en,256,806,206,0.8046875,0.1953125,0.6270386266094421,0.5278688524590164,True,233,0.9978189104838885,200,2026-08-15T16:28:55
922,fraction_geometry,paragraph,1.0,98_2,98,30345,075c5cf8,en,256,798,256,1.0,0.0,0.6599137931034482,0.5278688524590164,True,232,0.9982071019835738,247,2026-08-15T16:28:55
923,edit_mode,spelling,0.01953125,98_2,98,30345,075c5cf8,en,256,1123,5,0.01953125,0.98046875,0.4926829268292683,0.5278688524590164,False,246,0.9999826160191434,5,2026-08-15T16:28:55
924,edit_mode,grammar,0.0390625,98_2,98,30345,075c5cf8,en,256,1136,10,0.0390625,0.9609375,0.4976,0.5278688524590164,False,250,0.9997860290720286,10,2026-08-15T16:28:55
925,edit_mode,punctuation,0.01953125,98_2,98,30345,075c5cf8,en,256,1123,5,0.01953125,0.98046875,0.4926829268292683,0.5278688524590164,False,246,0.9999826160191434,5,2026-08-15T16:28:55
926,edit_mode,light_copyedit,0.078125,98_2,98,30345,075c5cf8,en,256,1139,20,0.078125,0.921875,0.4924,0.5278688524590164,False,250,0.9999551718877806,20,2026-08-15T16:28:55
927,edit_mode,sentence_rewrite,0.07421875,98_2,98,30345,075c5cf8,en,256,1085,19,0.07421875,0.92578125,0.4971774193548387,0.5278688524590164,False,248,0.9998766159936338,19,2026-08-15T16:28:55
928,edit_mode,paragraph_rewrite,0.34765625,98_2,98,30345,075c5cf8,en,256,939,89,0.34765625,0.65234375,0.5381974248927038,0.5278688524590164,True,233,0.999242095035019,87,2026-08-15T16:28:55
929,edit_mode,added_paragraph,0.16339869281045752,98_2,98,30345,075c5cf8,en,306,1317,50,0.16339869281045752,0.8366013071895425,0.5200680272108843,0.5278688524590164,False,294,0.9999568347103006,50,2026-08-15T16:28:55
930,edit_mode,ai_intro_conclusion,0.189873417721519,98_2,98,30345,075c5cf8,en,316,1358,60,0.189873417721519,0.810126582278481,0.5259016393442623,0.5278688524590164,False,305,0.9998355469005266,60,2026-08-15T16:28:55
931,baseline,human,0.0,98_3,98,31345,075c5cf8,en,252,1071,0,0.0,1.0,0.5181451612903226,0.5278688524590164,False,248,1.0,0,2026-08-15T16:28:55
932,fraction_geometry,contiguous,0.02,98_3,98,31345,075c5cf8,en,252,1067,5,0.01984126984126984,0.9801587301587301,0.5173387096774194,0.5278688524590164,False,248,0.9994927209691072,5,2026-08-15T16:28:55
933,fraction_geometry,contiguous,0.05,98_3,98,31345,075c5cf8,en,252,1082,13,0.051587301587301584,0.9484126984126984,0.5209677419354839,0.5278688524590164,False,248,0.9995426290740362,13,2026-08-15T16:28:55
934,fraction_geometry,contiguous,0.1,98_3,98,31345,075c5cf8,en,252,1094,25,0.0992063492063492,0.9007936507936508,0.5209677419354839,0.5278688524590164,False,248,0.9994469992280138,25,2026-08-15T16:28:55
935,fraction_geometry,contiguous,0.15,98_3,98,31345,075c5cf8,en,252,1123,38,0.15079365079365079,0.8492063492063492,0.5314516129032258,0.5278688524590164,True,248,0.9993874168629024,38,2026-08-15T16:28:55
936,fraction_geometry,contiguous,0.2,98_3,98,31345,075c5cf8,en,252,1133,50,0.1984126984126984,0.8015873015873016,0.5411290322580645,0.5278688524590164,True,248,0.9995555539279702,49,2026-08-15T16:28:55
937,fraction_geometry,contiguous,0.25,98_3,98,31345,075c5cf8,en,252,1152,63,0.25,0.75,0.5471774193548387,0.5278688524590164,True,248,0.9993090638772475,62,2026-08-15T16:28:55
938,fraction_geometry,contiguous,0.3,98_3,98,31345,075c5cf8,en,252,1164,76,0.30158730158730157,0.6984126984126984,0.5616935483870967,0.5278688524590164,True,248,0.9991132591509906,75,2026-08-15T16:28:55
939,fraction_geometry,contiguous,0.5,98_3,98,31345,075c5cf8,en,252,1148,126,0.5,0.5,0.5783549783549784,0.5278688524590164,True,231,0.9987815216636349,123,2026-08-15T16:28:55
940,fraction_geometry,contiguous,0.75,98_3,98,31345,075c5cf8,en,252,1212,189,0.75,0.25,0.6005813953488373,0.5278688524590164,True,172,0.9947600165535977,184,2026-08-15T16:28:55
941,fraction_geometry,contiguous,1.0,98_3,98,31345,075c5cf8,en,252,1210,252,1.0,0.0,0.645578231292517,0.5278688524590164,True,147,0.9811918983622676,243,2026-08-15T16:28:55
942,fraction_geometry,scattered,0.02,98_3,98,31345,075c5cf8,en,252,1070,5,0.01984126984126984,0.9801587301587301,0.5237903225806452,0.5278688524590164,False,248,0.9999818677952591,5,2026-08-15T16:28:55
943,fraction_geometry,scattered,0.05,98_3,98,31345,075c5cf8,en,252,1081,13,0.051587301587301584,0.9484126984126984,0.5258064516129032,0.5278688524590164,False,248,0.9999611910194972,13,2026-08-15T16:28:55
944,fraction_geometry,scattered,0.1,98_3,98,31345,075c5cf8,en,252,1101,25,0.0992063492063492,0.9007936507936508,0.5262096774193549,0.5278688524590164,False,248,0.999796808920843,25,2026-08-15T16:28:55
945,fraction_geometry,scattered,0.15,98_3,98,31345,075c5cf8,en,252,1090,38,0.15079365079365079,0.8492063492063492,0.5391129032258064,0.5278688524590164,True,248,0.9996898762591433,38,2026-08-15T16:28:55
946,fraction_geometry,scattered,0.2,98_3,98,31345,075c5cf8,en,252,1098,50,0.1984126984126984,0.8015873015873016,0.5403225806451613,0.5278688524590164,True,248,0.9996783187105516,50,2026-08-15T16:28:55
947,fraction_geometry,scattered,0.25,98_3,98,31345,075c5cf8,en,252,1111,63,0.25,0.75,0.5417004048582996,0.5278688524590164,True,247,0.9995056210189911,63,2026-08-15T16:28:55
948,fraction_geometry,scattered,0.3,98_3,98,31345,075c5cf8,en,252,1123,76,0.30158730158730157,0.6984126984126984,0.5540650406504065,0.5278688524590164,True,246,0.9983278265116204,76,2026-08-15T16:28:55
949,fraction_geometry,scattered,0.5,98_3,98,31345,075c5cf8,en,252,1185,126,0.5,0.5,0.5613953488372093,0.5278688524590164,True,215,0.9989320125493694,123,2026-08-15T16:28:55
950,fraction_geometry,scattered,0.75,98_3,98,31345,075c5cf8,en,252,1177,189,0.75,0.25,0.5910994764397905,0.5278688524590164,True,191,0.997425415535219,186,2026-08-15T16:28:55
951,fraction_geometry,scattered,1.0,98_3,98,31345,075c5cf8,en,252,1211,251,0.996031746031746,0.003968253968253954,0.6450331125827815,0.5278688524590164,True,151,0.9844045954253438,243,2026-08-15T16:28:55
952,fraction_geometry,sentence,0.02,98_3,98,31345,075c5cf8,en,252,1136,96,0.38095238095238093,0.6190476190476191,0.5600806451612903,0.5278688524590164,True,248,0.9988171587422624,94,2026-08-15T16:28:55
953,fraction_geometry,sentence,0.05,98_3,98,31345,075c5cf8,en,252,1136,96,0.38095238095238093,0.6190476190476191,0.5600806451612903,0.5278688524590164,True,248,0.9988171587422624,94,2026-08-15T16:28:55
954,fraction_geometry,sentence,0.1,98_3,98,31345,075c5cf8,en,252,1136,96,0.38095238095238093,0.6190476190476191,0.5600806451612903,0.5278688524590164,True,248,0.9988171587422624,94,2026-08-15T16:28:55
955,fraction_geometry,sentence,0.15,98_3,98,31345,075c5cf8,en,252,1136,96,0.38095238095238093,0.6190476190476191,0.5600806451612903,0.5278688524590164,True,248,0.9988171587422624,94,2026-08-15T16:28:55
956,fraction_geometry,sentence,0.2,98_3,98,31345,075c5cf8,en,252,1136,96,0.38095238095238093,0.6190476190476191,0.5600806451612903,0.5278688524590164,True,248,0.9988171587422624,94,2026-08-15T16:28:55
957,fraction_geometry,sentence,0.25,98_3,98,31345,075c5cf8,en,252,1136,96,0.38095238095238093,0.6190476190476191,0.5600806451612903,0.5278688524590164,True,248,0.9988171587422624,94,2026-08-15T16:28:55
958,fraction_geometry,sentence,0.3,98_3,98,31345,075c5cf8,en,252,1136,96,0.38095238095238093,0.6190476190476191,0.5600806451612903,0.5278688524590164,True,248,0.9988171587422624,94,2026-08-15T16:28:55
959,fraction_geometry,sentence,0.5,98_3,98,31345,075c5cf8,en,252,1132,129,0.5119047619047619,0.48809523809523814,0.5935483870967742,0.5278688524590164,True,248,0.9983625459108109,126,2026-08-15T16:28:55
960,fraction_geometry,sentence,0.75,98_3,98,31345,075c5cf8,en,252,1149,189,0.75,0.25,0.6131707317073171,0.5278688524590164,True,205,0.9963703714993064,184,2026-08-15T16:28:55
961,fraction_geometry,sentence,1.0,98_3,98,31345,075c5cf8,en,252,1210,252,1.0,0.0,0.645578231292517,0.5278688524590164,True,147,0.9811918983622676,243,2026-08-15T16:28:55
962,fraction_geometry,paragraph,0.02,98_3,98,31345,075c5cf8,en,252,1210,252,1.0,0.0,0.645578231292517,0.5278688524590164,True,147,0.9811918983622676,243,2026-08-15T16:28:55
963,fraction_geometry,paragraph,0.05,98_3,98,31345,075c5cf8,en,252,1210,252,1.0,0.0,0.645578231292517,0.5278688524590164,True,147,0.9811918983622676,243,2026-08-15T16:28:55
964,fraction_geometry,paragraph,0.1,98_3,98,31345,075c5cf8,en,252,1210,252,1.0,0.0,0.645578231292517,0.5278688524590164,True,147,0.9811918983622676,243,2026-08-15T16:28:55
965,fraction_geometry,paragraph,0.15,98_3,98,31345,075c5cf8,en,252,1210,252,1.0,0.0,0.645578231292517,0.5278688524590164,True,147,0.9811918983622676,243,2026-08-15T16:28:55
966,fraction_geometry,paragraph,0.2,98_3,98,31345,075c5cf8,en,252,1210,252,1.0,0.0,0.645578231292517,0.5278688524590164,True,147,0.9811918983622676,243,2026-08-15T16:28:55
967,fraction_geometry,paragraph,0.25,98_3,98,31345,075c5cf8,en,252,1210,252,1.0,0.0,0.645578231292517,0.5278688524590164,True,147,0.9811918983622676,243,2026-08-15T16:28:55
968,fraction_geometry,paragraph,0.3,98_3,98,31345,075c5cf8,en,252,1210,252,1.0,0.0,0.645578231292517,0.5278688524590164,True,147,0.9811918983622676,243,2026-08-15T16:28:55
969,fraction_geometry,paragraph,0.5,98_3,98,31345,075c5cf8,en,252,1210,252,1.0,0.0,0.645578231292517,0.5278688524590164,True,147,0.9811918983622676,243,2026-08-15T16:28:55
970,fraction_geometry,paragraph,0.75,98_3,98,31345,075c5cf8,en,252,1210,252,1.0,0.0,0.645578231292517,0.5278688524590164,True,147,0.9811918983622676,243,2026-08-15T16:28:55
971,fraction_geometry,paragraph,1.0,98_3,98,31345,075c5cf8,en,252,1210,252,1.0,0.0,0.645578231292517,0.5278688524590164,True,147,0.9811918983622676,243,2026-08-15T16:28:55
972,edit_mode,spelling,0.01984126984126984,98_3,98,31345,075c5cf8,en,252,1070,5,0.01984126984126984,0.9801587301587301,0.5237903225806452,0.5278688524590164,False,248,0.9999818677952591,5,2026-08-15T16:28:55
973,edit_mode,grammar,0.03968253968253968,98_3,98,31345,075c5cf8,en,252,1083,10,0.03968253968253968,0.9603174603174603,0.5092741935483871,0.5278688524590164,False,248,0.9998706590939399,10,2026-08-15T16:28:55
974,edit_mode,punctuation,0.01984126984126984,98_3,98,31345,075c5cf8,en,252,1070,5,0.01984126984126984,0.9801587301587301,0.5237903225806452,0.5278688524590164,False,248,0.9999818677952591,5,2026-08-15T16:28:55
975,edit_mode,light_copyedit,0.07936507936507936,98_3,98,31345,075c5cf8,en,252,1104,20,0.07936507936507936,0.9206349206349207,0.5108870967741935,0.5278688524590164,False,248,0.9998746459994658,20,2026-08-15T16:28:55
976,edit_mode,sentence_rewrite,0.23809523809523808,98_3,98,31345,075c5cf8,en,252,1088,60,0.23809523809523808,0.7619047619047619,0.5422131147540984,0.5278688524590164,True,244,0.9997497420432833,59,2026-08-15T16:28:55
977,edit_mode,paragraph_rewrite,1.0,98_3,98,31345,075c5cf8,en,252,1210,252,1.0,0.0,0.645578231292517,0.5278688524590164,True,147,0.9811918983622676,243,2026-08-15T16:28:55
978,edit_mode,added_paragraph,0.16556291390728478,98_3,98,31345,075c5cf8,en,302,1267,50,0.16556291390728478,0.8344370860927153,0.5368243243243244,0.5278688524590164,True,296,0.9999563438218759,50,2026-08-15T16:28:55
979,edit_mode,ai_intro_conclusion,0.19230769230769232,98_3,98,31345,075c5cf8,en,312,1297,60,0.19230769230769232,0.8076923076923077,0.5337662337662338,0.5278688524590164,True,308,0.9996670416549965,60,2026-08-15T16:28:55
